"[25, 14, 27, 38, 56, 26, 14, 21, 34, 63, 68, 25, 13, 6, 50]",89.97619105691058
"[26, 13, 26, 41, 58, 31, 12, 21, 37, 65, 66, 19, 16, 4, 60]",72.81057825203239
"[29, 12, 26, 47, 58, 34, 15, 20, 31, 54, 64, 22, 15, 5, 65]",86.4806151761518
"[28, 12, 27, 42, 50, 32, 12, 27, 36, 65, 58, 19, 15, 4, 65]",72.44130318428165
"[29, 12, 27, 47, 57, 34, 12, 22, 34, 64, 60, 21, 13, 8, 65]",70.55157384823843
"[25, 16, 29, 33, 54, 31, 15, 22, 34, 63, 68, 19, 16, 5, 65]",72.72895799457973
"[25, 12, 28, 45, 57, 30, 14, 20, 33, 65, 60, 25, 13, 5, 64]",68.56487703252023
"[25, 13, 28, 43, 57, 31, 12, 21, 33, 65, 63, 19, 14, 5, 65]",50.28769004065049
"[28, 12, 28, 40, 62, 28, 15, 19, 35, 65, 63, 19, 15, 4, 65]",52.93031978319789
"[26, 14, 27, 43, 58, 33, 17, 23, 35, 64, 60, 19, 13, 6, 65]",52.71087093495942
"[28, 14, 27, 41, 59, 32, 12, 22, 31, 65, 66, 20, 13, 4, 55]",86.57550711382082
"[25, 12, 26, 48, 56, 32, 12, 20, 30, 65, 56, 22, 13, 5, 65]",74.29157215447141
"[25, 12, 26, 47, 56, 31, 12, 20, 31, 65, 56, 19, 15, 3, 52]",83.44263787262871
"[25, 12, 30, 38, 61, 30, 17, 19, 34, 60, 62, 25, 14, 5, 63]",80.82573543360422
"[33, 12, 28, 38, 59, 31, 12, 20, 31, 62, 70, 23, 14, 2, 56]",75.4572808265581
"[33, 16, 29, 43, 52, 29, 12, 20, 33, 65, 62, 27, 15, 4, 65]",69.10772764227647
"[25, 12, 28, 43, 58, 32, 17, 20, 35, 65, 65, 22, 14, 4, 64]",75.22147764227648
"[25, 18, 28, 42, 49, 33, 14, 25, 33, 65, 64, 19, 15, 4, 65]",76.4323590785908
"[32, 12, 31, 40, 56, 33, 12, 22, 30, 62, 63, 19, 13, 5, 58]",72.596445799458
"[25, 14, 29, 47, 56, 37, 13, 25, 39, 65, 68, 19, 14, 5, 65]",70.64732892953946
"[25, 14, 28, 48, 57, 25, 12, 26, 38, 65, 56, 19, 13, 4, 65]",76.9657947154472
"[28, 12, 28, 45, 55, 29, 12, 20, 35, 65, 65, 19, 13, 1, 65]",62.1619349593498
"[25, 12, 25, 48, 54, 33, 12, 22, 30, 65, 59, 19, 13, 2, 65]",45.32372628726301
"[26, 12, 28, 45, 55, 28, 12, 27, 31, 65, 56, 19, 17, 2, 65]",42.787669376693806
"[25, 12, 32, 48, 50, 32, 12, 22, 32, 65, 56, 22, 13, 5, 65]",46.84048204607041
"[25, 12, 32, 48, 53, 26, 13, 26, 34, 65, 61, 19, 13, 4, 65]",61.31602066395652
"[25, 12, 28, 48, 58, 30, 12, 27, 36, 65, 57, 19, 13, 5, 65]",46.62434959349584
"[30, 12, 29, 45, 57, 30, 12, 26, 35, 62, 60, 19, 13, 1, 65]",47.10506571815724
"[29, 12, 28, 35, 62, 25, 12, 25, 31, 65, 56, 19, 13, 5, 65]",44.97754336043359
"[25, 12, 27, 45, 57, 31, 12, 27, 33, 65, 58, 19, 16, 3, 65]",47.382569444444485
"[25, 12, 32, 45, 61, 30, 12, 27, 30, 65, 56, 19, 13, 2, 65]",70.69321747967477
"[25, 12, 30, 48, 46, 31, 12, 20, 30, 65, 56, 19, 13, 6, 65]",44.914848915989275
"[25, 12, 27, 48, 46, 28, 12, 20, 33, 65, 56, 19, 15, 3, 65]",56.69934214092141
"[25, 12, 32, 37, 62, 25, 15, 27, 36, 65, 63, 19, 13, 1, 65]",51.32100474254758
"[25, 12, 27, 41, 56, 28, 12, 21, 30, 65, 67, 19, 14, 3, 65]",70.07160128726265
"[30, 12, 30, 48, 57, 25, 12, 24, 35, 65, 62, 23, 13, 4, 65]",46.95984214092137
"[25, 12, 29, 48, 62, 31, 12, 27, 30, 65, 71, 19, 13, 2, 65]",52.8054559620595
"[25, 12, 26, 48, 58, 33, 12, 24, 30, 65, 56, 19, 13, 1, 65]",48.952781165311634
"[27, 12, 32, 46, 53, 25, 12, 27, 30, 65, 56, 19, 15, 3, 65]",53.34165040650398
"[25, 12, 28, 48, 56, 27, 12, 27, 36, 65, 64, 19, 15, 6, 65]",49.21746815718134
"[25, 12, 29, 48, 48, 25, 12, 27, 37, 65, 56, 19, 13, 2, 65]",44.82823814363143
"[31, 12, 32, 47, 48, 29, 12, 24, 32, 65, 56, 19, 13, 2, 65]",46.69003184281839
"[25, 12, 32, 48, 47, 26, 12, 27, 30, 65, 56, 19, 15, 1, 65]",46.07650338753381
"[25, 12, 30, 46, 54, 27, 12, 27, 33, 62, 56, 19, 17, 4, 65]",42.98111788617896
"[25, 12, 32, 48, 46, 28, 12, 26, 33, 65, 56, 20, 13, 1, 65]",44.88886111111114
"[25, 12, 29, 48, 48, 25, 12, 27, 34, 65, 56, 19, 13, 3, 65]",44.11735501355009
"[25, 12, 28, 48, 57, 32, 12, 27, 37, 63, 57, 19, 15, 4, 65]",46.25017378048763
"[34, 12, 30, 46, 53, 29, 12, 27, 36, 57, 56, 19, 13, 1, 65]",45.96871307588074
"[31, 12, 28, 34, 59, 25, 12, 27, 30, 65, 56, 20, 13, 5, 65]",43.63165379403795
"[28, 12, 30, 46, 50, 30, 12, 27, 35, 65, 57, 19, 18, 1, 65]",46.840013888888805
"[25, 12, 32, 48, 56, 27, 12, 27, 30, 65, 56, 19, 13, 2, 65]",45.195643631436326
"[26, 12, 32, 48, 42, 26, 12, 27, 30, 65, 56, 19, 13, 7, 65]",46.00653353658532
"[25, 12, 29, 48, 42, 26, 12, 27, 35, 59, 56, 19, 14, 4, 65]",44.30600948509481
"[25, 12, 30, 48, 57, 25, 12, 27, 34, 65, 65, 19, 13, 1, 65]",44.022701219512
"[25, 12, 28, 48, 47, 25, 12, 23, 30, 62, 56, 19, 17, 4, 65]",50.37181233062337
"[28, 12, 32, 48, 60, 25, 12, 27, 33, 61, 63, 19, 15, 5, 65]",47.03287635501363
"[25, 12, 29, 48, 61, 30, 12, 27, 31, 65, 64, 19, 18, 2, 65]",53.34526456639563
"[25, 12, 25, 48, 61, 30, 12, 25, 36, 65, 56, 19, 13, 2, 65]",45.18663888888898
"[25, 12, 32, 48, 52, 25, 12, 27, 30, 65, 56, 19, 15, 1, 65]",44.746011856368554
"[25, 12, 27, 48, 57, 25, 12, 27, 36, 65, 60, 19, 15, 5, 65]",47.275315040650355
"[25, 12, 30, 48, 49, 29, 12, 27, 33, 65, 56, 19, 15, 2, 65]",43.530018631436334
"[32, 12, 32, 47, 42, 29, 12, 27, 30, 65, 56, 20, 14, 3, 65]",43.96092784552833
"[29, 12, 32, 48, 46, 26, 12, 27, 30, 65, 56, 19, 18, 1, 65]",43.209289634146224
"[34, 12, 30, 46, 50, 30, 12, 27, 33, 58, 56, 19, 13, 4, 65]",43.60559417344163
"[25, 12, 32, 48, 50, 25, 12, 27, 34, 65, 56, 19, 13, 1, 65]",44.38137398373975
"[25, 12, 25, 48, 45, 31, 12, 27, 34, 65, 56, 19, 13, 4, 65]",43.27540176151736
"[31, 12, 29, 48, 56, 33, 12, 27, 36, 62, 58, 19, 16, 2, 65]",45.78363821138218
"[34, 12, 30, 46, 51, 30, 12, 27, 38, 57, 56, 19, 14, 1, 65]",45.48894681571819
"[28, 12, 29, 48, 46, 25, 12, 27, 30, 65, 56, 20, 15, 5, 65]",45.372021002710184
"[32, 12, 31, 45, 46, 30, 12, 27, 36, 65, 59, 19, 17, 1, 65]",44.057503048780326
"[28, 12, 32, 48, 49, 27, 12, 27, 36, 65, 56, 19, 13, 3, 65]",42.82405962059613
"[31, 12, 27, 48, 42, 25, 12, 27, 30, 65, 56, 19, 13, 5, 65]",43.70965176151756
"[25, 12, 26, 48, 42, 28, 12, 27, 35, 54, 56, 19, 14, 5, 65]",45.1444112466123
"[25, 13, 28, 48, 46, 29, 12, 27, 32, 65, 60, 19, 16, 1, 65]",47.263556571815734
"[25, 12, 28, 48, 46, 29, 12, 26, 33, 55, 56, 19, 16, 4, 65]",43.8416619241193
"[26, 12, 32, 48, 59, 26, 12, 27, 31, 58, 63, 19, 17, 5, 65]",45.544212059620705
"[25, 12, 32, 48, 59, 29, 12, 27, 36, 65, 56, 19, 23, 4, 65]",46.38286619241192
"[25, 12, 24, 46, 51, 28, 12, 26, 41, 65, 56, 19, 13, 3, 65]",43.645443766937575
"[32, 12, 28, 48, 51, 25, 12, 27, 30, 65, 56, 19, 14, 3, 65]",43.59015955284558
"[26, 12, 27, 46, 54, 25, 12, 27, 35, 65, 59, 19, 15, 3, 65]",44.14360331978313
"[26, 12, 31, 48, 47, 30, 12, 27, 30, 65, 56, 19, 20, 2, 65]",45.25065582655823
"[31, 12, 32, 48, 42, 25, 12, 27, 30, 65, 56, 19, 21, 2, 65]",42.95006470189702
"[33, 12, 32, 48, 44, 26, 12, 27, 30, 65, 56, 19, 21, 1, 65]",42.571532859078594
"[31, 12, 32, 48, 42, 31, 12, 27, 30, 63, 56, 19, 18, 2, 65]",43.08724051490515
"[25, 12, 32, 48, 46, 25, 12, 27, 32, 65, 56, 19, 22, 1, 65]",44.132626693766824
"[25, 12, 31, 48, 42, 37, 12, 27, 32, 64, 56, 19, 17, 4, 65]",44.78620901084028
"[36, 12, 32, 48, 49, 31, 12, 27, 30, 65, 57, 19, 17, 1, 65]",44.31328556910561
"[31, 12, 31, 48, 49, 26, 12, 27, 30, 57, 56, 19, 17, 1, 65]",42.93080081300814
"[26, 12, 32, 48, 42, 25, 12, 27, 30, 65, 56, 19, 21, 2, 65]",44.446620257452565
"[36, 12, 32, 46, 42, 28, 12, 27, 32, 65, 59, 19, 17, 1, 65]",44.87682283197845
"[35, 12, 32, 48, 42, 26, 12, 27, 36, 65, 56, 19, 13, 2, 65]",44.581454607046155
"[35, 12, 26, 46, 42, 25, 12, 27, 30, 65, 56, 19, 15, 4, 65]",44.69044546070468
"[26, 12, 24, 48, 42, 31, 12, 27, 31, 64, 56, 19, 15, 6, 65]",43.99377405149036
"[26, 13, 29, 48, 46, 32, 12, 27, 30, 65, 56, 19, 21, 1, 65]",46.5352415311653
"[27, 12, 32, 48, 42, 25, 12, 27, 34, 60, 56, 19, 17, 5, 65]",44.92940176151745
"[30, 12, 32, 48, 48, 27, 12, 27, 30, 56, 59, 19, 20, 4, 65]",46.93489193766948
"[26, 12, 32, 48, 45, 27, 12, 27, 33, 65, 56, 19, 23, 6, 65]",49.030934959349835
"[30, 12, 32, 46, 45, 26, 12, 27, 42, 65, 56, 19, 19, 3, 65]",44.00055487804903
"[39, 15, 32, 48, 45, 25, 12, 26, 30, 65, 56, 19, 19, 3, 65]",44.86047052845534
"[32, 12, 32, 45, 49, 27, 12, 27, 32, 65, 56, 19, 17, 1, 65]",45.004599254742516
"[29, 12, 31, 48, 46, 29, 12, 27, 31, 65, 56, 19, 17, 2, 65]",43.92911415989161
"[30, 12, 30, 48, 49, 25, 12, 27, 32, 65, 56, 19, 23, 3, 65]",44.232565040650556
"[34, 12, 32, 48, 45, 28, 12, 27, 30, 65, 56, 19, 23, 1, 65]",43.68328658536586
"[29, 12, 32, 48, 45, 25, 13, 27, 30, 65, 56, 19, 23, 1, 65]",42.176033197831984
"[26, 12, 32, 48, 43, 25, 12, 27, 30, 62, 56, 19, 23, 1, 65]",45.46040684281841
"[26, 12, 26, 47, 42, 35, 13, 27, 33, 61, 56, 19, 20, 4, 65]",43.443457994579774
"[36, 12, 32, 48, 44, 26, 12, 27, 30, 65, 56, 19, 18, 1, 65]",42.576214430894176
"[28, 12, 32, 48, 47, 25, 12, 27, 30, 62, 56, 19, 20, 1, 65]",41.47336449864497
"[29, 12, 32, 46, 42, 25, 12, 27, 30, 65, 56, 19, 23, 3, 65]",43.70881334688356
"[29, 12, 32, 47, 46, 27, 12, 27, 30, 61, 56, 20, 19, 1, 65]",44.88985569105695
"[32, 12, 32, 48, 53, 28, 12, 27, 31, 62, 56, 19, 14, 2, 65]",44.8236175474254
"[34, 12, 30, 41, 42, 26, 12, 27, 30, 63, 56, 19, 17, 2, 65]",44.072726626016426
"[29, 12, 25, 48, 42, 31, 12, 27, 30, 65, 56, 19, 16, 5, 65]",44.535195121951176
"[29, 12, 31, 48, 49, 28, 12, 27, 34, 65, 57, 19, 19, 1, 65]",44.29229505420059
"[31, 12, 32, 48, 42, 26, 12, 27, 30, 59, 56, 19, 17, 3, 65]",44.223412940379376
"[36, 12, 32, 48, 42, 27, 12, 27, 30, 57, 56, 19, 22, 3, 65]",44.71627676151736
"[30, 12, 32, 48, 42, 27, 12, 27, 31, 65, 59, 19, 22, 7, 65]",41.596675813008375
"[32, 12, 32, 43, 42, 33, 14, 27, 35, 65, 56, 19, 20, 3, 65]",44.24787398373976
"[38, 18, 32, 48, 47, 25, 12, 27, 30, 62, 56, 19, 17, 5, 63]",47.08125169376691
"[36, 12, 32, 46, 44, 29, 15, 27, 31, 65, 56, 19, 19, 2, 65]",44.35578150406499
"[31, 12, 30, 48, 45, 28, 12, 27, 35, 60, 56, 19, 14, 3, 65]",44.10263821138194
"[31, 14, 31, 45, 49, 29, 12, 27, 31, 65, 56, 19, 23, 4, 65]",43.41722222222209
"[31, 13, 32, 48, 47, 28, 12, 27, 30, 61, 56, 19, 19, 1, 65]",42.77565514905145
"[29, 12, 32, 46, 48, 25, 15, 27, 30, 54, 56, 19, 23, 1, 65]",45.56202642276432
"[33, 12, 31, 48, 42, 29, 12, 27, 30, 59, 56, 19, 19, 1, 65]",43.0257713414635
"[28, 12, 22, 42, 44, 26, 17, 27, 35, 65, 56, 19, 17, 3, 65]",45.08680623306233
"[33, 12, 32, 48, 49, 25, 12, 27, 30, 65, 56, 19, 20, 1, 65]",45.152912601626085
"[30, 12, 32, 48, 47, 25, 12, 27, 30, 61, 56, 19, 23, 1, 65]",45.50374424119228
"[33, 12, 27, 29, 57, 25, 12, 27, 31, 64, 56, 19, 13, 3, 65]",43.64446070460703
"[25, 12, 32, 48, 52, 27, 12, 27, 30, 56, 56, 20, 18, 1, 65]",43.92882859078575
"[27, 12, 32, 48, 61, 29, 12, 27, 30, 58, 56, 19, 16, 2, 65]",42.582114159891546
"[30, 12, 32, 40, 45, 27, 12, 27, 31, 55, 56, 19, 19, 1, 65]",43.512832994579924
"[30, 12, 32, 41, 42, 31, 12, 27, 30, 65, 56, 19, 18, 1, 65]",43.09869783197839
"[32, 12, 32, 47, 49, 25, 13, 27, 36, 65, 59, 19, 17, 1, 65]",43.75222831978323
"[34, 12, 32, 47, 45, 28, 12, 27, 30, 57, 56, 19, 17, 1, 65]",43.613769986449775
"[38, 12, 32, 48, 48, 25, 12, 27, 30, 52, 56, 19, 14, 2, 65]",45.63676592140931
"[34, 12, 32, 48, 42, 28, 12, 27, 30, 65, 64, 19, 20, 2, 65]",43.10116869918699
"[30, 12, 29, 42, 42, 35, 16, 27, 34, 65, 56, 19, 13, 3, 65]",44.438784891598964
"[32, 12, 32, 48, 56, 25, 15, 27, 30, 51, 56, 19, 16, 4, 63]",50.63305318428213
"[30, 12, 32, 48, 48, 29, 17, 27, 31, 65, 56, 19, 17, 2, 65]",42.83053658536601
"[29, 12, 30, 44, 50, 28, 12, 27, 32, 64, 56, 19, 23, 5, 65]",43.624197831978364
"[33, 16, 32, 41, 48, 33, 12, 27, 30, 65, 56, 19, 23, 5, 65]",40.13170765582655
"[32, 15, 32, 48, 48, 26, 12, 27, 30, 62, 56, 19, 23, 2, 65]",43.77957283197813
"[32, 12, 32, 44, 50, 25, 12, 27, 30, 59, 56, 19, 23, 3, 65]",42.813490176151866
"[35, 12, 29, 48, 51, 30, 12, 27, 30, 57, 56, 19, 20, 2, 65]",42.95599762872632
"[32, 12, 22, 31, 45, 25, 13, 27, 31, 65, 56, 19, 18, 3, 65]",41.9665711382112
"[32, 12, 32, 48, 54, 26, 12, 27, 30, 65, 56, 19, 23, 2, 65]",44.33811382113811
"[33, 15, 30, 48, 47, 28, 12, 24, 30, 61, 56, 20, 23, 2, 63]",43.83813719512182
"[31, 12, 23, 28, 49, 25, 12, 27, 32, 62, 56, 19, 13, 3, 65]",43.46771951219538
"[27, 13, 31, 41, 53, 27, 13, 27, 30, 53, 56, 21, 23, 1, 62]",45.13412161246608
"[29, 15, 32, 48, 58, 29, 14, 27, 30, 52, 56, 19, 23, 3, 58]",44.67509112466114
"[25, 12, 31, 39, 50, 29, 13, 27, 31, 59, 56, 19, 23, 3, 65]",43.17599356368561
"[29, 12, 32, 33, 42, 32, 13, 27, 30, 63, 56, 19, 23, 1, 62]",43.687898712737145
"[35, 13, 32, 42, 48, 28, 12, 27, 33, 65, 60, 19, 23, 2, 65]",42.662667005420126
"[32, 14, 32, 43, 50, 29, 12, 27, 30, 56, 56, 19, 19, 3, 65]",44.28352337398374
"[35, 13, 32, 48, 54, 26, 12, 24, 30, 56, 56, 19, 18, 3, 65]",43.76725406504063
"[37, 12, 32, 48, 42, 29, 12, 27, 31, 64, 66, 19, 20, 1, 65]",46.11655792682932
"[27, 12, 26, 41, 44, 29, 14, 27, 32, 65, 56, 19, 13, 3, 65]",43.24839905149052
"[28, 12, 32, 48, 62, 25, 12, 27, 30, 51, 56, 19, 15, 3, 62]",41.812282520325006
"[26, 12, 32, 48, 52, 29, 14, 27, 33, 65, 56, 19, 23, 2, 65]",45.78383401084004
"[29, 13, 30, 39, 51, 29, 12, 27, 30, 65, 56, 19, 23, 6, 65]",40.81779200542009
"[35, 17, 32, 45, 48, 31, 12, 27, 30, 64, 56, 19, 23, 6, 65]",41.565342818428334
"[36, 15, 32, 48, 49, 25, 12, 27, 30, 63, 56, 19, 23, 4, 65]",47.977361449864354
"[34, 15, 32, 44, 49, 26, 12, 27, 30, 65, 56, 19, 23, 4, 65]",42.641622289972815
"[31, 12, 29, 48, 57, 25, 12, 23, 30, 54, 56, 20, 23, 4, 64]",43.54926490514905
"[34, 12, 22, 28, 43, 25, 12, 27, 30, 65, 56, 19, 20, 4, 65]",45.055936991869984
"[35, 12, 32, 48, 50, 29, 12, 27, 30, 65, 56, 19, 23, 4, 65]",44.6765579268293
"[32, 16, 28, 47, 46, 25, 12, 23, 30, 60, 56, 21, 23, 3, 60]",47.19791565040661
"[29, 13, 27, 37, 42, 26, 12, 26, 30, 59, 56, 19, 22, 4, 60]",44.7106443089431
"[36, 15, 30, 43, 46, 25, 14, 27, 30, 60, 56, 19, 23, 1, 57]",44.36073577235767
"[31, 17, 32, 48, 46, 27, 12, 27, 30, 61, 56, 19, 23, 4, 52]",41.5835809620596
"[27, 12, 24, 37, 51, 30, 12, 27, 30, 65, 56, 19, 23, 5, 65]",43.729004403793866
"[28, 12, 26, 36, 42, 33, 12, 27, 30, 65, 56, 19, 23, 1, 58]",44.918146002710266
"[35, 16, 32, 38, 48, 31, 12, 27, 30, 65, 56, 19, 23, 3, 65]",45.3601802168022
"[32, 15, 31, 42, 52, 29, 12, 25, 30, 62, 56, 19, 23, 4, 64]",43.78136517615184
"[30, 19, 32, 48, 56, 27, 12, 18, 30, 57, 56, 19, 23, 5, 65]",43.78159315718178
"[35, 12, 32, 43, 51, 28, 12, 27, 32, 61, 56, 20, 23, 5, 65]",46.910625338753526
"[26, 12, 27, 39, 47, 26, 12, 27, 31, 65, 56, 19, 22, 2, 63]",42.95691971544728
"[32, 12, 32, 48, 57, 25, 12, 24, 30, 51, 56, 19, 17, 4, 54]",43.762901761517696
"[33, 12, 31, 46, 46, 30, 12, 27, 33, 65, 56, 19, 23, 3, 65]",43.98595697831978
"[31, 15, 30, 37, 43, 30, 12, 27, 30, 65, 56, 19, 23, 5, 65]",43.55168563685624
"[34, 16, 31, 48, 48, 30, 12, 27, 31, 64, 56, 19, 23, 6, 65]",49.20799153116526
"[36, 15, 32, 46, 53, 29, 14, 27, 30, 62, 56, 19, 23, 5, 65]",45.53842615176151
"[32, 16, 32, 48, 46, 28, 12, 27, 30, 65, 56, 20, 23, 4, 65]",43.894610772357666
"[29, 14, 32, 48, 56, 25, 12, 21, 30, 57, 56, 21, 23, 5, 64]",49.9440501355015
"[25, 12, 27, 28, 42, 28, 12, 27, 30, 65, 56, 19, 23, 6, 65]",44.939577574525735
"[37, 12, 32, 48, 46, 27, 14, 27, 30, 63, 56, 19, 23, 5, 65]",47.737077913278995
"[30, 12, 32, 46, 48, 25, 12, 27, 30, 58, 56, 19, 23, 5, 59]",61.24355792682936
"[25, 12, 29, 48, 42, 29, 12, 25, 30, 59, 56, 19, 23, 6, 55]",54.57085772357704
"[32, 15, 31, 48, 45, 26, 14, 27, 30, 65, 56, 20, 23, 1, 59]",53.87392310298098
"[36, 18, 32, 48, 42, 25, 12, 27, 30, 65, 56, 19, 23, 6, 52]",61.03916124661273
"[28, 12, 22, 42, 47, 29, 12, 27, 30, 62, 56, 19, 23, 6, 65]",45.381254403794074
"[28, 12, 23, 41, 42, 27, 12, 27, 32, 65, 56, 19, 23, 1, 63]",51.69420121951212
"[30, 16, 31, 38, 49, 31, 13, 27, 30, 65, 56, 19, 23, 4, 65]",44.52372831978345
"[32, 14, 30, 46, 48, 25, 12, 25, 30, 65, 56, 19, 23, 4, 62]",46.48143597560981
"[30, 16, 32, 48, 57, 25, 12, 21, 30, 59, 56, 19, 23, 6, 65]",49.157397018970116
"[31, 15, 32, 40, 55, 26, 12, 27, 30, 62, 56, 21, 23, 8, 65]",44.955899051490675
"[26, 12, 28, 33, 42, 25, 12, 27, 31, 65, 56, 19, 23, 3, 58]",46.831233739837494
"[37, 12, 32, 48, 48, 25, 12, 21, 30, 51, 56, 19, 23, 5, 53]",52.2239441056911
"[37, 14, 31, 43, 42, 30, 12, 27, 32, 65, 56, 19, 23, 4, 65]",45.071490514905356
"[32, 14, 31, 47, 46, 30, 12, 27, 30, 63, 56, 19, 23, 6, 65]",56.197807926829114
"[33, 13, 31, 48, 62, 31, 12, 27, 30, 62, 56, 19, 23, 6, 65]",41.04086382113826
"[35, 15, 32, 46, 61, 32, 12, 27, 30, 60, 56, 20, 23, 5, 65]",44.28466598915999
"[29, 14, 28, 48, 46, 31, 13, 27, 30, 63, 56, 21, 23, 6, 65]",50.152631097560885
"[35, 16, 26, 48, 54, 26, 12, 27, 30, 57, 56, 19, 23, 5, 65]",49.58902405149039
"[25, 12, 27, 28, 42, 28, 12, 27, 30, 61, 56, 19, 23, 8, 64]",46.16005284552844
"[36, 15, 32, 48, 53, 26, 13, 27, 30, 60, 56, 19, 21, 5, 64]",44.5718262195123
"[29, 12, 32, 47, 51, 26, 12, 27, 30, 52, 56, 19, 22, 6, 63]",46.727214430894456
"[26, 12, 22, 48, 42, 28, 12, 26, 30, 59, 56, 19, 22, 7, 55]",60.19480216802184
"[25, 14, 28, 48, 62, 28, 12, 27, 30, 60, 56, 22, 23, 4, 61]",48.77806233062354
"[37, 17, 32, 48, 62, 31, 12, 26, 30, 64, 56, 19, 23, 8, 57]",68.16194681571808
"[29, 12, 22, 47, 44, 29, 12, 27, 30, 60, 56, 19, 23, 7, 65]",37.87635907859075
"[26, 12, 24, 45, 42, 26, 13, 27, 32, 64, 56, 19, 21, 6, 65]",43.80598678861802
"[29, 13, 22, 46, 54, 29, 13, 27, 30, 63, 56, 20, 23, 6, 65]",46.57140481029821
"[36, 14, 22, 48, 48, 25, 12, 27, 30, 53, 56, 19, 23, 3, 61]",46.976433265582614
"[41, 14, 32, 48, 59, 25, 12, 27, 30, 52, 56, 19, 23, 6, 65]",46.748844850948444
"[28, 16, 32, 48, 50, 25, 12, 27, 30, 60, 56, 21, 23, 8, 65]",51.43557757452555
"[29, 12, 23, 32, 42, 27, 13, 27, 30, 65, 56, 19, 23, 4, 61]",62.96613888888878
"[31, 14, 32, 48, 59, 25, 12, 25, 30, 51, 56, 19, 21, 7, 65]",65.76092073170729
"[36, 16, 23, 47, 55, 30, 19, 27, 30, 65, 56, 19, 23, 6, 65]",48.243021002710144
"[36, 12, 28, 40, 56, 29, 13, 27, 31, 51, 56, 19, 23, 8, 65]",42.24100338753406
"[39, 12, 28, 47, 62, 26, 12, 27, 33, 53, 56, 19, 23, 5, 65]",38.04838346883461
"[35, 15, 32, 48, 57, 30, 13, 27, 30, 57, 56, 20, 23, 5, 65]",46.77953150406512
"[29, 12, 26, 47, 55, 33, 13, 27, 33, 53, 56, 19, 23, 7, 65]",41.92658739837404
"[41, 12, 28, 48, 51, 25, 12, 27, 30, 51, 56, 19, 23, 7, 64]",58.263915311652916
"[25, 12, 22, 28, 42, 25, 15, 27, 34, 56, 56, 20, 23, 5, 64]",57.83224864498644
"[38, 13, 32, 45, 60, 26, 12, 27, 34, 58, 56, 19, 19, 3, 64]",48.87519105691062
"[39, 12, 32, 46, 52, 25, 12, 27, 30, 51, 56, 19, 22, 5, 65]",45.869382452574705
"[38, 12, 22, 40, 42, 25, 14, 27, 30, 51, 56, 19, 19, 5, 57]",58.97459857723574
"[25, 12, 30, 47, 60, 30, 12, 27, 30, 51, 56, 20, 21, 6, 65]",49.71033672086695
"[37, 12, 32, 46, 62, 34, 13, 27, 30, 56, 56, 19, 23, 7, 60]",62.11776219512201
"[34, 12, 27, 47, 44, 28, 12, 27, 31, 51, 56, 19, 23, 6, 65]",38.324704945799525
"[34, 12, 31, 28, 42, 28, 14, 27, 33, 52, 56, 19, 22, 8, 62]",44.740027439024395
"[28, 12, 22, 48, 52, 28, 12, 27, 32, 57, 56, 19, 23, 7, 65]",37.632400745257485
"[39, 12, 22, 48, 49, 26, 13, 27, 30, 51, 56, 19, 23, 6, 63]",44.36065142276406
"[41, 12, 32, 48, 57, 25, 12, 27, 30, 51, 56, 19, 23, 6, 65]",35.69755724932251
"[37, 12, 32, 48, 48, 26, 13, 27, 30, 59, 56, 20, 23, 8, 65]",38.858384823848326
"[29, 12, 22, 34, 42, 28, 14, 27, 30, 59, 56, 19, 23, 7, 64]",52.574834688346925
"[30, 16, 32, 48, 62, 25, 12, 27, 30, 51, 56, 19, 14, 5, 65]",42.468278455284576
"[31, 12, 22, 44, 62, 29, 20, 27, 30, 58, 56, 21, 21, 7, 65]",45.994935636856475
"[40, 12, 25, 35, 57, 26, 13, 27, 35, 51, 56, 19, 23, 8, 65]",37.010105013550195
"[41, 12, 32, 48, 56, 25, 12, 27, 37, 51, 56, 19, 23, 5, 65]",39.58010873983724
"[38, 12, 32, 48, 53, 25, 14, 27, 32, 54, 56, 19, 23, 5, 65]",39.425969512195145
"[41, 12, 24, 42, 55, 25, 13, 27, 36, 51, 56, 19, 23, 6, 65]",41.34023509485068
"[41, 12, 30, 48, 54, 25, 12, 27, 30, 51, 56, 19, 23, 7, 64]",38.529110772357726
"[29, 12, 22, 30, 42, 25, 15, 27, 33, 55, 56, 20, 20, 3, 65]",48.88381266937669
"[41, 14, 32, 47, 51, 26, 12, 27, 35, 53, 56, 20, 20, 5, 60]",43.816814363143465
"[40, 12, 29, 45, 53, 25, 12, 26, 30, 52, 56, 19, 23, 5, 65]",42.469162262872594
"[41, 12, 22, 28, 43, 25, 12, 27, 30, 51, 56, 19, 19, 3, 65]",54.30375101626026
"[40, 12, 31, 40, 48, 29, 13, 27, 30, 51, 56, 19, 21, 8, 65]",42.81146815718171
"[41, 12, 32, 48, 62, 25, 14, 27, 30, 53, 56, 19, 23, 5, 58]",58.65019613821135
"[37, 12, 28, 39, 46, 27, 13, 27, 33, 51, 56, 19, 23, 7, 65]",40.48894850948499
"[36, 12, 32, 28, 42, 29, 14, 27, 33, 52, 56, 19, 23, 5, 62]",61.41544444444427
"[40, 12, 22, 38, 42, 25, 12, 27, 36, 51, 56, 19, 23, 7, 65]",41.82093970189683
"[38, 12, 27, 40, 51, 27, 12, 27, 30, 51, 56, 19, 21, 8, 65]",37.068101964769575
"[41, 14, 32, 48, 58, 25, 12, 27, 30, 51, 56, 19, 23, 8, 65]",38.36253827913289
"[41, 12, 30, 48, 55, 27, 12, 27, 30, 57, 56, 19, 23, 8, 65]",37.293738143631465
"[31, 12, 22, 38, 42, 28, 14, 27, 34, 52, 56, 19, 23, 8, 65]",37.80194444444444
"[41, 17, 32, 48, 62, 25, 12, 27, 30, 51, 56, 19, 15, 3, 65]",44.785346205962064
"[34, 12, 29, 40, 57, 28, 17, 27, 36, 57, 56, 20, 21, 5, 64]",45.06976863143621
"[39, 12, 25, 41, 51, 25, 12, 27, 32, 51, 56, 19, 23, 6, 65]",38.73690514905143
"[41, 14, 32, 48, 52, 25, 13, 27, 30, 51, 56, 20, 23, 6, 65]",42.71490819783208
"[41, 12, 32, 47, 53, 25, 13, 27, 33, 54, 56, 19, 23, 5, 65]",40.37823407859076
"[41, 12, 29, 36, 50, 25, 12, 27, 35, 54, 56, 19, 23, 5, 65]",40.490532181571744
"[41, 12, 32, 47, 58, 25, 12, 27, 30, 51, 56, 19, 23, 5, 65]",37.302663956639584
"[31, 12, 22, 28, 42, 25, 12, 27, 30, 58, 56, 19, 18, 4, 63]",43.22202540650392
"[41, 16, 32, 48, 44, 25, 14, 27, 30, 56, 56, 19, 23, 7, 57]",47.92664498644988
"[39, 12, 27, 43, 56, 25, 12, 26, 30, 54, 56, 19, 23, 5, 65]",41.340116869918816
"[34, 12, 26, 28, 48, 25, 12, 27, 30, 52, 56, 19, 22, 4, 65]",43.928681571815716
"[41, 12, 30, 35, 42, 25, 14, 27, 30, 51, 56, 19, 22, 8, 65]",45.22687161246599
"[41, 13, 32, 48, 51, 25, 15, 27, 33, 55, 56, 19, 23, 5, 53]",48.882777439024295
"[34, 12, 26, 41, 49, 25, 13, 27, 32, 52, 56, 19, 23, 8, 65]",43.12267953929535
"[30, 12, 22, 28, 42, 27, 12, 27, 31, 56, 56, 19, 23, 4, 64]",42.51933705962052
"[41, 12, 23, 30, 42, 25, 12, 27, 31, 51, 56, 19, 23, 5, 65]",37.3611951219512
"[38, 12, 32, 34, 53, 25, 12, 27, 30, 51, 56, 19, 23, 8, 65]",38.81345020325204
"[41, 16, 32, 48, 60, 25, 12, 27, 30, 51, 56, 19, 23, 8, 65]",38.41286619241191
"[41, 12, 28, 46, 60, 27, 12, 27, 33, 55, 56, 19, 23, 6, 65]",35.791238143631496
"[30, 12, 22, 39, 42, 25, 15, 27, 35, 51, 56, 19, 23, 8, 65]",39.00199390243901
"[41, 14, 32, 48, 61, 25, 12, 27, 30, 51, 56, 19, 20, 2, 65]",41.567238821138154
"[39, 12, 32, 41, 42, 28, 12, 27, 32, 64, 56, 19, 21, 3, 64]",44.007659891598934
"[32, 12, 26, 47, 46, 25, 12, 27, 30, 53, 56, 19, 23, 4, 65]",35.90105995934971
"[41, 15, 32, 48, 62, 25, 13, 27, 30, 51, 56, 20, 23, 7, 65]",42.31518699187003
"[41, 12, 32, 48, 55, 25, 12, 27, 30, 52, 56, 19, 23, 7, 65]",44.37053726287252
"[41, 12, 32, 41, 48, 25, 12, 27, 30, 56, 56, 19, 23, 4, 65]",41.28210230352311
"[41, 12, 32, 45, 59, 25, 12, 27, 30, 51, 56, 19, 23, 3, 65]",36.45619139566399
"[29, 12, 22, 30, 42, 25, 12, 27, 30, 59, 56, 19, 23, 8, 61]",49.32238245257455
"[41, 16, 32, 48, 56, 25, 13, 27, 30, 58, 56, 19, 23, 6, 65]",72.09286991869944
"[39, 12, 27, 43, 57, 25, 12, 26, 30, 51, 56, 19, 23, 6, 65]",41.87540785907855
"[25, 12, 27, 28, 46, 25, 12, 27, 30, 54, 56, 19, 20, 6, 65]",45.49345426829283
"[37, 12, 27, 38, 50, 25, 12, 27, 30, 51, 56, 19, 23, 5, 65]",40.385220867208666
"[40, 17, 32, 48, 50, 25, 12, 27, 31, 57, 56, 19, 23, 6, 54]",62.80828827913294
"[30, 12, 26, 44, 52, 25, 13, 27, 31, 57, 56, 19, 23, 8, 65]",37.38692513550129
"[25, 12, 22, 28, 42, 25, 12, 27, 30, 56, 56, 19, 23, 4, 65]",50.9699590108402
"[41, 12, 25, 32, 47, 25, 12, 27, 30, 51, 56, 19, 23, 6, 65]",38.60894952574529
"[33, 12, 31, 41, 51, 25, 12, 27, 30, 51, 56, 19, 23, 5, 65]",37.42772120596201
"[41, 12, 32, 48, 59, 25, 12, 27, 30, 51, 56, 19, 23, 7, 65]",38.49205081300814
"[41, 12, 28, 47, 60, 25, 12, 27, 35, 51, 56, 19, 23, 5, 65]",36.60661585365858
"[30, 12, 25, 34, 42, 25, 14, 27, 35, 51, 56, 19, 23, 8, 65]",35.96673035230351
"[41, 14, 32, 48, 62, 25, 12, 27, 30, 51, 56, 19, 23, 4, 60]",42.26953421409217
"[40, 12, 32, 48, 42, 29, 12, 27, 30, 65, 56, 19, 21, 2, 64]",47.673820799457886
"[29, 12, 28, 43, 51, 25, 16, 27, 30, 51, 56, 19, 23, 4, 65]",43.133602981029654
"[41, 14, 32, 47, 62, 26, 13, 27, 30, 51, 56, 19, 23, 7, 65]",34.0685081300814
"[41, 14, 30, 48, 59, 25, 13, 27, 30, 51, 56, 19, 23, 8, 65]",39.82010060975605
"[41, 14, 29, 43, 52, 25, 15, 27, 30, 51, 56, 20, 23, 8, 64]",46.308327574525705
"[41, 12, 32, 47, 62, 25, 12, 27, 30, 51, 56, 19, 23, 8, 65]",41.947658536585166
"[25, 12, 22, 34, 42, 26, 12, 27, 30, 51, 56, 19, 23, 8, 62]",65.2177137533875
"[37, 14, 32, 46, 62, 25, 13, 27, 30, 52, 56, 19, 23, 6, 65]",41.39740684281847
"[38, 13, 29, 43, 56, 25, 13, 27, 30, 51, 56, 19, 23, 7, 65]",39.72330928184296
"[25, 12, 23, 28, 42, 25, 12, 26, 30, 54, 56, 20, 18, 7, 64]",44.96783672086723
"[27, 13, 23, 41, 56, 25, 12, 27, 30, 51, 56, 19, 23, 4, 65]",43.62587601626025
"[35, 19, 32, 48, 61, 25, 12, 27, 30, 51, 56, 19, 23, 8, 63]",73.48018123306232
"[25, 12, 26, 44, 54, 25, 13, 27, 30, 62, 56, 19, 23, 7, 65]",35.66557994579945
"[25, 12, 22, 28, 42, 25, 12, 27, 30, 51, 56, 19, 23, 8, 64]",44.425112466124745
"[32, 12, 26, 44, 54, 25, 15, 27, 30, 51, 56, 20, 23, 8, 65]",36.86843868563677
"[31, 12, 22, 47, 51, 25, 14, 27, 30, 51, 56, 19, 23, 6, 65]",41.53539701897012
"[41, 12, 32, 48, 61, 25, 12, 27, 30, 51, 56, 20, 23, 6, 65]",35.409024390243864
"[41, 16, 32, 48, 60, 25, 16, 27, 32, 51, 56, 21, 23, 8, 65]",40.519027777777794
"[28, 12, 28, 28, 42, 25, 14, 27, 32, 51, 56, 20, 23, 7, 65]",38.625766598915995
"[41, 17, 32, 48, 62, 25, 12, 27, 30, 51, 56, 19, 23, 8, 57]",51.02769817073161
"[25, 12, 32, 43, 59, 28, 15, 27, 30, 55, 56, 21, 21, 8, 60]",43.84001998644992
"[27, 12, 25, 41, 56, 25, 17, 27, 30, 51, 56, 19, 23, 7, 64]",42.299785230352356
"[41, 15, 32, 48, 62, 25, 13, 27, 30, 51, 56, 19, 23, 8, 65]",36.92534823848258
"[39, 15, 27, 48, 62, 25, 15, 27, 30, 51, 56, 19, 23, 8, 65]",37.16266531165315
"[30, 13, 25, 43, 60, 25, 16, 27, 30, 51, 56, 19, 23, 8, 62]",45.435116531165285
"[41, 12, 32, 48, 62, 25, 15, 27, 30, 51, 56, 19, 23, 8, 63]",37.94963990514907
"[25, 12, 22, 33, 42, 25, 13, 27, 30, 51, 56, 19, 23, 5, 65]",52.73164566395678
"[38, 12, 32, 48, 62, 26, 17, 27, 30, 51, 56, 19, 23, 8, 65]",44.91117750677525
"[35, 14, 29, 46, 55, 25, 18, 27, 30, 51, 56, 19, 23, 8, 64]",39.095442073170744
"[26, 12, 22, 31, 42, 25, 12, 25, 30, 51, 56, 21, 18, 7, 61]",47.45796172086753
"[28, 12, 25, 42, 53, 25, 13, 27, 30, 51, 56, 19, 23, 4, 65]",42.002036924119245
"[33, 19, 32, 48, 62, 25, 12, 27, 30, 51, 56, 19, 22, 8, 64]",42.994989159891475
"[25, 12, 26, 41, 51, 25, 14, 27, 30, 65, 56, 19, 23, 7, 65]",41.658460365853536
"[25, 12, 22, 38, 42, 25, 12, 27, 30, 51, 56, 19, 23, 8, 64]",39.80447018970191
"[25, 12, 25, 48, 58, 25, 19, 27, 30, 51, 56, 20, 23, 8, 65]",33.37237940379409
"[31, 12, 22, 48, 54, 25, 18, 27, 30, 51, 56, 19, 23, 8, 65]",36.84792581300808
"[41, 14, 32, 48, 62, 25, 15, 27, 30, 51, 56, 20, 23, 8, 65]",40.44362330623311
"[41, 18, 32, 48, 59, 25, 18, 27, 30, 51, 56, 20, 23, 8, 65]",43.10741124661254
"[25, 12, 26, 34, 45, 25, 17, 27, 30, 51, 56, 19, 23, 7, 65]",38.52465718157179
"[41, 18, 32, 48, 62, 25, 12, 27, 30, 51, 56, 19, 23, 8, 63]",67.14398102981028
"[25, 12, 27, 45, 62, 25, 21, 27, 32, 51, 56, 21, 21, 8, 56]",47.67795460704613
"[30, 12, 23, 45, 49, 25, 13, 27, 30, 51, 56, 19, 23, 8, 62]",42.0803553523034
"[38, 15, 32, 48, 62, 25, 14, 27, 30, 51, 56, 19, 23, 8, 65]",40.09484180216812
"[35, 15, 28, 48, 62, 25, 16, 27, 30, 51, 56, 19, 23, 8, 65]",48.84602777777783
"[26, 12, 25, 48, 62, 25, 16, 27, 30, 51, 56, 19, 23, 8, 64]",39.55963855013556
"[39, 12, 32, 48, 62, 25, 18, 27, 30, 51, 56, 19, 23, 8, 64]",34.76890447154482
"[26, 12, 22, 28, 42, 25, 17, 27, 30, 51, 56, 19, 21, 6, 65]",46.920839769647486
"[37, 12, 32, 48, 62, 26, 19, 27, 30, 51, 56, 19, 23, 8, 65]",36.96544139566389
"[32, 13, 29, 48, 57, 25, 17, 27, 30, 51, 56, 19, 23, 8, 64]",38.98683163956653
"[25, 12, 22, 34, 42, 25, 18, 25, 30, 51, 56, 19, 16, 7, 61]",47.67724796747956
"[38, 12, 27, 44, 48, 25, 18, 27, 30, 51, 56, 19, 23, 8, 65]",44.00906266937673
"[33, 12, 32, 48, 62, 25, 13, 27, 30, 51, 56, 19, 22, 6, 57]",46.94786890243901
"[30, 12, 24, 39, 46, 26, 19, 27, 31, 51, 56, 19, 23, 8, 65]",40.77405352303522
"[25, 12, 22, 47, 42, 25, 13, 27, 30, 51, 56, 19, 23, 8, 65]",37.181906842818506
"[25, 12, 25, 48, 58, 25, 17, 27, 30, 51, 56, 21, 23, 8, 65]",37.50001151761507
"[31, 12, 22, 48, 55, 25, 19, 27, 30, 51, 56, 19, 23, 8, 64]",33.55882554200553
"[41, 16, 32, 48, 62, 25, 16, 27, 30, 51, 56, 20, 23, 8, 65]",40.382796747967426
"[41, 12, 32, 48, 62, 27, 12, 27, 30, 51, 56, 20, 23, 8, 65]",39.10408570460705
"[25, 12, 22, 40, 42, 25, 18, 27, 31, 51, 56, 20, 23, 8, 65]",37.76076659891602
"[41, 18, 32, 48, 62, 25, 13, 27, 30, 51, 56, 19, 23, 8, 65]",40.377528116531174
"[28, 12, 26, 47, 42, 27, 14, 27, 32, 52, 56, 20, 20, 8, 63]",51.59918597560969
"[35, 12, 24, 44, 42, 25, 12, 27, 30, 51, 56, 19, 23, 8, 63]",46.12872594850935
"[41, 17, 32, 48, 62, 25, 14, 27, 30, 51, 56, 19, 23, 8, 65]",37.60107892953913
"[32, 14, 31, 48, 62, 25, 15, 27, 30, 52, 56, 19, 23, 8, 65]",35.566749661246476
"[29, 12, 28, 48, 62, 25, 16, 27, 30, 51, 56, 19, 23, 8, 65]",37.95817344173432
"[36, 12, 31, 48, 62, 25, 15, 27, 30, 51, 56, 19, 23, 7, 65]",34.662384146341424
"[26, 12, 22, 34, 42, 25, 18, 27, 30, 56, 56, 20, 19, 8, 65]",45.97881233062371
"[35, 12, 28, 48, 62, 27, 17, 27, 30, 51, 56, 19, 23, 8, 65]",35.864453929539245
"[35, 12, 30, 48, 60, 25, 13, 27, 30, 51, 56, 19, 23, 8, 65]",39.2107090108401
"[26, 12, 22, 28, 42, 25, 18, 26, 30, 51, 56, 19, 23, 7, 62]",50.377420392953894
"[35, 12, 27, 43, 51, 25, 21, 27, 30, 51, 56, 19, 23, 8, 63]",35.02209857723575
"[37, 12, 32, 48, 55, 25, 18, 27, 30, 51, 56, 19, 23, 4, 56]",56.12033197831981
"[30, 12, 22, 39, 48, 28, 18, 27, 32, 51, 56, 19, 23, 8, 65]",38.50148272357728
"[25, 12, 22, 48, 45, 25, 17, 27, 30, 51, 56, 19, 22, 8, 65]",36.08841937669377
"[36, 12, 26, 43, 49, 25, 14, 27, 30, 51, 56, 23, 23, 8, 65]",48.69176592140899
"[33, 12, 22, 44, 54, 25, 17, 27, 30, 51, 56, 19, 23, 8, 64]",34.83202303523031
"[41, 15, 32, 48, 62, 25, 12, 27, 30, 51, 56, 22, 23, 8, 65]",38.48827134146349
"[41, 12, 32, 48, 62, 26, 12, 27, 30, 51, 56, 20, 23, 8, 65]",33.90712872628729
"[28, 12, 22, 36, 42, 25, 14, 27, 33, 51, 56, 21, 23, 8, 65]",42.94104708672095
"[41, 16, 32, 48, 62, 25, 16, 25, 30, 51, 56, 19, 23, 8, 65]",44.87173170731702
"[36, 12, 26, 40, 42, 30, 14, 27, 30, 62, 56, 19, 20, 6, 65]",45.20768089430891
"[29, 12, 25, 43, 44, 25, 15, 27, 30, 51, 56, 19, 23, 8, 65]",38.56073611111106
"[40, 18, 32, 48, 62, 25, 14, 27, 30, 51, 56, 19, 23, 7, 65]",37.43317107046062
"[34, 13, 32, 48, 62, 25, 14, 27, 30, 51, 56, 19, 23, 8, 65]",35.75396341463414
"[41, 12, 31, 47, 59, 25, 14, 27, 30, 51, 56, 19, 23, 8, 65]",41.36043800813014
"[35, 12, 30, 48, 62, 25, 12, 27, 30, 51, 56, 19, 23, 7, 65]",36.40334722222223
"[26, 12, 22, 40, 42, 25, 14, 27, 30, 60, 56, 19, 23, 8, 64]",45.005694444444444
"[38, 12, 26, 48, 62, 27, 15, 27, 30, 51, 56, 19, 23, 8, 65]",38.651381436314516
"[36, 12, 28, 48, 60, 25, 12, 27, 30, 51, 56, 19, 23, 8, 65]",37.08833367208672
"[28, 12, 22, 36, 42, 25, 16, 27, 30, 52, 56, 19, 23, 8, 62]",54.17829640921415
"[33, 12, 26, 44, 55, 25, 20, 26, 30, 51, 56, 19, 23, 8, 62]",36.41367107046075
"[39, 13, 32, 48, 50, 25, 20, 26, 30, 51, 56, 19, 22, 5, 61]",56.29921104336033
"[29, 12, 22, 40, 51, 25, 13, 27, 30, 53, 56, 20, 23, 8, 64]",35.752021341463355
"[25, 12, 22, 48, 50, 25, 20, 27, 30, 51, 56, 19, 23, 8, 65]",37.60507791327907
"[35, 12, 27, 42, 52, 25, 15, 27, 30, 51, 56, 19, 23, 8, 65]",42.3604586720867
"[33, 12, 23, 41, 52, 25, 14, 26, 30, 51, 56, 19, 23, 8, 65]",39.69791666666655
"[41, 13, 32, 48, 62, 25, 14, 27, 30, 51, 56, 23, 23, 8, 65]",38.61107113821146
"[41, 12, 32, 48, 62, 25, 12, 27, 30, 51, 56, 22, 23, 8, 65]",36.84066903794044
"[28, 12, 22, 30, 42, 25, 12, 27, 35, 51, 56, 20, 23, 8, 65]",38.98251558265581
"[41, 12, 31, 48, 62, 25, 17, 24, 30, 51, 56, 19, 23, 8, 65]",36.592692073170625
"[37, 12, 27, 37, 49, 26, 16, 27, 30, 60, 56, 19, 20, 4, 65]",44.15199762872641
"[25, 12, 27, 42, 53, 25, 18, 27, 30, 51, 56, 19, 23, 7, 65]",38.64902337398373
"[41, 15, 32, 48, 62, 25, 14, 27, 30, 51, 56, 20, 23, 6, 65]",45.55407926829246
"[40, 16, 31, 48, 62, 25, 15, 26, 30, 51, 56, 19, 23, 8, 65]",40.99541632791309
"[41, 12, 31, 48, 60, 25, 15, 27, 30, 51, 56, 19, 23, 8, 65]",49.15473136856363
"[37, 13, 31, 48, 62, 25, 19, 27, 30, 51, 56, 19, 23, 8, 65]",38.893805555555566
"[27, 12, 22, 28, 42, 25, 14, 27, 31, 51, 56, 19, 23, 7, 64]",50.47383265582652
"[36, 13, 32, 48, 62, 25, 13, 27, 30, 51, 56, 20, 23, 8, 65]",38.04374830623302
"[35, 12, 27, 48, 58, 25, 12, 25, 30, 51, 56, 19, 23, 8, 65]",36.98312669376688
"[25, 12, 22, 37, 42, 25, 12, 27, 30, 55, 56, 19, 21, 7, 63]",44.42182554200554
"[33, 12, 25, 44, 52, 25, 12, 27, 30, 51, 56, 19, 23, 8, 63]",38.0717537262873
"[30, 14, 32, 48, 52, 26, 12, 24, 30, 55, 56, 19, 21, 8, 54]",45.673684959349615
"[27, 12, 27, 41, 48, 25, 15, 27, 30, 56, 56, 21, 23, 8, 64]",44.11645426829255
"[34, 12, 22, 37, 49, 25, 20, 26, 30, 51, 56, 20, 23, 8, 65]",37.164482723577315
"[30, 12, 26, 45, 58, 25, 18, 27, 30, 51, 56, 19, 23, 8, 65]",35.296537262872825
"[31, 12, 25, 43, 50, 25, 12, 24, 30, 51, 56, 19, 23, 8, 64]",36.85334823848233
"[41, 12, 32, 48, 62, 25, 18, 27, 30, 51, 56, 21, 23, 8, 65]",40.04247188346895
"[41, 12, 32, 48, 62, 25, 17, 27, 30, 51, 56, 21, 23, 8, 65]",44.92044376693768
"[26, 12, 22, 33, 42, 25, 15, 27, 30, 51, 56, 20, 23, 8, 65]",38.8209217479673
"[41, 12, 31, 48, 62, 25, 16, 23, 30, 51, 56, 19, 23, 8, 65]",38.10135738482398
"[25, 12, 28, 43, 55, 27, 21, 27, 30, 56, 56, 19, 21, 6, 65]",47.756045392953894
"[28, 12, 24, 40, 50, 25, 12, 26, 30, 51, 56, 19, 23, 7, 65]",39.128288956639736
"[41, 12, 32, 48, 62, 25, 15, 25, 30, 51, 56, 20, 23, 8, 65]",38.9917269647696
"[40, 17, 32, 48, 62, 25, 15, 25, 30, 51, 56, 19, 23, 8, 65]",43.55608909214077
"[37, 12, 28, 48, 60, 25, 16, 27, 30, 51, 56, 19, 23, 8, 65]",35.717313346883444
"[41, 16, 31, 48, 62, 25, 22, 27, 30, 51, 56, 19, 23, 8, 64]",42.80868597560972
"[28, 12, 22, 28, 42, 27, 15, 27, 34, 51, 56, 19, 23, 6, 65]",39.44371375338761
"[33, 16, 32, 48, 61, 25, 15, 27, 30, 51, 56, 21, 23, 8, 65]",39.66561754742538
"[36, 12, 27, 48, 57, 25, 17, 24, 30, 51, 56, 20, 23, 8, 65]",38.5523529810299
"[25, 12, 22, 28, 42, 25, 14, 26, 30, 57, 56, 19, 19, 6, 65]",44.330167344173454
"[34, 12, 27, 43, 51, 25, 12, 27, 30, 51, 56, 19, 23, 8, 64]",39.7593462059622
"[32, 14, 26, 48, 56, 26, 12, 24, 30, 59, 56, 19, 23, 8, 49]",64.34027405149047
"[28, 12, 23, 41, 47, 25, 18, 27, 30, 51, 56, 19, 23, 8, 65]",40.832022357723496
"[33, 12, 22, 36, 42, 25, 12, 26, 30, 51, 56, 20, 23, 8, 65]",38.8552821815718
"[25, 12, 25, 48, 59, 25, 16, 27, 30, 51, 56, 19, 23, 8, 65]",37.29289939024393
"[29, 12, 25, 46, 51, 25, 13, 25, 30, 51, 56, 20, 23, 8, 63]",41.01619546070451
"[41, 14, 32, 48, 62, 25, 17, 25, 30, 51, 56, 19, 23, 8, 65]",43.10532181571815
"[38, 12, 32, 48, 62, 25, 18, 27, 30, 51, 56, 20, 23, 8, 65]",38.40802405149054
"[25, 12, 22, 40, 42, 25, 18, 27, 30, 51, 56, 20, 23, 8, 65]",43.4407947154472
"[41, 12, 30, 48, 62, 25, 15, 22, 30, 51, 56, 19, 23, 8, 65]",36.12842784552848
"[25, 12, 26, 48, 58, 27, 22, 27, 31, 52, 56, 19, 23, 8, 64]",37.50985433604333
"[35, 12, 23, 41, 46, 25, 12, 25, 30, 51, 56, 20, 23, 7, 65]",38.63455995934966
"[38, 12, 32, 48, 62, 25, 15, 23, 30, 51, 56, 19, 23, 8, 65]",35.238267615176206
"[38, 17, 31, 48, 62, 25, 15, 25, 30, 51, 56, 19, 23, 8, 65]",39.643049457994614
"[35, 12, 27, 48, 60, 25, 16, 27, 30, 51, 56, 19, 23, 8, 65]",35.56121781842837
"[41, 15, 32, 48, 62, 25, 12, 27, 30, 51, 56, 20, 23, 8, 65]",44.294845867208714
"[26, 12, 22, 31, 42, 28, 16, 27, 34, 51, 56, 19, 23, 8, 65]",37.28718631436338
"[38, 15, 32, 48, 62, 25, 18, 27, 30, 51, 56, 22, 23, 8, 65]",43.8474234417344
"[34, 12, 28, 48, 57, 25, 18, 25, 30, 51, 56, 20, 23, 8, 65]",36.95457757452577
"[28, 12, 22, 28, 42, 25, 16, 26, 30, 51, 56, 19, 23, 8, 63]",45.569604674796786
"[32, 12, 27, 42, 54, 25, 18, 27, 30, 51, 56, 19, 23, 8, 64]",35.56152032520319
"[37, 13, 25, 48, 59, 25, 19, 27, 30, 53, 56, 19, 23, 7, 49]",69.47362635501344
"[29, 12, 22, 40, 50, 25, 15, 27, 30, 52, 56, 19, 23, 8, 65]",38.802129403794034
"[25, 12, 22, 48, 44, 25, 12, 26, 30, 51, 56, 20, 23, 8, 65]",38.117494241192425
"[35, 12, 26, 48, 52, 25, 15, 27, 30, 51, 56, 19, 23, 8, 65]",43.39762161246616
"[28, 12, 24, 43, 54, 25, 22, 27, 30, 51, 56, 19, 23, 8, 64]",40.13126558265579
"[41, 15, 32, 48, 62, 25, 12, 23, 30, 51, 56, 20, 23, 8, 65]",37.71578997289981
"[40, 16, 32, 48, 62, 25, 14, 27, 30, 51, 56, 19, 23, 8, 65]",35.664045054200535
"[28, 12, 22, 42, 42, 25, 16, 27, 30, 51, 56, 21, 23, 8, 65]",39.19384247967482
"[37, 17, 32, 48, 62, 25, 14, 21, 30, 51, 56, 19, 23, 8, 65]",37.0717462737127
"[25, 12, 25, 48, 52, 27, 20, 27, 33, 51, 56, 19, 23, 8, 62]",40.594892276422755
"[30, 12, 26, 39, 44, 25, 12, 27, 30, 51, 56, 21, 23, 7, 65]",39.9516680216802
"[35, 14, 32, 48, 62, 25, 18, 24, 30, 51, 56, 21, 23, 8, 63]",36.77219512195132
"[36, 16, 32, 48, 62, 25, 21, 27, 30, 51, 56, 20, 23, 8, 64]",39.01095223577248
"[32, 12, 28, 48, 59, 25, 16, 27, 30, 51, 56, 19, 23, 8, 65]",33.27316090785898
"[41, 13, 32, 48, 62, 25, 12, 27, 30, 51, 56, 19, 23, 8, 65]",43.644778116531015
"[25, 12, 22, 38, 42, 27, 21, 27, 33, 52, 56, 19, 23, 8, 64]",41.09989058265584
"[41, 14, 32, 48, 62, 25, 20, 27, 30, 51, 56, 21, 23, 8, 65]",36.98025067750678
"[32, 12, 29, 48, 59, 25, 19, 27, 30, 51, 56, 20, 23, 8, 65]",34.60275033875347
"[26, 12, 22, 35, 42, 25, 20, 27, 30, 51, 56, 19, 23, 7, 61]",53.24849390243892
"[30, 12, 26, 41, 58, 25, 22, 27, 30, 51, 56, 19, 23, 8, 64]",32.759505081300766
"[34, 18, 32, 48, 56, 26, 22, 27, 30, 51, 56, 19, 23, 6, 65]",70.92044749322494
"[30, 12, 22, 40, 52, 25, 17, 27, 30, 53, 56, 19, 23, 8, 65]",34.204684620596154
"[25, 12, 24, 48, 48, 25, 16, 27, 30, 51, 56, 20, 23, 8, 63]",36.54971341463418
"[38, 13, 27, 47, 54, 25, 21, 27, 30, 51, 56, 19, 23, 8, 65]",35.64242682926822
"[33, 12, 24, 39, 56, 25, 22, 27, 30, 51, 56, 19, 23, 8, 65]",52.22861754742564
"[41, 14, 32, 48, 62, 25, 14, 24, 30, 51, 56, 22, 23, 8, 65]",52.50484180216803
"[41, 18, 32, 48, 62, 25, 17, 25, 30, 51, 56, 21, 23, 8, 65]",38.20689464769665
"[30, 12, 22, 28, 42, 25, 17, 27, 30, 51, 56, 20, 23, 8, 64]",44.239689701896936
"[40, 20, 32, 48, 62, 25, 20, 27, 30, 51, 56, 19, 23, 8, 65]",38.96972899728982
"[33, 12, 26, 36, 50, 25, 18, 27, 33, 53, 56, 19, 23, 8, 62]",50.66676592140927
"[26, 12, 28, 38, 56, 25, 22, 27, 30, 51, 56, 19, 23, 7, 64]",35.442780826558376
"[40, 14, 32, 48, 62, 25, 18, 27, 30, 51, 56, 22, 23, 8, 63]",36.34584891598918
"[35, 13, 32, 48, 62, 25, 21, 27, 30, 51, 56, 19, 23, 8, 64]",41.85536348238492
"[31, 14, 30, 48, 59, 25, 17, 27, 30, 51, 56, 19, 23, 8, 64]",38.56889126016256
"[38, 13, 32, 48, 62, 25, 12, 27, 30, 51, 56, 19, 23, 8, 63]",38.148146002710035
"[25, 12, 22, 29, 42, 25, 22, 27, 31, 52, 56, 21, 23, 8, 63]",43.32532113821153
"[40, 15, 32, 48, 62, 25, 18, 27, 30, 51, 56, 19, 23, 8, 65]",44.48905284552841
"[33, 12, 30, 48, 60, 25, 20, 27, 30, 51, 56, 20, 23, 8, 64]",34.48169105691058
"[25, 12, 22, 31, 42, 25, 20, 27, 30, 51, 56, 20, 23, 5, 62]",54.079148035230126
"[29, 13, 25, 41, 60, 25, 22, 27, 30, 51, 56, 19, 23, 8, 65]",41.25473441734402
"[32, 19, 32, 48, 57, 26, 20, 27, 30, 51, 56, 19, 22, 5, 65]",49.88676253387565
"[31, 12, 22, 38, 49, 25, 20, 27, 30, 51, 56, 20, 23, 8, 65]",37.66285806233072
"[25, 12, 27, 36, 48, 25, 22, 26, 30, 51, 56, 20, 23, 8, 63]",42.36575406504073
"[26, 12, 27, 44, 56, 25, 22, 27, 30, 51, 57, 19, 23, 8, 65]",34.799268970189665
"[35, 12, 25, 40, 55, 25, 16, 27, 30, 51, 56, 19, 23, 8, 63]",38.4200701219512
"[41, 14, 32, 48, 62, 25, 17, 27, 30, 51, 57, 23, 23, 8, 65]",39.8292452574526
"[41, 15, 32, 48, 62, 25, 21, 26, 30, 51, 56, 21, 23, 8, 65]",51.98512093495936
"[25, 12, 22, 28, 42, 25, 18, 27, 30, 51, 56, 20, 23, 8, 64]",51.852282859078414
"[41, 17, 32, 48, 62, 25, 22, 27, 30, 51, 56, 19, 23, 8, 65]",51.86957384823881
"[30, 12, 25, 34, 55, 25, 22, 27, 30, 51, 56, 20, 23, 8, 63]",43.00167107046079
"[25, 12, 27, 35, 61, 25, 22, 27, 30, 51, 56, 19, 23, 8, 63]",40.30559417344171
"[41, 13, 32, 48, 62, 25, 18, 27, 30, 51, 56, 19, 23, 8, 64]",41.04163075880738
"[34, 14, 31, 48, 62, 25, 17, 27, 30, 51, 56, 19, 23, 8, 65]",37.392421409214094
"[32, 16, 31, 48, 59, 25, 19, 27, 30, 51, 56, 20, 23, 8, 63]",49.88982384823857
"[37, 14, 32, 48, 62, 25, 17, 27, 30, 51, 56, 19, 23, 8, 63]",38.378942411924015
"[25, 12, 22, 28, 42, 26, 20, 27, 30, 51, 56, 21, 23, 8, 63]",55.101738482385066
"[36, 15, 32, 48, 62, 25, 15, 27, 30, 51, 56, 19, 23, 8, 63]",38.82902405149053
"[33, 12, 29, 45, 60, 25, 20, 27, 30, 51, 56, 19, 23, 8, 64]",33.86026727642276
"[25, 12, 22, 28, 42, 25, 15, 27, 30, 51, 56, 19, 21, 3, 64]",52.08088550135508
"[31, 14, 27, 42, 60, 25, 22, 27, 30, 51, 56, 20, 23, 8, 64]",39.14711551490501
"[39, 16, 32, 48, 52, 25, 12, 27, 30, 55, 56, 19, 22, 4, 65]",53.57427879403782
"[27, 12, 25, 37, 48, 25, 19, 27, 30, 51, 56, 19, 23, 8, 65]",34.62633536585376
"[30, 12, 22, 32, 49, 25, 22, 27, 30, 51, 56, 19, 23, 8, 65]",44.68243224932273
"[29, 12, 29, 44, 61, 25, 20, 27, 30, 51, 58, 23, 23, 8, 65]",37.30193191056918
"[32, 12, 26, 45, 52, 25, 13, 27, 30, 51, 56, 20, 23, 8, 62]",43.978465447154456
"[41, 14, 32, 48, 62, 25, 19, 27, 30, 51, 58, 21, 23, 7, 65]",57.96875000000007
"[41, 12, 32, 48, 62, 25, 14, 27, 30, 51, 56, 19, 23, 8, 65]",43.328275745257564
"[25, 12, 22, 35, 42, 25, 16, 27, 30, 51, 56, 19, 23, 8, 64]",45.411630081300856
"[41, 12, 32, 48, 62, 25, 18, 27, 30, 51, 56, 20, 23, 8, 64]",45.85375609756098
"[25, 12, 24, 43, 51, 27, 21, 27, 30, 51, 56, 20, 23, 8, 63]",47.47838787262877
"[25, 12, 25, 39, 59, 25, 22, 27, 30, 51, 56, 19, 23, 8, 62]",39.360865853658666
"[41, 17, 32, 48, 62, 25, 18, 27, 30, 51, 56, 19, 23, 8, 65]",34.805832994579895
"[34, 16, 30, 48, 62, 25, 15, 27, 30, 51, 56, 19, 23, 8, 64]",36.77417513550132
"[39, 12, 29, 47, 59, 25, 19, 27, 30, 51, 56, 19, 23, 8, 64]",51.48946138211381
"[36, 14, 32, 48, 62, 25, 22, 27, 30, 51, 56, 19, 23, 8, 64]",41.75832046070484
"[25, 12, 22, 28, 42, 27, 16, 27, 31, 51, 56, 20, 23, 8, 65]",48.88970392953918
"[37, 14, 31, 48, 62, 25, 18, 27, 30, 51, 56, 20, 23, 8, 62]",42.96912940379407
"[37, 13, 30, 43, 59, 25, 19, 27, 30, 51, 56, 19, 23, 8, 63]",41.898563685636745
"[26, 12, 22, 36, 42, 25, 12, 27, 30, 51, 56, 20, 18, 3, 61]",47.82637296747968
"[36, 13, 29, 43, 54, 25, 21, 27, 30, 51, 56, 21, 23, 8, 63]",43.83783231707315
"[41, 12, 32, 48, 52, 25, 12, 27, 30, 60, 56, 19, 23, 6, 50]",45.00007926829253
"[25, 12, 24, 38, 48, 25, 16, 27, 30, 51, 56, 20, 23, 8, 65]",39.77928929539287
"[28, 12, 22, 36, 45, 25, 21, 27, 30, 51, 56, 19, 23, 8, 65]",36.926131775067724
"[33, 12, 28, 43, 60, 25, 16, 27, 30, 51, 57, 25, 23, 8, 64]",38.275200203252005
"[29, 14, 26, 48, 52, 25, 17, 27, 30, 51, 56, 20, 23, 8, 62]",38.40527913279131
"[41, 16, 32, 48, 62, 25, 18, 27, 30, 51, 59, 19, 23, 7, 65]",38.07745833333334
"[40, 12, 32, 48, 62, 25, 12, 27, 30, 51, 56, 19, 23, 8, 65]",37.76516836043368
"[25, 12, 22, 35, 42, 25, 13, 27, 30, 51, 56, 19, 23, 8, 64]",45.855704268292655
"[41, 12, 32, 48, 62, 25, 12, 27, 30, 51, 56, 21, 23, 8, 63]",39.91671307588075
"[25, 12, 24, 46, 48, 25, 19, 27, 30, 51, 56, 19, 23, 8, 63]",44.21824119241184
"[31, 12, 26, 46, 42, 25, 20, 27, 30, 51, 56, 19, 23, 8, 63]",45.81295528455297
"[41, 16, 32, 48, 62, 25, 13, 27, 30, 51, 57, 19, 23, 8, 65]",41.80905047425468
"[35, 17, 31, 48, 62, 25, 15, 27, 30, 51, 56, 20, 23, 8, 64]",47.811404810297965
"[40, 12, 28, 46, 60, 25, 17, 27, 30, 51, 56, 19, 23, 8, 65]",32.972143292682915
"[41, 14, 32, 48, 62, 25, 22, 27, 30, 51, 56, 20, 23, 8, 64]",37.18235264227638
"[25, 12, 22, 29, 42, 26, 13, 27, 31, 51, 56, 19, 23, 8, 65]",42.48023170731726
"[39, 14, 31, 48, 62, 25, 20, 27, 30, 51, 56, 20, 23, 8, 63]",46.457280487804844
"[37, 14, 30, 48, 58, 25, 18, 27, 30, 51, 56, 19, 23, 8, 63]",36.87018936314356
"[27, 12, 22, 32, 42, 25, 15, 27, 30, 54, 56, 19, 15, 8, 59]",47.26805758807584
"[34, 12, 30, 43, 51, 25, 17, 27, 30, 51, 56, 20, 23, 8, 63]",41.71173644986458
"[33, 14, 32, 48, 62, 25, 14, 27, 30, 58, 56, 19, 23, 8, 56]",74.00908062330618
"[29, 12, 22, 39, 48, 25, 15, 27, 30, 51, 57, 21, 23, 8, 64]",41.016988143631465
"[25, 12, 22, 43, 42, 25, 18, 27, 30, 51, 56, 19, 23, 8, 64]",37.824697493225024
"[35, 12, 26, 46, 58, 25, 16, 27, 30, 51, 61, 22, 23, 8, 65]",56.46563143631434
"[29, 14, 25, 41, 55, 25, 22, 27, 30, 51, 56, 19, 23, 8, 64]",51.279434959349494
"[41, 15, 32, 48, 62, 25, 13, 27, 30, 51, 59, 19, 23, 8, 65]",53.55414837398373
"[41, 12, 32, 48, 62, 25, 14, 27, 30, 51, 57, 21, 23, 8, 65]",39.83532384823849
"[25, 12, 22, 35, 42, 25, 12, 26, 30, 51, 56, 19, 23, 8, 65]",48.2196852981028
"[41, 12, 32, 48, 62, 25, 16, 23, 30, 51, 56, 19, 23, 8, 64]",43.361979336043234
"[30, 12, 26, 37, 49, 25, 18, 27, 30, 51, 56, 19, 23, 8, 63]",42.66993258807589
"[32, 12, 29, 38, 42, 25, 16, 27, 30, 51, 56, 19, 23, 8, 64]",41.048216124661266
"[40, 12, 32, 48, 62, 25, 16, 27, 30, 51, 58, 19, 23, 8, 63]",36.783641937669536
"[37, 17, 32, 48, 62, 25, 15, 27, 30, 51, 58, 20, 23, 8, 64]",45.81476084010837
"[41, 13, 31, 48, 62, 25, 17, 27, 30, 51, 56, 19, 23, 8, 65]",38.20906673441737
"[41, 12, 32, 48, 62, 25, 18, 27, 30, 51, 56, 20, 23, 8, 64]",36.47210907859075
"[25, 12, 22, 40, 42, 25, 13, 27, 31, 51, 56, 19, 23, 8, 63]",36.5679092140922
"[36, 14, 31, 48, 62, 25, 21, 27, 30, 51, 56, 20, 23, 8, 64]",39.91673441734422
"[34, 13, 30, 48, 62, 25, 18, 27, 30, 51, 56, 19, 23, 8, 63]",38.63832520325201
"[27, 12, 22, 28, 42, 25, 18, 27, 30, 51, 56, 19, 17, 8, 59]",52.412748644986415
"[32, 12, 31, 43, 62, 25, 15, 27, 30, 51, 56, 19, 23, 8, 65]",42.96627845528477
"[31, 17, 31, 48, 62, 26, 20, 27, 30, 53, 56, 19, 22, 8, 61]",52.81978116531173
"[33, 12, 22, 36, 48, 25, 20, 27, 30, 51, 56, 21, 23, 8, 64]",46.96819376693752
"[25, 12, 23, 44, 47, 25, 15, 27, 30, 51, 56, 19, 23, 8, 63]",40.47004200541998
"[36, 13, 27, 48, 56, 25, 21, 27, 30, 51, 60, 19, 23, 8, 65]",45.46912567750673
"[36, 12, 25, 37, 57, 25, 20, 26, 30, 51, 56, 19, 23, 8, 65]",38.87952201897023
"[41, 13, 32, 48, 62, 25, 13, 26, 30, 51, 56, 20, 23, 8, 65]",46.08970663956632
"[41, 12, 32, 48, 62, 25, 20, 27, 30, 51, 57, 21, 23, 8, 65]",39.03051727642277
"[25, 12, 22, 35, 42, 25, 22, 25, 31, 51, 56, 19, 23, 8, 65]",38.04412228997288
"[41, 12, 32, 48, 62, 25, 20, 24, 30, 51, 56, 19, 23, 8, 65]",36.303944783197885
"[32, 12, 27, 35, 56, 25, 18, 27, 30, 51, 56, 19, 23, 8, 63]",41.023869241192436
"[27, 12, 23, 30, 51, 25, 20, 27, 30, 51, 56, 19, 23, 8, 64]",50.92137296747961
"[35, 12, 32, 48, 62, 25, 18, 26, 30, 51, 56, 19, 23, 8, 64]",41.72385738482387
"[38, 12, 32, 48, 62, 25, 18, 27, 30, 51, 57, 21, 23, 8, 64]",43.57868191056903
"[40, 15, 32, 48, 61, 25, 18, 27, 30, 51, 58, 19, 23, 8, 64]",34.89163109756102
"[40, 12, 31, 48, 62, 25, 15, 27, 30, 51, 56, 19, 23, 8, 65]",35.884715785907844
"[25, 12, 22, 41, 42, 25, 13, 27, 30, 51, 56, 19, 23, 8, 61]",40.38033231707308
"[37, 15, 32, 48, 62, 26, 19, 27, 30, 51, 56, 19, 23, 8, 65]",38.864003726287265
"[34, 13, 31, 48, 62, 25, 20, 27, 30, 51, 56, 20, 23, 8, 63]",38.88365921409208
"[25, 12, 22, 28, 42, 25, 21, 27, 30, 51, 56, 19, 18, 8, 61]",51.05253963414639
"[30, 13, 27, 41, 62, 25, 22, 27, 30, 51, 56, 19, 23, 8, 65]",40.56721205962057
"[33, 14, 32, 48, 56, 27, 21, 27, 30, 51, 56, 19, 21, 6, 60]",56.450388888888654
"[31, 12, 22, 40, 49, 25, 21, 27, 30, 51, 56, 20, 23, 8, 65]",41.69335162601609
"[26, 12, 23, 39, 45, 25, 18, 27, 30, 51, 56, 19, 23, 8, 63]",49.78138956639564
"[30, 14, 30, 48, 62, 25, 22, 27, 30, 51, 60, 19, 23, 8, 65]",40.75645223577242
"[34, 12, 24, 46, 53, 25, 17, 27, 30, 51, 56, 20, 23, 8, 65]",35.447487127371346
"[37, 12, 32, 48, 62, 25, 18, 26, 30, 51, 56, 20, 23, 8, 65]",35.330501355013716
"[39, 13, 32, 48, 62, 25, 20, 27, 30, 51, 57, 21, 23, 8, 65]",37.368727642276475
"[27, 12, 22, 29, 42, 25, 22, 27, 31, 51, 58, 21, 23, 8, 64]",40.62345528455286
"[41, 15, 32, 48, 62, 25, 21, 27, 30, 51, 56, 19, 23, 8, 64]",36.95390243902441
"[29, 12, 25, 42, 53, 26, 19, 27, 30, 51, 56, 19, 23, 8, 63]",39.50152134146341
"[25, 12, 22, 35, 59, 25, 21, 27, 30, 51, 56, 20, 23, 8, 63]",42.41521476964756
"[39, 12, 32, 48, 62, 25, 17, 27, 30, 51, 56, 19, 23, 8, 65]",43.115944783197776
"[39, 12, 32, 48, 62, 25, 18, 27, 30, 51, 56, 21, 23, 8, 64]",42.61751897018977
"[40, 16, 32, 48, 62, 25, 19, 27, 30, 51, 57, 20, 23, 8, 63]",47.72765955284545
"[34, 13, 30, 48, 62, 25, 17, 27, 30, 51, 56, 19, 23, 7, 64]",35.99437567750677
"[25, 12, 22, 28, 42, 25, 22, 27, 30, 51, 56, 19, 23, 8, 62]",51.206216802168136
"[36, 13, 30, 48, 62, 27, 17, 27, 30, 51, 56, 19, 23, 8, 65]",35.854498644986336
"[37, 14, 32, 48, 62, 25, 21, 27, 30, 51, 56, 20, 23, 8, 64]",36.471463414634165
"[25, 12, 22, 28, 42, 25, 16, 27, 30, 53, 56, 19, 18, 8, 62]",62.174347560975654
"[32, 15, 26, 45, 59, 25, 22, 27, 30, 51, 56, 21, 23, 8, 64]",37.052772696476886
"[37, 15, 32, 48, 54, 26, 12, 27, 30, 53, 56, 19, 21, 5, 51]",47.2435704607045
"[25, 12, 25, 41, 49, 25, 16, 27, 30, 51, 56, 19, 23, 8, 65]",35.866128387533735
"[29, 12, 24, 38, 48, 25, 19, 27, 30, 51, 56, 19, 23, 8, 64]",38.34721375338751
"[25, 13, 29, 48, 61, 25, 19, 27, 30, 51, 56, 19, 23, 8, 65]",49.04342750677489
"[29, 12, 25, 48, 51, 25, 17, 27, 30, 51, 56, 20, 23, 8, 63]",39.65906741192409
"[38, 13, 32, 48, 62, 25, 22, 25, 30, 51, 56, 22, 23, 8, 65]",35.59060128726297
"[41, 14, 32, 48, 62, 25, 16, 27, 30, 51, 56, 21, 23, 8, 65]",39.85707689701895
"[27, 12, 22, 32, 42, 25, 15, 27, 31, 51, 57, 21, 23, 8, 65]",45.71975779132798
"[41, 16, 32, 48, 62, 25, 12, 27, 30, 51, 56, 19, 23, 8, 63]",40.206514905149064
"[25, 12, 25, 48, 52, 27, 20, 27, 30, 51, 56, 19, 23, 8, 63]",40.56988008130082
"[25, 12, 27, 45, 58, 25, 22, 27, 30, 51, 56, 20, 23, 8, 64]",48.769710027100366
"[41, 18, 32, 48, 62, 25, 16, 27, 30, 51, 56, 20, 23, 8, 64]",36.857681910569184
"[37, 16, 32, 48, 62, 25, 18, 27, 30, 51, 56, 19, 23, 8, 65]",40.77246239837395
"[41, 13, 32, 48, 62, 25, 18, 27, 30, 51, 56, 19, 23, 8, 65]",51.34654979674788
"[38, 14, 32, 48, 62, 25, 19, 27, 30, 51, 57, 19, 23, 8, 62]",37.66311348238467
"[25, 12, 22, 29, 42, 25, 22, 27, 30, 51, 56, 21, 23, 8, 63]",49.68914871273721
"[36, 12, 32, 48, 62, 26, 17, 27, 30, 51, 56, 19, 23, 8, 65]",38.937663617886066
"[39, 13, 32, 48, 62, 25, 18, 27, 30, 51, 56, 19, 23, 8, 65]",39.24869444444458
"[25, 12, 22, 30, 43, 25, 13, 27, 30, 54, 56, 19, 23, 5, 62]",51.32780284552849
"[35, 15, 28, 45, 52, 25, 22, 27, 30, 51, 56, 22, 23, 8, 64]",52.00719579945796
"[36, 19, 32, 48, 55, 25, 12, 27, 30, 54, 56, 19, 22, 5, 52]",67.02740040650411
"[29, 12, 27, 36, 48, 25, 13, 27, 30, 51, 58, 19, 23, 8, 65]",45.00829098916
"[26, 12, 22, 40, 51, 25, 19, 27, 30, 51, 56, 19, 23, 8, 64]",45.788157181571776
"[26, 12, 27, 48, 58, 25, 15, 27, 30, 51, 56, 19, 23, 8, 65]",38.113265921409145
"[29, 12, 25, 41, 55, 25, 19, 27, 30, 51, 56, 20, 23, 8, 64]",44.84630928184287
"[38, 15, 32, 48, 62, 25, 18, 24, 30, 51, 57, 20, 23, 8, 65]",37.16418055555552
"[41, 15, 32, 48, 62, 25, 13, 27, 30, 51, 56, 19, 23, 8, 65]",37.119579268292696
"[25, 12, 22, 36, 42, 25, 14, 27, 31, 51, 56, 20, 23, 8, 65]",51.58550711382109
"[38, 16, 32, 48, 62, 25, 13, 27, 30, 51, 56, 19, 23, 8, 63]",44.875947831978095
"[35, 12, 28, 46, 52, 26, 19, 27, 30, 51, 56, 20, 23, 8, 63]",46.220128048780495
"[25, 12, 32, 44, 47, 25, 19, 27, 30, 51, 56, 19, 23, 8, 64]",42.29676219512204
"[41, 16, 32, 48, 62, 25, 14, 27, 30, 51, 58, 19, 23, 8, 64]",49.462713753387646
"[34, 16, 32, 48, 62, 25, 18, 27, 30, 51, 56, 19, 23, 8, 65]",36.42830115176162
"[38, 12, 32, 48, 62, 25, 17, 27, 30, 51, 56, 19, 23, 8, 65]",35.51320020325202
"[41, 15, 32, 48, 62, 25, 17, 27, 30, 51, 56, 19, 23, 8, 63]",35.67115108401077
"[25, 12, 22, 38, 42, 25, 12, 27, 30, 51, 56, 19, 23, 8, 64]",46.43352913279151
"[36, 17, 32, 48, 62, 25, 18, 27, 30, 51, 59, 19, 23, 8, 64]",36.53645596205957
"[38, 13, 31, 48, 62, 25, 17, 27, 30, 51, 56, 19, 23, 8, 64]",39.63138177506788
"[26, 12, 22, 37, 46, 25, 18, 27, 30, 51, 56, 19, 23, 7, 62]",39.296216463414595
"[33, 12, 30, 42, 52, 25, 17, 27, 30, 51, 56, 20, 23, 8, 65]",58.72826897018963
"[34, 16, 32, 48, 55, 25, 17, 27, 30, 51, 56, 19, 23, 8, 57]",62.745060298103034
"[33, 12, 22, 32, 49, 25, 16, 27, 30, 51, 56, 20, 23, 8, 64]",36.7862289972899
"[29, 12, 22, 40, 51, 25, 17, 27, 30, 51, 56, 19, 23, 8, 64]",39.13574898373984
"[29, 12, 26, 39, 55, 25, 16, 27, 30, 51, 56, 20, 23, 8, 65]",36.960757113821
"[31, 12, 25, 36, 56, 25, 20, 27, 30, 51, 56, 19, 23, 8, 64]",39.65047289972907
"[39, 14, 32, 48, 62, 25, 15, 27, 30, 51, 57, 19, 23, 8, 65]",35.988928523035206
"[39, 15, 32, 48, 62, 25, 16, 26, 30, 51, 57, 19, 23, 8, 64]",38.345430216802185
"[25, 12, 23, 41, 42, 25, 21, 27, 30, 51, 56, 19, 23, 8, 65]",35.93499186991859
"[36, 12, 32, 48, 62, 25, 21, 27, 30, 51, 56, 20, 23, 8, 63]",44.05969004065042
"[41, 12, 29, 40, 55, 25, 17, 27, 30, 51, 56, 19, 23, 8, 64]",37.04020426829259
"[32, 12, 32, 43, 43, 25, 17, 27, 30, 51, 56, 19, 23, 8, 64]",40.20054098915969
"[41, 12, 32, 48, 62, 25, 15, 27, 30, 51, 57, 19, 23, 8, 65]",39.80641802168019
"[34, 13, 32, 48, 62, 25, 18, 25, 30, 51, 57, 19, 23, 8, 64]",37.89194817073171
"[39, 14, 31, 48, 62, 25, 17, 27, 30, 51, 58, 20, 23, 8, 64]",43.93054132791323
"[39, 16, 32, 48, 62, 25, 15, 27, 30, 51, 56, 19, 23, 8, 64]",36.539463753387594
"[25, 12, 22, 35, 42, 25, 12, 27, 30, 51, 56, 19, 23, 8, 64]",44.37645630081297
"[39, 19, 32, 48, 62, 25, 18, 27, 30, 51, 57, 20, 23, 8, 65]",49.592680216802094
"[35, 14, 31, 48, 62, 25, 20, 27, 30, 51, 57, 20, 23, 8, 63]",38.794151761517604
"[25, 12, 22, 39, 43, 25, 22, 27, 30, 51, 56, 19, 23, 8, 61]",46.03724796748
"[30, 12, 25, 42, 62, 25, 16, 27, 30, 51, 57, 20, 23, 8, 65]",40.24488245257451
"[34, 12, 32, 48, 62, 25, 19, 27, 30, 51, 56, 19, 23, 8, 59]",60.33124932249345
"[31, 12, 22, 34, 52, 25, 19, 27, 30, 51, 56, 22, 23, 8, 64]",35.58262432249328
"[31, 12, 26, 43, 42, 25, 16, 27, 30, 51, 56, 20, 23, 8, 64]",41.26582791327919
"[34, 12, 27, 38, 54, 25, 20, 27, 30, 51, 56, 21, 23, 8, 65]",37.59573983739843
"[33, 12, 26, 42, 56, 25, 17, 27, 30, 51, 57, 19, 23, 8, 64]",37.189268970189644
"[40, 14, 32, 48, 62, 25, 17, 27, 30, 51, 56, 21, 23, 8, 65]",35.595479674796884
"[35, 14, 32, 48, 62, 25, 19, 24, 30, 51, 58, 21, 23, 8, 63]",39.366286246612475
"[27, 12, 22, 29, 42, 25, 22, 27, 30, 51, 58, 20, 23, 8, 65]",41.6321470189702
"[40, 12, 32, 48, 62, 25, 19, 25, 30, 51, 56, 20, 23, 8, 63]",36.52166090785908
"[36, 12, 29, 44, 60, 25, 17, 27, 30, 51, 56, 19, 23, 8, 65]",39.14415514905155
"[31, 12, 25, 37, 45, 25, 17, 27, 30, 51, 56, 19, 23, 8, 64]",40.0777323848238
"[41, 12, 32, 48, 62, 25, 18, 27, 30, 51, 56, 22, 23, 8, 65]",36.5565159214092
"[35, 12, 32, 48, 62, 25, 15, 27, 30, 51, 57, 19, 23, 8, 63]",42.3152249322493
"[38, 15, 31, 48, 62, 25, 17, 27, 30, 51, 58, 19, 23, 8, 64]",46.52497933604337
"[38, 16, 32, 48, 62, 25, 19, 27, 30, 51, 56, 19, 23, 8, 64]",39.72878963414635
"[25, 12, 22, 30, 42, 25, 12, 27, 30, 51, 56, 19, 23, 8, 63]",40.42692208672075
"[39, 12, 32, 48, 62, 25, 17, 26, 30, 51, 56, 22, 23, 8, 65]",49.68981842818422
"[37, 14, 32, 48, 62, 25, 19, 27, 30, 51, 56, 20, 23, 8, 63]",44.13480081300817
"[29, 12, 22, 35, 42, 25, 21, 27, 30, 51, 56, 19, 23, 8, 62]",51.270980691057126
"[30, 12, 23, 42, 62, 25, 22, 27, 30, 51, 57, 20, 23, 8, 64]",38.98402676151781
"[37, 12, 32, 48, 59, 25, 17, 27, 30, 51, 56, 19, 22, 8, 53]",53.19456131436318
"[25, 12, 22, 46, 50, 25, 20, 27, 30, 51, 56, 21, 23, 8, 64]",37.31760501355007
"[31, 12, 27, 41, 47, 25, 18, 27, 30, 51, 56, 21, 23, 8, 64]",47.374272357723335
"[32, 12, 26, 43, 53, 25, 20, 27, 30, 51, 56, 21, 23, 8, 65]",44.69311754742563
"[32, 12, 26, 48, 51, 25, 17, 27, 30, 51, 57, 19, 23, 8, 64]",44.134866869918675
"[38, 14, 32, 48, 62, 25, 20, 27, 30, 51, 56, 21, 23, 8, 65]",40.36777879403794
"[36, 13, 32, 48, 62, 25, 20, 25, 30, 51, 56, 21, 23, 8, 65]",51.21140447154462
"[25, 12, 22, 28, 42, 25, 17, 27, 30, 51, 57, 19, 23, 8, 65]",50.35155589430878
"[36, 12, 32, 48, 62, 25, 16, 27, 30, 51, 56, 19, 23, 8, 63]",35.22278624661243
"[29, 12, 28, 48, 62, 25, 18, 27, 30, 51, 56, 19, 23, 8, 64]",36.794594850948485
"[25, 12, 22, 34, 59, 25, 20, 27, 30, 51, 56, 19, 23, 8, 64]",43.583196476964666
"[41, 15, 32, 48, 62, 25, 18, 26, 30, 51, 56, 24, 23, 8, 65]",37.69776930894318
"[36, 15, 32, 48, 62, 25, 18, 27, 30, 51, 56, 19, 23, 8, 64]",37.91153252032529
"[41, 15, 31, 48, 62, 25, 17, 27, 30, 51, 56, 20, 23, 8, 65]",51.82737195121925
"[40, 13, 32, 48, 62, 25, 19, 27, 30, 51, 56, 19, 23, 8, 65]",44.16385162601623
"[25, 12, 22, 32, 42, 25, 13, 27, 30, 51, 56, 20, 23, 8, 62]",54.86399796747961
"[37, 12, 32, 48, 62, 25, 17, 27, 30, 51, 56, 22, 23, 8, 65]",37.64334756097562
"[38, 12, 32, 48, 62, 25, 19, 27, 30, 51, 56, 19, 23, 8, 65]",53.33438346883452
"[28, 12, 22, 33, 44, 25, 14, 27, 30, 51, 56, 19, 23, 8, 63]",47.71941598915993
"[34, 12, 28, 42, 51, 25, 22, 27, 30, 51, 56, 21, 23, 8, 64]",42.26018360433605
"[38, 16, 32, 48, 54, 25, 15, 27, 30, 55, 56, 19, 21, 6, 53]",58.06731266937676
"[26, 12, 23, 41, 46, 25, 17, 27, 30, 51, 56, 19, 23, 8, 65]",39.646832317073425
"[25, 12, 23, 42, 56, 25, 19, 27, 30, 51, 57, 20, 23, 8, 65]",51.16112330623318
"[26, 12, 26, 48, 55, 25, 17, 27, 30, 51, 56, 21, 23, 8, 65]",43.60225846883459
"[31, 13, 25, 46, 53, 25, 20, 27, 30, 51, 56, 19, 23, 8, 64]",38.94176592140922
"[36, 15, 32, 48, 62, 25, 20, 27, 30, 51, 56, 19, 23, 8, 65]",37.14866632791335
"[41, 12, 32, 48, 62, 25, 12, 27, 30, 51, 56, 21, 23, 8, 65]",37.38947052845528
"[25, 12, 22, 38, 42, 25, 16, 27, 30, 51, 56, 20, 23, 8, 65]",46.41221646341465
"[37, 12, 32, 48, 62, 25, 15, 27, 30, 51, 56, 19, 23, 8, 63]",36.86769275067754
"[26, 12, 28, 48, 61, 25, 19, 27, 30, 51, 56, 19, 23, 8, 63]",36.586340785907986
"[25, 12, 22, 40, 46, 25, 22, 27, 30, 51, 56, 19, 23, 8, 64]",51.929758807587994
"[41, 17, 32, 48, 62, 25, 19, 25, 30, 51, 56, 20, 23, 8, 65]",42.63848373983747
"[38, 15, 31, 48, 62, 25, 19, 27, 30, 51, 56, 19, 23, 8, 65]",50.142888550135346
"[41, 14, 31, 48, 62, 25, 20, 27, 30, 51, 56, 21, 23, 8, 65]",40.22542411924117
"[40, 12, 30, 48, 62, 25, 19, 27, 30, 51, 56, 19, 23, 8, 65]",32.5673692411924
"[25, 12, 22, 35, 42, 25, 16, 27, 30, 51, 56, 20, 23, 8, 63]",53.481831639566344
"[36, 12, 32, 48, 62, 25, 17, 27, 30, 51, 56, 19, 23, 8, 65]",41.27027879403815
"[38, 13, 31, 48, 62, 25, 19, 27, 30, 51, 56, 19, 23, 8, 65]",41.34238516260171
"[27, 12, 22, 34, 45, 25, 14, 27, 30, 51, 56, 19, 23, 8, 65]",42.43196646341449
"[37, 12, 29, 41, 48, 25, 21, 27, 30, 51, 56, 21, 23, 8, 65]",56.12505149051489
"[37, 17, 31, 48, 56, 25, 14, 27, 30, 52, 56, 19, 21, 6, 60]",65.95625169376686
"[36, 12, 27, 35, 45, 25, 17, 27, 30, 51, 56, 19, 23, 8, 65]",37.273865176151915
"[25, 12, 22, 43, 48, 25, 18, 26, 30, 51, 56, 19, 23, 8, 65]",39.75737669376692
"[27, 12, 26, 39, 54, 25, 17, 27, 30, 51, 56, 21, 23, 8, 65]",41.45749254742562
"[34, 12, 27, 39, 57, 25, 21, 27, 30, 51, 56, 20, 23, 8, 65]",43.91619037940382
"[39, 14, 32, 48, 62, 25, 17, 27, 30, 51, 56, 19, 23, 8, 65]",40.87077269647698
"[41, 15, 32, 48, 62, 25, 16, 27, 30, 51, 56, 19, 23, 8, 65]",38.363604674796825
"[25, 12, 22, 40, 42, 25, 22, 27, 30, 51, 56, 21, 23, 8, 65]",39.96771341463417
"[41, 14, 32, 48, 62, 25, 18, 27, 30, 51, 56, 20, 23, 8, 63]",37.687931233062294
"[34, 13, 30, 48, 54, 25, 20, 27, 30, 51, 56, 20, 23, 8, 63]",45.53883502710021
"[25, 12, 26, 31, 42, 25, 22, 27, 30, 51, 56, 19, 23, 8, 64]",41.084808943089364
"[41, 17, 32, 48, 62, 25, 17, 25, 30, 51, 56, 19, 23, 8, 65]",37.62546510840115
"[39, 16, 29, 48, 62, 25, 17, 27, 30, 51, 56, 20, 23, 8, 65]",41.214135501354924
"[41, 14, 30, 48, 62, 25, 20, 27, 30, 51, 56, 21, 23, 8, 65]",37.94870054200544
"[41, 12, 30, 48, 62, 25, 19, 27, 30, 51, 56, 20, 23, 8, 65]",34.77983434959344
"[25, 12, 22, 37, 42, 25, 19, 24, 30, 51, 56, 19, 23, 8, 63]",46.390166666666566
"[37, 13, 31, 48, 62, 25, 20, 27, 30, 51, 56, 19, 23, 8, 65]",33.95618529810294
"[38, 15, 31, 48, 61, 25, 19, 27, 30, 51, 56, 19, 23, 8, 65]",35.51422391598913
"[29, 12, 22, 36, 48, 25, 19, 27, 30, 51, 56, 19, 23, 8, 65]",37.18457859078589
"[31, 13, 25, 39, 55, 25, 17, 27, 30, 51, 56, 20, 23, 8, 65]",47.289932249322625
"[35, 14, 32, 48, 58, 25, 22, 27, 30, 51, 56, 19, 23, 8, 65]",56.398214092140904
"[37, 12, 28, 31, 54, 25, 17, 27, 30, 51, 56, 19, 23, 8, 65]",36.7919840785909
"[27, 12, 24, 43, 44, 25, 17, 26, 30, 51, 56, 19, 23, 8, 65]",36.07200440379414
"[28, 12, 26, 37, 51, 25, 19, 27, 30, 51, 56, 20, 23, 8, 65]",48.028111449864575
"[35, 13, 26, 43, 55, 25, 18, 27, 30, 51, 56, 21, 23, 8, 65]",38.56043157181564
"[39, 14, 32, 48, 62, 25, 18, 27, 30, 51, 56, 20, 23, 8, 65]",35.81025406504062
"[41, 17, 32, 48, 62, 25, 21, 27, 30, 51, 56, 19, 23, 8, 65]",34.88053014905142
"[32, 12, 22, 30, 42, 25, 22, 27, 30, 51, 56, 21, 23, 8, 65]",51.22604471544713
"[41, 15, 32, 48, 62, 25, 21, 27, 30, 51, 56, 20, 23, 8, 63]",39.845915650406454
"[40, 14, 30, 48, 55, 25, 20, 27, 30, 52, 56, 20, 23, 8, 63]",42.203573509485054
"[30, 12, 30, 32, 44, 25, 22, 27, 30, 51, 56, 20, 23, 8, 65]",44.6924732384824
"[41, 12, 32, 48, 62, 25, 16, 27, 30, 51, 56, 19, 23, 8, 65]",40.59478014905162
"[38, 13, 29, 48, 62, 25, 17, 27, 30, 51, 56, 20, 23, 8, 65]",38.32107079945799
"[41, 13, 30, 48, 62, 25, 18, 27, 30, 51, 56, 19, 23, 8, 65]",39.86154098915976
"[41, 16, 32, 48, 62, 25, 19, 27, 30, 51, 56, 20, 23, 8, 65]",36.095446138211514
"[25, 12, 22, 36, 42, 25, 19, 27, 30, 51, 56, 19, 23, 8, 65]",46.12386415989167
"[41, 15, 32, 48, 62, 25, 22, 27, 30, 51, 56, 19, 23, 8, 65]",37.64198509485094
"[38, 14, 32, 48, 60, 25, 19, 27, 30, 51, 56, 19, 23, 8, 64]",37.28526185636868
"[28, 12, 22, 33, 48, 25, 22, 27, 30, 51, 56, 20, 23, 8, 65]",41.1225487804877
"[30, 13, 23, 40, 62, 25, 21, 27, 30, 51, 56, 19, 23, 8, 65]",36.847095867208765
"[36, 12, 31, 48, 60, 25, 22, 27, 30, 51, 56, 19, 23, 8, 65]",39.38996205962061
"[25, 12, 22, 37, 53, 25, 20, 27, 30, 51, 57, 20, 23, 8, 65]",37.46832384823838
"[34, 12, 27, 32, 49, 25, 19, 27, 30, 51, 56, 19, 23, 8, 65]",34.91080724932246
"[28, 13, 24, 45, 48, 25, 21, 27, 30, 51, 56, 20, 23, 8, 65]",42.23698746612462
"[34, 13, 25, 48, 53, 25, 18, 27, 30, 51, 56, 20, 23, 8, 65]",42.77481266937671
"[38, 13, 32, 48, 62, 25, 19, 27, 30, 51, 56, 20, 23, 8, 65]",36.949435298102934
"[41, 15, 32, 48, 62, 25, 18, 27, 30, 51, 56, 20, 23, 8, 65]",44.05914532520333
"[32, 12, 22, 28, 42, 25, 20, 27, 30, 51, 56, 19, 23, 8, 65]",46.640024390243845
"[41, 15, 32, 48, 62, 25, 22, 27, 30, 51, 56, 19, 23, 8, 64]",48.78920731707308
"[32, 13, 29, 48, 62, 25, 19, 27, 30, 52, 56, 19, 23, 8, 63]",49.00896273712716
"[26, 12, 22, 36, 53, 25, 21, 27, 30, 51, 56, 20, 23, 8, 65]",38.68689566395679
"[41, 12, 32, 48, 62, 25, 15, 27, 30, 51, 57, 19, 23, 8, 65]",36.61704234417346
"[36, 15, 32, 48, 62, 25, 17, 27, 30, 51, 56, 20, 23, 8, 65]",35.78038550135504
"[41, 14, 32, 48, 62, 25, 18, 27, 30, 51, 56, 20, 23, 8, 65]",41.17841971544723
"[41, 16, 32, 48, 62, 25, 19, 27, 30, 51, 56, 21, 23, 8, 65]",51.594004403794095
"[26, 12, 22, 29, 42, 25, 17, 27, 30, 51, 56, 19, 23, 8, 64]",39.094126355013564
"[41, 15, 32, 48, 62, 25, 17, 27, 30, 51, 56, 19, 23, 8, 65]",38.27397052845527
"[36, 13, 31, 48, 61, 25, 19, 27, 30, 51, 56, 19, 23, 8, 64]",34.27980352303516
"[28, 12, 22, 33, 45, 25, 19, 27, 30, 51, 56, 20, 23, 8, 64]",43.62327608401085
"[35, 12, 29, 42, 46, 25, 22, 27, 30, 51, 56, 19, 23, 8, 63]",36.18588075880755
"[36, 12, 28, 44, 61, 25, 22, 27, 30, 53, 56, 19, 23, 8, 65]",36.14048848238487
"[28, 12, 22, 45, 45, 25, 20, 27, 30, 51, 56, 21, 23, 8, 65]",39.325601964769795
"[36, 12, 26, 31, 52, 25, 20, 27, 30, 51, 56, 20, 23, 7, 65]",42.399239159891536
"[35, 12, 24, 45, 51, 25, 21, 27, 30, 51, 56, 19, 23, 8, 65]",37.446010840108436
"[34, 14, 29, 46, 52, 25, 20, 26, 30, 51, 56, 19, 23, 8, 65]",37.702784214092134
"[41, 14, 32, 48, 62, 25, 19, 25, 30, 51, 57, 20, 23, 8, 65]",37.89761314363155
"[41, 12, 32, 48, 62, 25, 15, 27, 30, 51, 56, 22, 23, 8, 65]",37.94172493224934
"[25, 12, 22, 37, 42, 25, 17, 27, 30, 51, 56, 19, 23, 8, 65]",44.899367547425356
"[38, 14, 32, 48, 62, 25, 20, 27, 30, 51, 56, 19, 23, 8, 65]",48.348823170731656
"[32, 14, 30, 46, 62, 25, 18, 27, 30, 53, 56, 19, 23, 8, 64]",36.589384485094854
"[26, 12, 22, 40, 56, 25, 19, 27, 30, 51, 56, 21, 23, 8, 64]",36.05982554200537
"[41, 17, 32, 48, 62, 25, 20, 27, 30, 51, 56, 20, 23, 8, 65]",34.477856368563714
"[35, 15, 32, 48, 62, 25, 17, 27, 30, 51, 56, 21, 23, 8, 65]",36.89969241192401
"[39, 14, 32, 48, 62, 25, 18, 27, 30, 51, 56, 21, 23, 8, 65]",35.77504505420058
"[40, 14, 32, 48, 62, 25, 19, 27, 30, 51, 57, 21, 23, 8, 65]",41.81986178861793
"[25, 12, 22, 29, 42, 25, 15, 27, 30, 51, 56, 20, 23, 8, 63]",49.943117547425246
"[40, 15, 32, 48, 62, 25, 16, 27, 30, 51, 56, 19, 23, 8, 64]",37.902309281842776
"[36, 13, 30, 48, 61, 25, 19, 27, 30, 51, 56, 20, 23, 8, 65]",38.25954878048782
"[27, 12, 22, 33, 44, 25, 17, 27, 30, 51, 56, 20, 23, 8, 65]",42.24140108401065
"[38, 12, 30, 42, 50, 25, 18, 27, 30, 51, 56, 20, 23, 8, 63]",40.07706300813015
"[37, 12, 30, 43, 58, 25, 19, 27, 30, 55, 56, 19, 23, 7, 65]",36.77740311653126
"[36, 12, 23, 31, 43, 25, 15, 27, 30, 51, 56, 20, 23, 8, 65]",38.22484383468837
"[35, 12, 24, 38, 51, 25, 20, 27, 30, 51, 56, 20, 23, 8, 65]",40.1052567750678
"[37, 13, 23, 39, 54, 25, 18, 27, 30, 51, 56, 21, 23, 8, 65]",37.777466802167986
"[36, 12, 29, 42, 56, 25, 19, 25, 30, 51, 56, 20, 23, 8, 65]",40.295938685636905
"[40, 13, 32, 48, 62, 25, 19, 27, 30, 51, 58, 22, 23, 8, 65]",41.391029132791324
"[41, 14, 32, 48, 62, 25, 18, 27, 30, 51, 56, 22, 23, 8, 65]",40.2734454607045
"[25, 12, 22, 39, 42, 25, 18, 27, 30, 51, 56, 19, 23, 8, 65]",41.3558069105691
"[36, 13, 32, 48, 62, 25, 17, 27, 30, 51, 56, 19, 23, 8, 65]",36.90032655826551
"[31, 15, 30, 48, 61, 25, 19, 27, 30, 51, 56, 20, 23, 8, 65]",42.40223475609733
"[33, 12, 26, 36, 44, 25, 20, 27, 30, 51, 56, 21, 23, 8, 64]",39.566154810298094
"[41, 19, 32, 48, 62, 25, 19, 27, 30, 51, 56, 20, 23, 8, 65]",35.427980352303564
"[38, 16, 32, 48, 62, 25, 19, 27, 30, 51, 56, 21, 23, 8, 65]",48.11499728997295
"[37, 14, 31, 48, 62, 25, 18, 27, 30, 51, 56, 20, 23, 8, 65]",40.10419376693783
"[41, 13, 32, 48, 62, 25, 19, 27, 30, 51, 56, 20, 23, 8, 65]",37.19064159891601
"[25, 12, 22, 35, 42, 25, 18, 27, 30, 51, 56, 20, 23, 8, 65]",47.28048780487818
"[40, 14, 32, 48, 62, 25, 17, 27, 30, 51, 56, 19, 23, 8, 64]",41.128841463414574
"[37, 12, 32, 48, 60, 25, 19, 27, 30, 51, 56, 20, 23, 8, 65]",35.86681639566398
"[28, 12, 22, 33, 42, 25, 19, 27, 30, 51, 56, 19, 23, 8, 65]",48.50514803523056
"[33, 12, 24, 40, 59, 25, 17, 27, 30, 51, 56, 19, 23, 8, 64]",37.07077743902448
"[36, 12, 30, 45, 58, 26, 20, 27, 30, 53, 56, 19, 23, 7, 65]",39.416555216802145
"[41, 12, 26, 29, 51, 25, 17, 27, 30, 51, 56, 19, 23, 8, 65]",43.536205962059924
"[32, 12, 27, 41, 50, 25, 19, 27, 30, 51, 56, 20, 23, 8, 65]",37.04126456639556
"[29, 13, 28, 38, 57, 25, 17, 27, 30, 51, 56, 21, 23, 8, 65]",45.339679539295275
"[36, 12, 26, 47, 59, 25, 18, 27, 30, 51, 56, 20, 23, 8, 64]",36.961215447154416
"[41, 14, 32, 48, 62, 25, 19, 27, 30, 51, 56, 21, 23, 8, 65]",45.52224356368565
"[41, 14, 32, 48, 62, 25, 16, 27, 30, 51, 56, 20, 23, 8, 65]",35.944921070460644
"[25, 12, 22, 31, 42, 25, 20, 27, 30, 51, 56, 19, 23, 8, 65]",42.13967987804884
"[41, 13, 32, 48, 62, 25, 16, 27, 30, 51, 56, 19, 23, 8, 65]",37.24729098915987
"[35, 14, 29, 46, 56, 25, 20, 27, 30, 51, 56, 19, 23, 8, 65]",36.56898746612464
"[27, 12, 30, 34, 43, 25, 22, 27, 30, 51, 56, 19, 23, 7, 65]",52.08102710027086
"[41, 16, 32, 48, 62, 25, 18, 27, 30, 51, 56, 19, 23, 8, 65]",40.534886178861804
"[40, 16, 32, 48, 62, 25, 20, 26, 30, 51, 56, 20, 23, 8, 65]",39.991743224932186
"[39, 12, 31, 48, 62, 25, 18, 27, 30, 51, 56, 19, 23, 8, 65]",45.67398882113821
"[41, 12, 32, 48, 62, 25, 19, 27, 30, 51, 56, 20, 23, 8, 65]",36.756985094851004
"[25, 12, 22, 35, 42, 25, 20, 27, 30, 51, 56, 20, 23, 8, 65]",44.23249051490525
"[41, 13, 32, 48, 62, 25, 20, 27, 30, 51, 56, 19, 23, 8, 65]",45.579541327913404
"[39, 14, 32, 47, 60, 25, 20, 27, 30, 51, 56, 20, 23, 8, 64]",34.849084010840194
"[26, 12, 22, 32, 42, 25, 21, 26, 30, 51, 56, 20, 23, 8, 65]",44.7981490514906
"[31, 12, 22, 43, 62, 25, 20, 27, 30, 51, 56, 19, 23, 8, 65]",40.52993597560985
"[36, 12, 28, 46, 61, 27, 21, 27, 31, 51, 56, 19, 23, 8, 65]",42.523556233062415
"[25, 12, 22, 36, 55, 25, 22, 27, 30, 51, 56, 19, 23, 8, 65]",36.25367479674804
"[30, 12, 28, 43, 49, 25, 19, 27, 30, 51, 56, 20, 23, 8, 65]",36.85190379403784
"[30, 13, 30, 42, 53, 25, 20, 27, 30, 51, 56, 21, 23, 8, 65]",40.09288855013544
"[34, 14, 26, 48, 57, 25, 19, 27, 30, 51, 56, 19, 23, 8, 63]",38.89971307588071
"[41, 14, 32, 48, 62, 25, 18, 26, 30, 51, 56, 20, 23, 8, 65]",49.79681063685617
"[41, 15, 32, 48, 62, 25, 14, 26, 30, 51, 56, 19, 23, 8, 65]",35.69282418699196
"[25, 12, 22, 30, 42, 25, 21, 25, 30, 51, 56, 19, 23, 8, 65]",42.04878048780462
"[41, 12, 32, 48, 62, 25, 17, 27, 30, 51, 56, 19, 23, 8, 65]",33.861127371273675
"[41, 16, 29, 46, 57, 25, 21, 27, 30, 51, 56, 20, 23, 8, 65]",36.77678760162609
"[25, 12, 24, 39, 50, 25, 20, 27, 30, 51, 56, 19, 23, 8, 65]",43.70556910569087
"[41, 13, 32, 48, 62, 25, 16, 25, 30, 51, 56, 19, 23, 8, 65]",40.24271409214107
"[39, 14, 32, 48, 62, 25, 15, 27, 30, 51, 56, 20, 23, 8, 65]",46.57231944444422
"[39, 13, 31, 48, 62, 25, 19, 27, 30, 51, 56, 20, 23, 8, 65]",38.493285907859004
"[41, 14, 32, 48, 62, 25, 19, 26, 30, 51, 56, 20, 23, 8, 65]",35.67328421409228
"[25, 12, 22, 31, 42, 25, 15, 26, 30, 51, 56, 21, 23, 8, 65]",43.7670890921408
"[40, 14, 32, 48, 62, 25, 20, 27, 30, 51, 56, 20, 23, 8, 65]",35.005135501355134
"[38, 15, 31, 48, 62, 25, 20, 27, 30, 51, 57, 19, 23, 8, 65]",37.900203590785964
"[27, 12, 22, 37, 44, 25, 19, 25, 30, 51, 56, 19, 23, 8, 65]",37.11651287262878
"[33, 12, 27, 43, 62, 25, 21, 27, 30, 51, 56, 19, 23, 8, 64]",38.36426863143633
"[35, 12, 28, 45, 59, 26, 21, 27, 33, 51, 56, 19, 23, 8, 65]",35.57911009485083
"[25, 12, 22, 47, 42, 25, 18, 27, 30, 51, 56, 20, 23, 8, 65]",38.461958333333236
"[32, 12, 25, 39, 51, 25, 19, 27, 30, 51, 56, 21, 23, 8, 65]",45.00918123306255
"[35, 12, 28, 47, 50, 25, 20, 27, 30, 51, 56, 19, 23, 8, 65]",47.037678861788685
"[35, 12, 28, 45, 55, 25, 20, 27, 30, 51, 56, 19, 23, 8, 63]",37.512797764227685
"[39, 14, 32, 48, 62, 25, 18, 27, 30, 51, 56, 19, 23, 8, 65]",38.07945121951208
"[41, 15, 32, 48, 62, 25, 19, 27, 30, 51, 56, 20, 23, 8, 65]",38.598649051490604
"[25, 12, 22, 33, 42, 25, 20, 27, 30, 51, 56, 19, 23, 8, 65]",39.194660569105714
"[41, 13, 32, 48, 62, 25, 21, 27, 30, 51, 56, 19, 23, 8, 65]",35.05033130081314
"[41, 17, 32, 48, 59, 25, 21, 27, 30, 51, 56, 20, 23, 8, 65]",49.425336382113905
"[32, 12, 22, 38, 54, 25, 17, 27, 30, 51, 56, 20, 23, 8, 63]",36.249076897018924
"[41, 16, 32, 48, 62, 25, 14, 25, 30, 51, 56, 19, 23, 8, 65]",36.40253455284555
"[37, 14, 32, 48, 62, 25, 12, 27, 30, 51, 56, 20, 23, 8, 65]",37.478989498644935
"[39, 13, 31, 48, 62, 25, 18, 26, 30, 51, 56, 20, 23, 8, 65]",33.97509417344168
"[41, 15, 32, 48, 62, 25, 19, 27, 30, 51, 56, 20, 23, 8, 65]",38.291512533875206
"[25, 12, 22, 33, 42, 25, 14, 27, 30, 51, 56, 20, 23, 8, 64]",44.18352913279143
"[40, 16, 31, 48, 62, 25, 18, 27, 30, 51, 56, 20, 23, 8, 65]",36.28778827913285
"[37, 14, 31, 48, 62, 25, 18, 27, 30, 51, 56, 21, 23, 8, 65]",37.910920731707215
"[30, 12, 22, 38, 47, 25, 17, 27, 30, 51, 56, 20, 23, 8, 65]",48.41329776422756
"[38, 12, 32, 41, 53, 25, 22, 27, 30, 51, 56, 19, 23, 8, 64]",45.41738787262888
"[36, 12, 29, 44, 55, 25, 19, 27, 34, 51, 56, 19, 23, 8, 65]",35.020489837398465
"[25, 12, 27, 34, 42, 25, 15, 26, 30, 51, 56, 20, 23, 8, 65]",41.221915989159804
"[35, 12, 25, 28, 49, 25, 19, 27, 30, 51, 56, 21, 23, 8, 64]",43.00374796747974
"[38, 12, 25, 42, 57, 25, 18, 27, 30, 51, 56, 20, 23, 8, 65]",35.68946849593491
"[35, 12, 28, 43, 56, 25, 20, 27, 30, 51, 56, 19, 23, 8, 65]",38.045771341463485
"[39, 13, 32, 48, 62, 25, 19, 27, 30, 51, 56, 20, 23, 8, 65]",43.03147154471541
"[41, 15, 32, 48, 62, 25, 21, 26, 30, 51, 56, 22, 23, 8, 65]",36.04456266937653
"[25, 12, 22, 37, 42, 25, 19, 27, 30, 51, 56, 20, 23, 8, 65]",39.86836246612465
"[41, 14, 32, 48, 62, 25, 21, 27, 30, 51, 56, 20, 23, 8, 65]",37.58507859078596
"[37, 14, 32, 48, 62, 25, 18, 27, 30, 51, 56, 21, 23, 8, 65]",41.05502574525757
"[32, 12, 24, 36, 50, 25, 16, 27, 30, 51, 56, 19, 23, 8, 65]",46.39494986449864
"[41, 16, 32, 48, 62, 25, 17, 26, 30, 51, 57, 19, 23, 8, 65]",40.30965718157187
"[38, 14, 32, 48, 62, 25, 22, 27, 30, 51, 56, 20, 23, 8, 65]",43.382739159891585
"[38, 12, 30, 48, 60, 25, 18, 27, 30, 51, 56, 19, 23, 8, 65]",32.90117750677495
"[41, 14, 32, 48, 62, 25, 19, 27, 30, 51, 57, 21, 23, 8, 65]",37.868564701896965
"[25, 12, 22, 36, 42, 25, 19, 25, 30, 51, 56, 19, 23, 8, 65]",46.02713380758807
"[41, 14, 31, 48, 62, 25, 19, 27, 30, 51, 56, 20, 23, 8, 65]",36.31912228997282
"[38, 14, 32, 48, 62, 25, 18, 26, 30, 51, 56, 22, 23, 8, 65]",40.607717140921245
"[31, 12, 23, 33, 47, 25, 20, 27, 30, 51, 56, 20, 23, 8, 65]",38.9537655826558
"[37, 13, 30, 43, 50, 25, 19, 27, 30, 51, 56, 19, 23, 8, 65]",36.56916395663948
"[39, 12, 31, 44, 54, 26, 19, 27, 30, 51, 56, 19, 23, 8, 65]",35.9230880758808
"[30, 12, 24, 28, 50, 25, 18, 25, 30, 51, 57, 21, 23, 8, 65]",35.648085704607105
"[37, 12, 27, 35, 47, 25, 19, 27, 30, 51, 56, 19, 23, 8, 65]",57.77733841463423
"[31, 12, 23, 41, 62, 25, 18, 27, 30, 51, 56, 22, 23, 8, 65]",35.284782520325244
"[33, 12, 26, 42, 56, 25, 19, 27, 30, 51, 56, 19, 23, 8, 65]",38.46585670731716
"[39, 13, 32, 48, 62, 25, 19, 27, 30, 51, 56, 21, 23, 8, 65]",35.78671239837412
"[41, 15, 32, 48, 62, 25, 16, 25, 30, 51, 56, 21, 23, 8, 65]",39.86087940379408
"[26, 12, 22, 36, 42, 25, 20, 27, 30, 51, 56, 20, 23, 8, 65]",40.748059959349604
"[41, 16, 32, 48, 62, 25, 16, 27, 30, 51, 56, 20, 23, 8, 65]",38.39102710027107
"[38, 13, 30, 48, 62, 25, 19, 27, 30, 51, 56, 21, 23, 8, 65]",45.87987025745262
"[26, 12, 28, 37, 48, 25, 20, 27, 30, 51, 56, 19, 23, 7, 65]",41.34992649051473
"[41, 14, 32, 48, 62, 25, 20, 26, 30, 51, 57, 20, 23, 8, 65]",38.739474932249294
"[38, 12, 31, 48, 62, 25, 22, 27, 30, 51, 56, 19, 23, 8, 65]",33.786450880758714
"[41, 14, 32, 48, 62, 25, 19, 26, 30, 51, 56, 20, 23, 8, 64]",34.932517276422814
"[41, 13, 31, 48, 62, 25, 19, 27, 30, 51, 57, 20, 23, 8, 65]",41.148203252032474
"[27, 12, 22, 35, 42, 25, 22, 27, 30, 51, 56, 20, 23, 8, 65]",40.057745596206004
"[41, 14, 31, 48, 62, 25, 20, 26, 30, 51, 57, 21, 23, 8, 65]",36.43333401084014
"[40, 12, 31, 48, 62, 25, 19, 25, 30, 51, 56, 19, 23, 8, 65]",40.360848238482376
"[33, 12, 25, 37, 50, 25, 21, 27, 30, 51, 56, 19, 23, 8, 65]",35.34373407859081
"[34, 12, 25, 44, 57, 25, 19, 27, 30, 51, 56, 20, 23, 8, 65]",42.9150338753389
"[38, 12, 29, 44, 62, 26, 20, 27, 30, 54, 56, 20, 23, 8, 65]",35.93134756097554
"[33, 12, 22, 32, 47, 25, 20, 26, 30, 51, 56, 20, 23, 8, 65]",43.832896002710264
"[31, 12, 26, 44, 42, 25, 19, 27, 30, 51, 56, 19, 23, 8, 65]",40.296402777777764
"[28, 13, 24, 48, 54, 25, 19, 24, 30, 51, 57, 21, 23, 8, 65]",44.19026863143637
"[33, 13, 23, 46, 56, 25, 18, 27, 30, 51, 56, 19, 23, 8, 65]",34.95612161246599
"[41, 14, 32, 48, 62, 25, 19, 27, 30, 51, 56, 21, 23, 8, 65]",40.06771510840097
"[41, 15, 32, 48, 62, 25, 15, 26, 30, 51, 57, 19, 23, 8, 65]",46.89315819783188
"[27, 12, 22, 35, 44, 25, 19, 27, 30, 51, 56, 20, 23, 8, 65]",45.166304878048805
"[41, 13, 31, 48, 62, 25, 17, 27, 30, 51, 56, 20, 23, 8, 65]",37.4385589430894
"[41, 16, 31, 48, 62, 25, 20, 27, 30, 51, 56, 20, 23, 8, 65]",37.5091202574525
"[25, 12, 24, 40, 50, 25, 22, 27, 30, 51, 56, 19, 23, 8, 65]",38.179616192411956
"[41, 15, 32, 48, 62, 25, 17, 27, 30, 51, 57, 22, 23, 8, 65]",38.83028455284536
"[37, 12, 29, 48, 62, 25, 22, 27, 31, 51, 56, 19, 23, 8, 65]",33.61057384823854
"[41, 15, 32, 47, 62, 25, 19, 25, 30, 51, 57, 19, 23, 8, 64]",41.073533536585316
"[41, 12, 32, 48, 62, 25, 19, 26, 30, 51, 57, 20, 23, 8, 65]",45.2751182249322
"[30, 12, 22, 35, 42, 25, 21, 27, 30, 51, 56, 21, 23, 8, 65]",38.169375000000116
"[41, 14, 32, 48, 62, 25, 19, 27, 30, 51, 57, 21, 23, 8, 64]",39.68569715447166
"[37, 12, 29, 48, 62, 25, 20, 27, 30, 51, 56, 19, 23, 8, 65]",36.059439701897105
"[31, 12, 26, 41, 50, 25, 20, 27, 30, 51, 56, 20, 23, 8, 65]",42.5794366531164
"[31, 12, 27, 42, 60, 25, 21, 27, 30, 51, 56, 20, 23, 8, 64]",38.26405928184275
"[37, 15, 30, 43, 62, 25, 20, 27, 30, 51, 56, 20, 23, 8, 65]",35.48484620596203
"[26, 12, 22, 42, 43, 25, 19, 27, 30, 51, 56, 20, 23, 8, 65]",41.857414634146394
"[28, 12, 24, 38, 42, 25, 19, 26, 30, 51, 56, 20, 23, 8, 65]",35.20967208672078
"[34, 12, 24, 45, 49, 25, 19, 26, 30, 51, 57, 19, 23, 8, 65]",43.987227981029754
"[35, 14, 25, 44, 54, 25, 20, 27, 30, 51, 57, 20, 23, 8, 64]",38.90039193766934
"[40, 15, 32, 48, 62, 25, 19, 25, 30, 51, 56, 20, 23, 8, 65]",41.08104369918701
"[41, 14, 32, 48, 62, 25, 18, 27, 30, 51, 56, 21, 23, 8, 65]",36.442918699186855
"[27, 12, 22, 34, 42, 25, 19, 27, 30, 51, 56, 19, 23, 8, 64]",47.6213993902439
"[41, 13, 32, 48, 62, 25, 21, 27, 30, 51, 56, 20, 23, 8, 65]",35.46558739837397
"[39, 16, 31, 45, 60, 25, 19, 27, 30, 51, 56, 19, 23, 8, 65]",36.530916666666585
"[25, 12, 23, 34, 52, 25, 20, 27, 30, 51, 56, 19, 23, 8, 63]",37.85618157181573
"[41, 13, 32, 48, 62, 25, 13, 27, 30, 51, 56, 21, 23, 8, 65]",62.62447425474256
"[40, 13, 30, 48, 62, 25, 22, 27, 32, 51, 56, 19, 23, 8, 65]",35.75758062330626
"[41, 16, 32, 48, 62, 25, 18, 26, 30, 51, 56, 19, 23, 8, 64]",40.737925135501406
"[41, 16, 32, 48, 62, 25, 19, 27, 30, 51, 56, 20, 23, 8, 65]",39.47907079945801
"[30, 12, 22, 36, 42, 25, 16, 27, 30, 51, 56, 20, 22, 8, 65]",44.021937330623246
"[41, 13, 32, 48, 62, 25, 19, 27, 30, 51, 57, 20, 23, 8, 65]",51.62264803523033
"[35, 12, 28, 46, 59, 25, 20, 27, 30, 51, 56, 19, 23, 8, 65]",33.6354668021682
"[32, 12, 26, 41, 52, 25, 20, 27, 30, 51, 56, 20, 22, 8, 65]",41.14210907859094
"[34, 12, 29, 41, 52, 25, 22, 27, 30, 51, 56, 19, 23, 8, 65]",43.987809281842814
"[37, 12, 31, 48, 61, 25, 20, 27, 31, 51, 56, 21, 23, 8, 65]",39.32685636856355
"[28, 12, 22, 36, 43, 25, 17, 27, 30, 51, 56, 20, 23, 8, 65]",38.57222662601618
"[31, 12, 24, 31, 51, 25, 19, 25, 30, 51, 56, 21, 23, 8, 65]",38.4896023035231
"[32, 12, 30, 39, 53, 25, 19, 27, 30, 51, 56, 19, 23, 8, 65]",35.40163279132785
"[36, 13, 25, 44, 54, 25, 21, 26, 30, 51, 56, 21, 23, 8, 65]",50.29843936314375
"[40, 15, 32, 48, 62, 25, 19, 27, 30, 51, 56, 19, 23, 8, 65]",38.95716598915999
"[41, 13, 32, 48, 62, 25, 16, 25, 30, 51, 56, 23, 23, 8, 65]",36.88052439024386
"[28, 12, 22, 35, 42, 25, 20, 26, 30, 51, 56, 19, 23, 8, 64]",44.97347831978329
"[41, 15, 32, 48, 62, 25, 20, 26, 30, 51, 56, 21, 23, 8, 65]",36.96870426829271
"[41, 17, 32, 48, 59, 25, 18, 27, 30, 51, 56, 19, 23, 8, 65]",40.652132113821175
"[35, 12, 25, 32, 48, 25, 18, 27, 30, 51, 56, 19, 23, 8, 65]",46.90569173441736
"[41, 16, 32, 48, 62, 25, 18, 27, 30, 51, 56, 19, 23, 8, 65]",39.47413787262874
"[41, 14, 32, 48, 62, 25, 19, 27, 30, 51, 56, 19, 23, 8, 65]",36.56727439024386
"[39, 13, 32, 48, 62, 25, 18, 27, 30, 51, 56, 19, 23, 8, 65]",39.779622967479696
"[41, 16, 32, 48, 62, 25, 19, 27, 30, 51, 56, 19, 23, 8, 65]",38.481265921409175
"[25, 12, 22, 37, 42, 25, 13, 27, 30, 51, 56, 20, 23, 8, 63]",40.0037252710027
"[41, 15, 32, 48, 62, 25, 20, 27, 30, 51, 56, 20, 23, 8, 65]",40.81299728997293
"[35, 13, 28, 48, 58, 25, 18, 27, 30, 51, 56, 19, 23, 8, 65]",37.49978285907857
"[35, 12, 25, 41, 53, 25, 19, 27, 30, 51, 56, 19, 22, 8, 65]",35.337553184281845
"[34, 12, 24, 42, 50, 25, 22, 27, 30, 51, 56, 19, 23, 8, 64]",36.15794681571818
"[37, 14, 31, 48, 58, 25, 19, 27, 31, 51, 56, 20, 23, 8, 65]",39.03434586720873
"[32, 12, 22, 30, 48, 25, 17, 27, 30, 51, 56, 19, 23, 7, 65]",44.21824627371278
"[33, 12, 25, 38, 48, 25, 19, 27, 30, 51, 56, 20, 23, 8, 65]",43.0319136178864
"[26, 12, 27, 42, 59, 25, 19, 27, 30, 51, 56, 20, 23, 8, 65]",37.22595359078583
"[33, 12, 25, 44, 55, 25, 20, 27, 30, 51, 56, 21, 23, 8, 65]",39.8324776422764
"[39, 14, 32, 48, 62, 25, 19, 27, 30, 51, 56, 19, 23, 8, 65]",39.055568089430835
"[41, 15, 32, 48, 62, 25, 17, 25, 30, 51, 56, 22, 23, 8, 65]",37.834156842818494
"[27, 12, 22, 36, 42, 25, 19, 25, 30, 51, 56, 19, 23, 8, 65]",43.07055758807614
"[41, 15, 32, 48, 62, 25, 16, 26, 30, 51, 56, 20, 23, 8, 64]",41.51723814363153
"[41, 12, 32, 48, 59, 25, 20, 27, 30, 51, 56, 20, 23, 8, 65]",38.72769037940387
"[35, 12, 27, 44, 45, 25, 20, 27, 30, 51, 56, 20, 23, 8, 65]",37.30715108401081
"[41, 17, 32, 48, 62, 25, 21, 27, 30, 51, 56, 19, 23, 8, 65]",43.26838753387554
"[41, 14, 32, 48, 62, 26, 19, 27, 30, 51, 56, 19, 23, 8, 65]",38.40348035230357
"[40, 13, 32, 48, 62, 25, 18, 27, 30, 51, 56, 19, 23, 8, 65]",35.12179878048768
"[41, 12, 32, 48, 62, 25, 19, 27, 30, 51, 56, 20, 23, 8, 65]",37.836418699186936
"[25, 12, 22, 36, 46, 25, 14, 26, 30, 51, 56, 20, 23, 8, 65]",44.7941212737126
"[38, 15, 31, 48, 62, 25, 20, 27, 30, 51, 56, 19, 23, 8, 65]",39.7578201219511
"[36, 15, 30, 48, 57, 25, 18, 27, 30, 51, 56, 19, 23, 8, 64]",38.806956978319846
"[35, 12, 26, 40, 53, 25, 19, 27, 30, 51, 56, 19, 22, 7, 65]",35.96353624661252
"[32, 13, 25, 40, 53, 25, 20, 27, 30, 51, 56, 19, 23, 8, 65]",40.11127439024383
"[38, 14, 31, 48, 57, 25, 18, 27, 31, 51, 56, 19, 23, 8, 65]",39.37832825203249
"[31, 12, 22, 37, 47, 25, 20, 27, 30, 51, 56, 19, 23, 7, 65]",45.561277439024366
"[32, 12, 26, 38, 44, 25, 19, 27, 30, 51, 56, 20, 23, 8, 65]",41.26345088075886
"[26, 12, 25, 45, 55, 25, 19, 27, 30, 51, 56, 21, 23, 8, 65]",38.070908197832
"[32, 12, 24, 44, 56, 25, 18, 27, 30, 51, 56, 19, 23, 7, 65]",38.274831978319845
"[41, 14, 32, 48, 62, 25, 19, 27, 30, 51, 56, 20, 23, 8, 65]",38.77642276422772
"[41, 15, 32, 48, 62, 25, 18, 26, 30, 51, 56, 19, 23, 8, 65]",39.86789532520321
"[28, 12, 22, 36, 42, 25, 19, 27, 30, 51, 56, 19, 23, 8, 65]",41.47310636856384
"[41, 14, 32, 48, 62, 25, 15, 27, 30, 51, 56, 19, 23, 8, 65]",38.70019749322498
"[40, 12, 32, 48, 60, 25, 20, 27, 30, 51, 56, 19, 23, 7, 65]",33.21654674796751
"[25, 12, 27, 39, 48, 25, 22, 26, 30, 51, 57, 19, 23, 8, 65]",40.35517310298084
"[41, 14, 32, 48, 62, 25, 16, 26, 30, 51, 56, 19, 23, 8, 65]",49.38464566395659
"[40, 13, 32, 48, 62, 25, 22, 27, 30, 51, 56, 19, 23, 8, 65]",39.295367208672054
"[39, 12, 32, 48, 62, 25, 18, 27, 30, 51, 56, 20, 23, 8, 65]",42.62294715447157
"[41, 12, 32, 48, 62, 25, 19, 27, 30, 51, 56, 20, 23, 8, 65]",37.949738821138254
"[28, 12, 22, 31, 47, 25, 18, 23, 30, 51, 56, 19, 23, 8, 65]",39.20882655826566
"[39, 16, 32, 48, 62, 25, 19, 27, 30, 51, 56, 19, 23, 8, 65]",42.09202472899714
"[41, 12, 30, 46, 62, 25, 19, 26, 30, 51, 56, 19, 23, 8, 64]",52.064601964769615
"[35, 12, 28, 41, 52, 25, 19, 27, 30, 51, 56, 19, 23, 8, 65]",41.21768394308963
"[30, 12, 27, 39, 55, 25, 18, 27, 30, 51, 56, 20, 23, 8, 65]",44.11907249322487
"[38, 14, 31, 46, 59, 25, 18, 27, 30, 52, 56, 19, 23, 8, 65]",36.093697831978446
"[27, 12, 23, 43, 46, 25, 18, 27, 30, 51, 56, 20, 23, 7, 65]",39.936614837398295
"[31, 12, 26, 32, 45, 25, 19, 27, 30, 51, 56, 20, 23, 8, 65]",39.302627710027195
"[39, 12, 24, 44, 53, 25, 19, 27, 30, 51, 57, 20, 23, 8, 65]",39.26320189701905
"[32, 12, 27, 45, 55, 25, 18, 27, 30, 51, 56, 19, 23, 8, 65]",44.858937669376644
"[41, 15, 32, 48, 62, 25, 19, 27, 30, 51, 56, 20, 23, 8, 65]",39.51878658536578
"[41, 13, 32, 48, 62, 25, 15, 27, 30, 51, 56, 19, 23, 8, 65]",36.43084518970186
"[25, 12, 22, 36, 42, 25, 20, 27, 30, 51, 56, 19, 23, 8, 65]",43.655664634146355
"[41, 13, 32, 48, 62, 25, 16, 27, 30, 51, 56, 19, 22, 8, 65]",42.397933604336004
"[37, 12, 32, 48, 62, 25, 19, 27, 30, 51, 56, 19, 23, 8, 65]",42.04630894308942
"[29, 12, 27, 35, 56, 25, 20, 26, 30, 51, 56, 20, 23, 8, 64]",42.790153116530995
"[41, 13, 32, 48, 62, 25, 17, 27, 30, 51, 56, 19, 23, 8, 65]",38.893921409214116
"[40, 14, 30, 48, 62, 25, 22, 27, 30, 51, 56, 19, 23, 8, 65]",36.760236788617775
"[41, 14, 31, 48, 62, 25, 18, 24, 30, 51, 56, 21, 23, 8, 65]",37.29513346883462
"[41, 12, 32, 48, 62, 25, 19, 27, 30, 51, 56, 19, 23, 8, 65]",37.54250033875336
"[30, 12, 22, 37, 44, 25, 17, 25, 30, 51, 56, 19, 23, 8, 65]",43.841753387533885
"[40, 16, 32, 48, 62, 25, 19, 27, 30, 51, 56, 19, 23, 8, 65]",37.103255420054204
"[39, 14, 29, 45, 62, 25, 20, 25, 30, 51, 56, 19, 23, 8, 65]",42.31415074525742
"[35, 12, 26, 42, 51, 25, 19, 27, 30, 51, 56, 20, 23, 8, 64]",38.59829065040655
"[29, 12, 28, 40, 54, 25, 18, 26, 30, 51, 56, 20, 23, 8, 65]",35.5576415989158
"[38, 13, 29, 44, 61, 25, 19, 27, 31, 54, 56, 20, 23, 8, 65]",38.43036754742553
"[28, 12, 24, 38, 47, 25, 16, 26, 30, 51, 56, 21, 23, 8, 65]",42.666685298102976
"[29, 12, 22, 28, 49, 25, 19, 27, 30, 51, 57, 20, 23, 8, 65]",37.76216226287253
"[34, 12, 29, 42, 52, 25, 19, 27, 30, 51, 56, 21, 23, 8, 65]",39.784634146341546
"[36, 12, 29, 42, 53, 25, 19, 27, 30, 51, 56, 19, 23, 8, 65]",34.45365989159886
"[41, 14, 32, 48, 62, 25, 19, 25, 30, 51, 56, 19, 23, 8, 65]",35.91937262872644
"[41, 13, 32, 48, 62, 25, 18, 27, 30, 51, 56, 19, 23, 8, 65]",38.104601626016276
"[25, 12, 22, 32, 42, 26, 21, 27, 30, 51, 56, 20, 23, 7, 65]",39.74919715447144
"[41, 13, 32, 48, 62, 25, 19, 27, 30, 51, 56, 19, 23, 8, 65]",39.20123915989163
"[41, 15, 30, 48, 62, 25, 19, 27, 30, 51, 56, 20, 23, 8, 65]",35.41710738482377
"[32, 12, 24, 34, 51, 25, 19, 27, 30, 51, 56, 20, 23, 8, 64]",39.110707994579926
"[41, 16, 32, 48, 62, 25, 19, 27, 30, 51, 57, 19, 23, 8, 65]",40.92408570460701
"[37, 13, 30, 48, 62, 25, 21, 27, 31, 53, 56, 19, 22, 8, 65]",33.396545054200544
"[39, 15, 31, 48, 62, 25, 19, 22, 30, 51, 56, 21, 23, 8, 65]",39.34889769647701
"[41, 13, 32, 48, 62, 25, 19, 26, 30, 51, 56, 20, 23, 8, 65]",40.92891531165302
"[31, 12, 22, 42, 43, 25, 17, 27, 30, 51, 56, 19, 23, 8, 65]",34.8622093495936
"[39, 12, 32, 48, 62, 25, 19, 27, 30, 51, 56, 19, 23, 8, 65]",38.10164769647692
"[37, 13, 31, 48, 60, 25, 20, 27, 30, 51, 56, 19, 23, 8, 65]",40.13559756097546
"[33, 12, 25, 42, 54, 25, 19, 26, 30, 51, 56, 20, 23, 8, 65]",40.09683739837395
"[33, 12, 27, 42, 53, 25, 22, 26, 30, 51, 56, 19, 23, 8, 65]",36.35414634146349
"[37, 12, 31, 46, 58, 25, 21, 27, 32, 51, 56, 20, 23, 8, 65]",37.856301151761386
"[33, 12, 23, 33, 50, 25, 19, 25, 30, 51, 56, 20, 23, 8, 65]",49.04383841463425
"[28, 12, 22, 32, 48, 25, 19, 27, 30, 51, 57, 20, 23, 8, 65]",41.1339163279133
"[29, 12, 32, 41, 58, 25, 19, 27, 30, 51, 56, 20, 23, 8, 65]",39.73445426829263
"[35, 13, 27, 43, 56, 25, 20, 26, 30, 51, 56, 19, 23, 8, 65]",40.61577743902437
"[38, 12, 32, 48, 62, 25, 19, 26, 30, 51, 56, 19, 23, 8, 65]",34.22607317073178
"[41, 16, 32, 48, 62, 25, 17, 27, 30, 51, 56, 19, 23, 8, 65]",34.99264532520327
"[25, 12, 22, 32, 42, 26, 19, 27, 30, 51, 56, 19, 23, 8, 65]",43.28861314363143
"[41, 13, 32, 48, 62, 25, 19, 27, 30, 51, 56, 19, 23, 8, 65]",34.98949728997291
"[41, 16, 32, 48, 62, 25, 19, 27, 30, 51, 56, 19, 23, 8, 65]",38.658194105691116
"[26, 12, 25, 38, 48, 25, 21, 27, 30, 51, 56, 19, 23, 8, 65]",36.539178861788734
"[41, 16, 32, 48, 62, 25, 16, 25, 30, 51, 56, 20, 23, 8, 65]",35.68312499999994
"[37, 12, 32, 48, 62, 27, 20, 27, 32, 55, 56, 19, 22, 8, 65]",37.574735433604374
"[39, 14, 32, 48, 62, 25, 18, 24, 30, 51, 56, 19, 23, 8, 65]",48.93635230352287
"[36, 15, 32, 48, 62, 26, 19, 26, 30, 51, 56, 21, 23, 8, 65]",35.45948644986447
"[28, 12, 22, 35, 52, 25, 19, 27, 30, 51, 56, 19, 22, 8, 65]",39.25687533875335
"[40, 12, 32, 48, 62, 26, 19, 26, 30, 51, 56, 19, 23, 8, 65]",35.60168089430893
"[36, 12, 32, 48, 62, 25, 18, 27, 30, 51, 56, 19, 23, 8, 65]",38.87054505420062
"[32, 12, 27, 40, 56, 25, 19, 26, 30, 51, 56, 19, 22, 8, 65]",38.03323069105695
"[33, 12, 27, 42, 54, 25, 19, 26, 30, 51, 56, 20, 23, 8, 65]",36.27282554200548
"[36, 12, 31, 47, 55, 26, 21, 27, 33, 51, 56, 20, 23, 8, 65]",36.36132926829267
"[33, 12, 22, 36, 52, 25, 20, 25, 30, 51, 56, 20, 23, 8, 65]",42.675612804878156
"[29, 12, 27, 36, 42, 26, 19, 25, 30, 51, 56, 19, 23, 8, 65]",48.973100948509504
"[27, 12, 25, 48, 58, 26, 19, 27, 30, 51, 56, 19, 23, 8, 65]",35.70876761517624
"[32, 12, 23, 48, 58, 25, 19, 26, 30, 51, 56, 20, 23, 8, 65]",39.44409112466124
"[35, 12, 31, 48, 62, 25, 19, 27, 31, 51, 56, 19, 23, 8, 65]",31.819368563685575
"[41, 14, 32, 48, 62, 26, 13, 27, 30, 51, 56, 19, 23, 8, 65]",42.042636856368674
"[28, 12, 22, 35, 42, 26, 19, 27, 30, 51, 56, 19, 23, 8, 65]",47.95104302168021
"[39, 12, 32, 48, 62, 25, 18, 26, 30, 51, 56, 19, 23, 8, 65]",35.79515548780496
"[41, 13, 32, 48, 62, 25, 19, 27, 30, 51, 56, 20, 23, 8, 65]",38.74606876693781
"[25, 12, 27, 39, 49, 26, 22, 26, 30, 51, 56, 19, 23, 7, 65]",37.85849932249319
"[41, 17, 32, 48, 62, 26, 12, 25, 30, 51, 56, 20, 23, 8, 65]",39.787437669376665
"[40, 13, 32, 46, 62, 27, 19, 27, 31, 55, 56, 19, 22, 8, 65]",34.79344342818435
"[38, 13, 32, 48, 62, 25, 17, 27, 30, 52, 56, 19, 23, 8, 65]",43.7123296070461
"[36, 14, 32, 48, 62, 25, 19, 26, 30, 51, 56, 19, 23, 8, 65]",42.02676388888887
"[27, 12, 23, 33, 61, 25, 20, 27, 30, 51, 56, 19, 22, 8, 65]",41.92244546070464
"[38, 13, 32, 48, 62, 26, 20, 26, 30, 51, 57, 20, 23, 8, 64]",35.34881334688345
"[37, 12, 32, 48, 62, 25, 18, 27, 30, 51, 56, 19, 23, 8, 65]",38.128860094851035
"[33, 12, 30, 41, 52, 25, 19, 26, 30, 51, 56, 20, 23, 8, 65]",39.17400948509483
"[32, 12, 28, 39, 55, 26, 17, 27, 30, 51, 56, 21, 23, 8, 65]",34.92932757452566
"[36, 12, 30, 45, 61, 26, 18, 26, 31, 51, 56, 19, 23, 8, 65]",35.4801216124661
"[30, 12, 27, 40, 51, 25, 19, 26, 30, 51, 56, 20, 23, 8, 65]",39.494974932249455
"[31, 12, 28, 34, 42, 26, 19, 25, 30, 51, 56, 19, 23, 8, 65]",42.23769275067754
"[33, 12, 22, 48, 54, 26, 19, 26, 30, 51, 56, 21, 23, 8, 65]",36.63907147696487
"[32, 12, 25, 48, 57, 25, 19, 27, 30, 51, 56, 20, 23, 8, 64]",34.25282249322491
"[37, 12, 31, 48, 62, 25, 19, 27, 30, 51, 56, 19, 23, 8, 65]",36.45420765582662
"[39, 12, 32, 48, 62, 26, 13, 26, 30, 51, 56, 20, 23, 8, 65]",37.70391971544697
"[29, 12, 22, 38, 43, 26, 19, 27, 30, 51, 56, 19, 23, 8, 65]",49.11243089430887
"[37, 13, 32, 48, 62, 25, 18, 26, 30, 51, 56, 19, 23, 8, 65]",36.43602100271004
"[41, 12, 32, 48, 62, 26, 19, 27, 30, 51, 56, 19, 23, 8, 65]",35.72695833333342
"[31, 12, 27, 39, 52, 25, 18, 26, 30, 51, 56, 19, 23, 7, 65]",38.428802168021704
"[41, 12, 32, 48, 62, 25, 20, 25, 30, 51, 56, 20, 23, 8, 65]",48.97302574525726
"[41, 16, 32, 45, 62, 27, 22, 27, 30, 51, 56, 19, 23, 8, 65]",38.24432554200536
"[37, 12, 32, 48, 62, 25, 19, 27, 30, 51, 56, 19, 23, 8, 65]",35.820449864498606
"[37, 12, 32, 48, 62, 25, 19, 26, 30, 51, 56, 19, 23, 8, 65]",34.245517615176155
"[27, 12, 27, 42, 44, 25, 20, 26, 30, 51, 56, 20, 23, 8, 65]",39.10110840108408
"[35, 13, 32, 48, 62, 25, 20, 27, 30, 51, 56, 20, 23, 8, 64]",42.341513550135595
"[38, 12, 31, 47, 61, 25, 20, 25, 30, 51, 56, 19, 23, 8, 65]",36.95165176151767
"[34, 12, 28, 42, 54, 25, 19, 26, 30, 51, 56, 19, 23, 8, 65]",41.3652828590785
"[31, 12, 28, 41, 56, 26, 21, 23, 30, 51, 56, 21, 23, 8, 64]",36.961088753387514
"[34, 12, 28, 43, 62, 27, 17, 27, 30, 53, 56, 19, 22, 7, 65]",33.66389329268287
"[28, 12, 28, 41, 49, 25, 16, 27, 30, 51, 56, 20, 23, 8, 65]",40.8609607046071
"[32, 12, 25, 30, 51, 25, 19, 26, 30, 51, 56, 19, 23, 8, 65]",44.02660365853661
"[37, 12, 28, 48, 53, 26, 19, 26, 30, 51, 56, 20, 23, 8, 65]",46.10069749322505
"[33, 12, 27, 40, 55, 25, 19, 25, 30, 51, 56, 19, 23, 8, 65]",38.94384010840118
"[37, 12, 29, 48, 62, 26, 19, 26, 30, 51, 56, 19, 23, 8, 65]",35.60701084010848
"[41, 12, 32, 48, 62, 25, 18, 24, 30, 51, 56, 19, 23, 8, 65]",36.65002269647693
"[31, 12, 23, 40, 50, 27, 19, 27, 30, 51, 56, 19, 23, 8, 65]",35.43034349593498
"[35, 14, 32, 48, 62, 25, 19, 27, 30, 51, 56, 19, 23, 8, 65]",37.07008163956639
"[37, 12, 32, 48, 62, 27, 19, 27, 30, 51, 56, 19, 23, 7, 65]",34.65505589430902
"[33, 12, 27, 39, 53, 25, 18, 27, 30, 51, 56, 20, 23, 8, 63]",38.26962940379404
"[37, 12, 32, 48, 62, 25, 22, 27, 30, 51, 56, 20, 23, 8, 64]",35.61117174796748
"[40, 17, 32, 47, 62, 26, 22, 27, 30, 51, 56, 20, 23, 8, 65]",36.57971917344185
"[39, 14, 32, 48, 62, 25, 20, 26, 30, 51, 56, 19, 23, 8, 64]",44.40466395663957
"[40, 12, 32, 48, 62, 25, 19, 26, 30, 51, 56, 19, 23, 8, 65]",36.30932994579952
"[32, 12, 26, 39, 44, 25, 18, 27, 30, 51, 56, 19, 23, 8, 65]",38.80304098915984
"[36, 12, 32, 48, 62, 25, 20, 27, 30, 51, 56, 21, 23, 8, 65]",37.54792547425473
"[36, 13, 30, 48, 61, 26, 21, 24, 30, 51, 56, 19, 23, 7, 65]",40.55962703252034
"[35, 12, 25, 43, 55, 25, 19, 26, 30, 51, 56, 19, 23, 8, 64]",38.36107994579935
"[30, 12, 27, 43, 55, 25, 22, 23, 30, 51, 56, 19, 23, 8, 64]",35.730604336043314
"[36, 12, 31, 46, 61, 26, 18, 25, 30, 51, 57, 19, 23, 8, 64]",44.38616327913298
"[30, 12, 26, 40, 52, 25, 19, 26, 30, 51, 56, 19, 23, 8, 65]",41.27573272357715
"[30, 12, 22, 39, 52, 25, 19, 27, 30, 51, 56, 19, 23, 8, 65]",35.55774017615171
"[32, 12, 32, 47, 58, 26, 19, 26, 30, 51, 56, 20, 23, 8, 65]",36.89523848238472
"[33, 12, 26, 44, 54, 25, 19, 26, 30, 52, 56, 19, 23, 8, 65]",37.17212296747974
"[36, 12, 30, 48, 62, 26, 19, 26, 30, 51, 56, 19, 23, 7, 65]",37.63897188346872
"[40, 12, 32, 48, 62, 25, 22, 26, 30, 51, 56, 20, 23, 8, 65]",40.537880081300784
"[31, 12, 24, 38, 54, 27, 19, 27, 30, 52, 56, 19, 23, 8, 65]",37.146383130081205
"[37, 12, 32, 48, 62, 26, 19, 27, 30, 51, 56, 19, 23, 7, 65]",33.7470237127372
"[36, 12, 32, 48, 62, 26, 19, 26, 30, 51, 56, 19, 23, 8, 65]",36.163214430894236
"[33, 12, 27, 39, 54, 25, 19, 24, 30, 51, 56, 19, 23, 8, 64]",53.05631470189709
"[35, 15, 32, 48, 62, 25, 21, 27, 30, 51, 56, 20, 23, 8, 64]",36.05358468834675
"[38, 14, 32, 48, 62, 25, 21, 27, 30, 52, 56, 20, 23, 8, 65]",49.47101829268315
"[38, 14, 32, 48, 62, 26, 20, 25, 30, 51, 56, 19, 23, 8, 65]",39.13504336043355
"[39, 12, 32, 48, 62, 25, 19, 26, 30, 51, 56, 20, 23, 8, 65]",37.17161720867203
"[35, 12, 22, 37, 45, 25, 17, 24, 30, 51, 56, 19, 23, 8, 65]",35.70758604336059
"[39, 14, 32, 48, 62, 25, 18, 27, 30, 51, 56, 20, 23, 8, 65]",38.615723915989136
"[37, 12, 30, 48, 61, 26, 20, 27, 30, 51, 56, 20, 23, 8, 65]",34.42540684281842
"[34, 12, 24, 42, 54, 25, 19, 26, 30, 51, 56, 20, 23, 8, 65]",40.546656165311475
"[30, 12, 28, 39, 54, 26, 15, 26, 30, 51, 56, 19, 23, 8, 65]",33.83409518970199
"[37, 12, 31, 46, 59, 25, 20, 25, 30, 51, 56, 19, 23, 8, 65]",42.142082655826485
"[33, 12, 23, 36, 55, 25, 19, 26, 30, 51, 56, 19, 23, 8, 65]",35.316245934959376
"[32, 12, 28, 40, 49, 25, 19, 25, 30, 51, 56, 20, 23, 8, 65]",43.491880420054
"[29, 12, 32, 47, 62, 26, 19, 27, 30, 51, 56, 20, 23, 8, 65]",35.65922052845536
"[32, 12, 28, 46, 54, 26, 19, 26, 30, 51, 56, 19, 23, 8, 64]",36.058401084010804
"[37, 12, 32, 48, 62, 26, 19, 26, 30, 51, 56, 19, 23, 8, 65]",38.23892581300819
"[38, 13, 32, 48, 62, 25, 12, 27, 30, 51, 56, 19, 23, 8, 65]",39.34400677506785
"[31, 12, 25, 37, 50, 26, 19, 27, 30, 53, 56, 19, 23, 8, 65]",35.77284654471552
"[39, 12, 32, 48, 62, 26, 19, 26, 30, 51, 56, 19, 23, 8, 65]",36.913558604336046
"[36, 14, 32, 48, 62, 25, 19, 26, 30, 51, 56, 20, 23, 8, 65]",34.79727269647694
"[33, 10, 26, 40, 56, 27, 19, 26, 34, 59, 56, 17, 21, 6, 65]",37.233217140921354
"[29, 11, 27, 42, 56, 26, 21, 28, 33, 57, 55, 18, 21, 6, 65]",40.971739837398346
"[32, 9, 27, 42, 55, 26, 21, 28, 32, 58, 55, 17, 21, 6, 66]",37.17519037940381
"[32, 9, 27, 42, 55, 27, 20, 27, 33, 58, 55, 17, 21, 6, 66]",35.67662703252036
"[33, 8, 27, 42, 55, 27, 19, 28, 33, 58, 55, 17, 21, 6, 66]",33.06870731707311
"[38, 11, 23, 42, 51, 27, 17, 27, 34, 60, 55, 17, 21, 6, 66]",35.66861686991877
"[33, 9, 26, 42, 55, 26, 18, 30, 33, 58, 55, 17, 21, 6, 66]",34.04679607046069
"[32, 8, 26, 43, 56, 27, 20, 28, 33, 57, 55, 17, 21, 6, 66]",35.440063008130025
"[33, 10, 23, 43, 56, 27, 19, 28, 33, 58, 55, 17, 21, 6, 66]",35.57804336043355
"[30, 10, 27, 41, 57, 28, 15, 28, 34, 60, 55, 17, 21, 6, 66]",41.81210094850938
"[33, 8, 27, 42, 55, 27, 20, 27, 33, 58, 55, 17, 21, 6, 66]",35.64249186991865
"[34, 10, 23, 38, 60, 27, 19, 28, 33, 58, 55, 17, 21, 6, 66]",36.651093495935015
"[32, 10, 29, 42, 52, 27, 19, 27, 33, 59, 55, 17, 21, 6, 66]",38.35049559620615
"[25, 8, 29, 44, 59, 27, 19, 28, 33, 58, 55, 17, 21, 6, 66]",35.344484417344056
"[30, 9, 26, 46, 54, 27, 19, 28, 33, 58, 56, 17, 21, 6, 65]",35.111545054200526
"[31, 8, 27, 43, 56, 27, 19, 28, 33, 58, 55, 17, 21, 6, 66]",37.301745596206004
"[32, 9, 27, 42, 55, 28, 11, 30, 35, 61, 55, 17, 21, 6, 66]",34.41110467479672
"[33, 10, 26, 40, 56, 27, 19, 28, 32, 59, 55, 17, 21, 6, 66]",46.61167344173449
"[33, 8, 27, 42, 55, 27, 19, 28, 33, 58, 55, 17, 21, 6, 66]",33.86908265582666
"[30, 10, 27, 42, 56, 27, 19, 28, 33, 58, 55, 17, 21, 6, 66]",36.801137872628665
