"[25, 17, 30, 38, 61, 29, 21, 21, 40, 55, 59, 19, 20, 4, 58]",64.3062252710028
"[25, 12, 28, 38, 59, 28, 21, 17, 42, 60, 56, 19, 20, 5, 58]",66.40863482384827
"[26, 18, 30, 36, 57, 37, 18, 26, 39, 55, 57, 24, 21, 7, 60]",63.08659552845529
"[39, 16, 31, 39, 52, 25, 19, 20, 42, 58, 62, 20, 21, 4, 61]",64.99482791327931
"[25, 15, 24, 43, 57, 30, 22, 19, 41, 54, 61, 19, 18, 5, 60]",62.16890548780475
"[28, 14, 31, 39, 62, 29, 17, 25, 42, 60, 56, 22, 21, 7, 59]",67.52771409214084
"[25, 15, 30, 39, 59, 30, 22, 21, 36, 55, 65, 22, 18, 5, 59]",65.6090579268293
"[25, 15, 30, 38, 57, 28, 20, 21, 40, 56, 61, 21, 19, 5, 59]",56.67518462059627
"[25, 15, 29, 36, 60, 25, 16, 20, 40, 51, 56, 23, 16, 4, 60]",77.58500813008126
"[27, 18, 27, 41, 62, 28, 18, 23, 41, 56, 62, 21, 20, 6, 51]",71.37710399729008
"[34, 15, 30, 40, 51, 26, 20, 24, 38, 62, 56, 22, 20, 5, 57]",82.90033197831981
"[25, 17, 32, 39, 56, 29, 16, 22, 42, 53, 60, 20, 14, 4, 62]",68.17480589430924
"[26, 12, 29, 40, 57, 27, 20, 23, 40, 58, 68, 22, 22, 6, 59]",66.5463001355014
"[27, 16, 32, 41, 62, 28, 22, 22, 42, 56, 70, 19, 20, 4, 55]",84.27443936314347
"[27, 15, 30, 39, 54, 25, 22, 22, 41, 56, 62, 21, 15, 6, 62]",77.79575508130087
"[25, 16, 32, 38, 59, 26, 22, 21, 39, 51, 56, 21, 23, 4, 59]",74.71165345528449
"[25, 16, 24, 34, 59, 25, 21, 22, 42, 54, 63, 20, 19, 3, 55]",67.76963380758826
"[25, 17, 27, 39, 53, 28, 22, 18, 36, 54, 61, 19, 19, 4, 60]",72.41670833333318
"[31, 15, 32, 41, 49, 33, 17, 24, 40, 56, 61, 23, 17, 6, 63]",67.04445630081301
"[25, 14, 31, 40, 58, 30, 21, 23, 32, 54, 61, 23, 17, 5, 61]",59.027926829268246
"[25, 15, 29, 29, 54, 29, 22, 21, 38, 57, 63, 22, 18, 6, 65]",72.7910911246612
"[25, 13, 31, 33, 62, 34, 19, 23, 39, 57, 61, 19, 19, 5, 54]",69.82683672086705
"[25, 15, 30, 37, 52, 30, 14, 21, 38, 54, 66, 24, 17, 5, 60]",84.4210328590786
"[29, 15, 27, 38, 50, 28, 22, 20, 41, 59, 60, 23, 19, 5, 58]",70.89242276422782
"[27, 16, 32, 39, 52, 29, 21, 21, 40, 55, 59, 19, 19, 6, 55]",73.05164058265574
"[29, 18, 30, 39, 52, 28, 20, 20, 40, 57, 58, 19, 20, 5, 51]",73.23910772357728
"[26, 16, 31, 35, 57, 28, 20, 21, 42, 57, 61, 19, 16, 6, 58]",73.1898258807587
"[25, 14, 32, 38, 50, 41, 16, 17, 40, 54, 61, 21, 17, 7, 56]",75.67979268292652
"[25, 15, 30, 40, 61, 27, 22, 22, 36, 51, 60, 21, 18, 6, 54]",72.67144681571808
"[25, 15, 29, 41, 60, 28, 20, 19, 37, 56, 63, 20, 20, 5, 59]",72.16942649051471
"[25, 15, 31, 35, 62, 28, 19, 21, 42, 55, 62, 19, 19, 2, 61]",56.203911246612506
"[25, 12, 32, 38, 55, 27, 22, 15, 42, 56, 61, 19, 18, 6, 58]",55.95224390243899
"[25, 20, 32, 31, 58, 25, 22, 27, 38, 59, 58, 21, 19, 7, 63]",62.36679505420044
"[27, 18, 32, 45, 62, 25, 22, 21, 42, 55, 64, 19, 21, 2, 65]",72.17235467479664
"[25, 18, 32, 39, 59, 25, 22, 15, 42, 55, 69, 19, 17, 5, 58]",55.668723915989176
"[26, 12, 31, 34, 62, 25, 19, 27, 42, 57, 56, 19, 23, 8, 60]",68.1738709349595
"[25, 15, 32, 37, 62, 25, 22, 21, 37, 55, 60, 21, 20, 8, 60]",67.09599661246622
"[25, 15, 30, 38, 57, 28, 20, 20, 40, 57, 61, 20, 19, 5, 60]",55.35894037940404
"[25, 17, 30, 37, 62, 25, 22, 18, 42, 51, 56, 20, 18, 6, 61]",60.20472289972897
"[25, 13, 27, 37, 62, 28, 19, 23, 42, 57, 56, 24, 18, 4, 61]",63.29399254742538
"[28, 16, 30, 45, 56, 26, 20, 27, 39, 60, 56, 22, 22, 6, 61]",67.58716598915996
"[25, 19, 31, 42, 56, 28, 18, 22, 42, 51, 61, 20, 18, 3, 63]",65.07957147696506
"[25, 12, 30, 44, 56, 25, 22, 23, 40, 60, 58, 24, 23, 7, 62]",60.9736741192413
"[25, 14, 32, 36, 62, 27, 22, 16, 42, 54, 68, 19, 20, 5, 65]",60.59354776422764
"[25, 17, 30, 33, 62, 25, 22, 15, 42, 62, 58, 19, 15, 5, 65]",65.63013279132775
"[25, 18, 32, 37, 62, 25, 22, 26, 39, 51, 56, 22, 23, 3, 63]",59.70860298102973
"[25, 17, 32, 29, 62, 25, 22, 20, 42, 53, 62, 19, 15, 6, 61]",58.40936991869922
"[25, 20, 31, 37, 56, 27, 22, 20, 42, 51, 60, 19, 19, 3, 65]",55.995590785907694
"[27, 16, 32, 39, 49, 28, 22, 27, 39, 57, 62, 21, 23, 8, 60]",71.7489298780489
"[25, 12, 31, 47, 56, 25, 22, 15, 39, 51, 60, 24, 18, 3, 65]",61.44803421409216
"[25, 13, 32, 28, 62, 26, 22, 21, 42, 51, 60, 19, 13, 7, 65]",59.865248983739995
"[25, 12, 31, 41, 62, 25, 18, 22, 42, 60, 58, 19, 18, 6, 61]",58.0283631436315
"[25, 15, 29, 33, 60, 26, 19, 18, 40, 52, 56, 19, 23, 5, 65]",65.80560873983737
"[25, 15, 32, 36, 53, 27, 22, 19, 42, 55, 61, 19, 18, 6, 59]",68.42254607046081
"[25, 15, 32, 34, 58, 25, 22, 25, 41, 56, 57, 19, 21, 3, 62]",59.89228082655825
"[25, 13, 30, 41, 60, 28, 22, 21, 41, 51, 56, 20, 19, 3, 63]",66.61667479674793
"[25, 16, 28, 42, 57, 25, 22, 20, 42, 57, 62, 19, 20, 6, 61]",57.88798983739844
"[25, 13, 32, 39, 53, 31, 20, 20, 40, 55, 59, 19, 18, 8, 61]",58.125973577235776
"[25, 18, 29, 36, 62, 25, 22, 21, 40, 60, 56, 20, 20, 5, 59]",56.613233062330806
"[25, 12, 32, 35, 62, 27, 21, 22, 33, 56, 56, 19, 20, 5, 65]",56.14118699187008
"[25, 14, 30, 32, 62, 27, 19, 19, 42, 55, 59, 19, 22, 4, 65]",62.26810535230313
"[25, 17, 32, 32, 59, 27, 22, 20, 42, 51, 57, 19, 20, 4, 57]",56.80171747967461
"[25, 14, 31, 28, 60, 25, 22, 25, 42, 63, 58, 19, 18, 6, 65]",56.2791737804878
"[25, 18, 32, 46, 62, 25, 22, 20, 42, 52, 63, 19, 23, 2, 65]",60.67716361788625
"[25, 20, 32, 32, 61, 25, 22, 15, 42, 56, 66, 19, 19, 4, 60]",65.82265243902418
"[25, 12, 30, 31, 62, 25, 22, 27, 42, 55, 56, 19, 23, 8, 65]",64.0157594850948
"[25, 16, 31, 34, 62, 25, 22, 20, 42, 56, 56, 19, 23, 6, 61]",57.98190379403792
"[25, 15, 29, 37, 58, 27, 20, 20, 42, 56, 56, 19, 23, 5, 65]",55.570008468835
"[25, 17, 30, 35, 62, 25, 22, 16, 42, 51, 56, 19, 23, 5, 62]",53.59287703252057
"[25, 12, 31, 35, 62, 27, 21, 20, 42, 56, 56, 20, 23, 3, 65]",61.5616351626017
"[25, 17, 30, 46, 62, 30, 21, 27, 42, 57, 56, 20, 23, 5, 65]",63.04125169376677
"[25, 16, 29, 40, 62, 27, 21, 19, 42, 51, 58, 19, 23, 3, 63]",57.0152811653116
"[25, 12, 30, 45, 58, 25, 22, 19, 40, 57, 56, 19, 23, 6, 65]",63.94693326558294
"[25, 16, 32, 33, 62, 27, 22, 15, 42, 55, 56, 19, 21, 6, 65]",57.32383705962071
"[25, 18, 29, 28, 62, 25, 22, 15, 42, 65, 56, 19, 17, 4, 65]",64.16508875338765
"[25, 16, 32, 33, 62, 25, 22, 27, 42, 51, 56, 21, 23, 5, 65]",53.37941903794014
"[25, 14, 32, 28, 62, 25, 22, 19, 42, 53, 56, 19, 23, 6, 65]",56.8799515582655
"[25, 17, 32, 32, 58, 25, 22, 20, 42, 51, 56, 19, 22, 4, 65]",60.87093970189714
"[25, 16, 32, 32, 53, 25, 22, 20, 42, 58, 57, 19, 23, 8, 61]",66.45580758807588
"[25, 20, 29, 35, 62, 25, 22, 15, 39, 51, 57, 19, 22, 3, 65]",64.44642242547434
"[25, 12, 28, 28, 62, 26, 22, 16, 42, 51, 56, 19, 23, 5, 65]",64.24094410569103
"[25, 12, 30, 42, 62, 25, 21, 19, 42, 62, 56, 19, 20, 6, 65]",61.160944783198
"[25, 15, 27, 29, 62, 25, 22, 15, 42, 52, 56, 19, 23, 5, 65]",52.37093292682946
"[25, 15, 32, 30, 61, 27, 22, 19, 42, 53, 59, 19, 19, 7, 62]",56.35134247967478
"[25, 15, 32, 29, 62, 25, 22, 21, 42, 57, 56, 19, 23, 2, 65]",53.18786924119249
"[25, 14, 30, 40, 62, 28, 22, 22, 42, 51, 56, 19, 18, 2, 65]",55.157614159891736
"[25, 15, 27, 44, 62, 25, 22, 17, 42, 56, 56, 19, 23, 4, 65]",54.81943258807588
"[25, 13, 32, 38, 62, 25, 22, 23, 42, 56, 56, 19, 23, 4, 65]",57.02715243902428
"[25, 20, 29, 32, 62, 25, 21, 17, 42, 61, 56, 19, 22, 4, 65]",55.81333434959331
"[25, 12, 32, 29, 62, 26, 22, 22, 30, 56, 56, 19, 22, 5, 65]",55.026598238482386
"[25, 15, 26, 41, 62, 26, 19, 21, 42, 55, 56, 19, 23, 6, 65]",54.784857723577346
"[25, 22, 28, 31, 58, 27, 20, 27, 42, 51, 56, 19, 23, 3, 61]",52.84758976964758
"[25, 12, 25, 33, 62, 25, 22, 23, 42, 58, 56, 19, 23, 4, 65]",56.5412787940379
"[25, 16, 32, 48, 62, 25, 22, 26, 42, 51, 58, 19, 23, 2, 65]",54.38948814363148
"[25, 17, 32, 33, 62, 25, 22, 26, 42, 51, 65, 19, 23, 5, 65]",64.202001693767
"[25, 12, 27, 32, 62, 29, 22, 27, 42, 53, 56, 19, 23, 7, 65]",63.41949898373982
"[25, 17, 28, 46, 62, 25, 22, 25, 42, 51, 56, 19, 23, 3, 63]",58.64877879403789
"[25, 15, 27, 39, 57, 26, 18, 22, 41, 52, 56, 19, 23, 5, 65]",53.48631639566389
"[25, 16, 29, 40, 62, 25, 22, 17, 41, 51, 56, 19, 23, 3, 62]",52.9261175474254
"[25, 12, 30, 41, 62, 27, 22, 20, 42, 55, 56, 19, 23, 3, 65]",53.173842818428085
"[25, 17, 30, 46, 62, 33, 21, 26, 42, 53, 56, 19, 23, 4, 65]",52.1378868563688
"[25, 14, 28, 42, 62, 27, 21, 21, 42, 51, 56, 19, 23, 4, 64]",52.32281199186997
"[25, 14, 28, 45, 59, 25, 22, 24, 41, 53, 56, 19, 23, 4, 65]",52.771349932249386
"[25, 18, 32, 46, 62, 27, 21, 15, 42, 52, 56, 19, 23, 5, 65]",54.14628997289971
"[25, 14, 27, 32, 62, 25, 22, 27, 42, 57, 56, 19, 23, 4, 65]",56.83821070460716
"[25, 14, 32, 40, 62, 26, 19, 27, 42, 51, 56, 19, 23, 7, 65]",53.060819105691074
"[25, 13, 32, 32, 55, 25, 18, 27, 42, 54, 56, 19, 23, 4, 65]",55.77418224932253
"[25, 14, 30, 44, 59, 25, 22, 25, 42, 51, 56, 19, 23, 5, 65]",55.251304539295425
"[25, 15, 29, 29, 60, 25, 22, 23, 42, 59, 56, 19, 23, 3, 64]",65.36453895663954
"[25, 21, 28, 36, 62, 25, 16, 25, 36, 51, 56, 19, 23, 6, 65]",53.973494241192526
"[25, 15, 24, 33, 62, 27, 22, 27, 42, 51, 56, 19, 23, 3, 65]",54.59789227642271
"[25, 16, 29, 45, 62, 25, 22, 18, 42, 59, 56, 19, 22, 5, 65]",53.49444105691071
"[25, 15, 26, 29, 60, 25, 22, 27, 34, 51, 56, 19, 23, 5, 65]",54.420603658536486
"[25, 15, 26, 41, 62, 27, 22, 19, 42, 52, 56, 19, 23, 4, 64]",54.38967852303519
"[25, 15, 32, 48, 62, 25, 22, 21, 42, 55, 56, 19, 23, 4, 65]",53.84062025745263
"[25, 15, 30, 40, 62, 27, 22, 27, 42, 51, 56, 19, 22, 2, 65]",61.9751409214092
"[25, 15, 28, 45, 62, 25, 22, 26, 42, 55, 56, 19, 23, 4, 65]",53.63593123306219
"[25, 12, 28, 46, 62, 25, 22, 26, 42, 57, 56, 19, 23, 2, 65]",53.54358299458
"[25, 17, 29, 40, 62, 25, 19, 27, 42, 55, 56, 19, 23, 3, 65]",53.657333672086665
"[25, 12, 32, 38, 54, 25, 17, 26, 30, 51, 56, 19, 23, 5, 65]",56.20060467479663
"[25, 15, 22, 45, 62, 25, 22, 27, 42, 51, 56, 19, 23, 3, 65]",52.21239566395676
"[25, 22, 22, 33, 58, 26, 20, 27, 42, 51, 56, 19, 23, 2, 63]",54.95087466124664
"[25, 12, 22, 37, 62, 25, 22, 24, 42, 56, 56, 19, 23, 1, 65]",54.30373543360432
"[25, 17, 32, 48, 62, 25, 22, 27, 42, 51, 56, 19, 23, 4, 65]",59.05236585365855
"[25, 16, 31, 37, 62, 25, 22, 27, 42, 51, 61, 19, 23, 5, 65]",57.17369749322501
"[25, 17, 22, 34, 62, 32, 22, 27, 42, 51, 56, 19, 23, 1, 65]",59.617328252032245
"[25, 17, 22, 48, 62, 26, 22, 27, 42, 51, 56, 19, 23, 1, 65]",51.08542073170726
"[25, 15, 22, 39, 62, 25, 21, 26, 42, 51, 56, 19, 23, 2, 65]",51.39427676151757
"[25, 15, 26, 40, 62, 25, 22, 27, 35, 51, 56, 19, 23, 2, 63]",53.14711246612447
"[25, 17, 26, 35, 62, 25, 22, 27, 42, 51, 56, 19, 23, 3, 65]",52.495649728997165
"[25, 17, 29, 43, 62, 35, 21, 27, 42, 51, 56, 19, 23, 2, 65]",52.31594478319796
"[26, 13, 26, 33, 62, 27, 21, 25, 42, 51, 56, 19, 23, 3, 65]",52.84315142276419
"[25, 21, 23, 37, 60, 27, 22, 27, 42, 51, 56, 19, 23, 1, 65]",53.070430216802265
"[25, 17, 31, 45, 62, 26, 21, 15, 40, 51, 56, 19, 23, 1, 65]",53.0166717479675
"[25, 12, 22, 39, 62, 25, 22, 27, 42, 51, 56, 19, 23, 2, 65]",51.70869105691053
"[25, 13, 24, 39, 62, 28, 17, 25, 42, 51, 56, 19, 23, 1, 65]",54.180661924119114
"[25, 13, 32, 38, 61, 25, 16, 27, 42, 51, 56, 19, 23, 1, 65]",54.7071426151761
"[25, 12, 25, 48, 59, 25, 22, 27, 40, 51, 56, 19, 23, 5, 65]",53.85559247967474
"[25, 14, 24, 28, 62, 25, 22, 26, 42, 51, 56, 19, 23, 1, 65]",55.017451219512374
"[26, 16, 27, 37, 62, 25, 12, 27, 36, 51, 56, 19, 23, 5, 65]",51.92904607046091
"[25, 17, 22, 37, 62, 26, 22, 27, 42, 51, 56, 19, 23, 2, 65]",50.844394647696575
"[25, 19, 24, 45, 62, 25, 22, 27, 42, 51, 56, 19, 23, 2, 65]",53.64333604336037
"[25, 15, 22, 29, 58, 25, 21, 27, 35, 51, 56, 19, 23, 5, 65]",55.234308943089246
"[25, 14, 22, 41, 61, 26, 22, 27, 42, 51, 56, 19, 23, 1, 65]",53.54130826558265
"[25, 16, 28, 48, 62, 25, 22, 27, 42, 51, 56, 19, 22, 5, 65]",52.120643631436444
"[25, 17, 23, 32, 62, 25, 22, 27, 42, 51, 56, 19, 23, 2, 64]",54.17430623306232
"[26, 17, 26, 43, 62, 25, 22, 27, 42, 51, 56, 19, 23, 3, 65]",51.46714193766934
"[25, 12, 23, 36, 62, 25, 22, 27, 42, 56, 56, 19, 23, 1, 65]",53.00669275067743
"[25, 14, 24, 46, 62, 25, 18, 27, 42, 51, 56, 19, 23, 3, 65]",53.15671036585369
"[25, 13, 26, 40, 62, 25, 18, 27, 33, 51, 56, 19, 23, 5, 65]",55.28871646341479
"[25, 15, 22, 43, 62, 25, 22, 27, 41, 51, 56, 19, 23, 1, 65]",51.44077506775068
"[25, 12, 22, 41, 61, 26, 22, 27, 42, 51, 56, 19, 23, 2, 64]",51.30310772357709
"[25, 15, 22, 41, 57, 26, 22, 26, 42, 54, 56, 19, 23, 1, 65]",56.584878726287315
"[26, 17, 25, 47, 62, 25, 21, 27, 42, 51, 56, 19, 23, 4, 65]",51.269993902439296
"[25, 15, 22, 46, 62, 25, 22, 27, 42, 51, 56, 19, 23, 1, 65]",52.50264363143623
"[25, 21, 22, 41, 62, 35, 22, 27, 42, 51, 56, 19, 23, 1, 65]",54.86275169376691
"[29, 16, 22, 48, 62, 26, 20, 27, 42, 51, 56, 19, 23, 1, 65]",52.3683187669379
"[25, 15, 22, 39, 62, 25, 22, 27, 41, 51, 56, 19, 23, 1, 65]",48.61661551490511
"[25, 16, 22, 41, 62, 25, 19, 27, 31, 51, 56, 19, 23, 1, 63]",53.68040684281861
"[25, 21, 22, 36, 62, 25, 21, 27, 42, 51, 56, 19, 23, 1, 65]",51.58075101626009
"[26, 17, 26, 44, 62, 33, 22, 27, 42, 53, 56, 19, 23, 2, 65]",52.31408401084024
"[26, 15, 22, 30, 62, 27, 20, 27, 42, 51, 56, 19, 23, 1, 65]",52.07805487804878
"[26, 22, 24, 40, 62, 26, 22, 27, 42, 51, 56, 19, 23, 1, 65]",53.30059722222228
"[25, 16, 22, 43, 62, 25, 21, 27, 35, 51, 56, 19, 23, 1, 65]",54.119213414634174
"[25, 12, 22, 44, 62, 25, 22, 27, 42, 51, 56, 19, 23, 1, 65]",52.523748983740084
"[25, 13, 22, 40, 62, 26, 19, 24, 42, 51, 56, 19, 23, 1, 65]",51.67452676151774
"[25, 14, 24, 45, 62, 25, 20, 27, 42, 51, 56, 19, 23, 1, 65]",55.02467649051494
"[25, 12, 22, 42, 62, 25, 19, 27, 40, 51, 56, 19, 23, 2, 65]",51.56996172086733
"[25, 14, 22, 39, 62, 26, 22, 27, 42, 51, 56, 19, 23, 1, 65]",50.79822086720889
"[29, 12, 26, 44, 62, 25, 21, 27, 36, 51, 56, 19, 23, 2, 65]",52.952368563685546
"[25, 15, 22, 43, 62, 26, 22, 27, 42, 51, 56, 19, 23, 1, 65]",51.53942479674795
"[25, 21, 22, 40, 62, 26, 22, 27, 42, 51, 56, 19, 23, 1, 65]",52.21929302168022
"[25, 14, 22, 33, 53, 25, 20, 23, 40, 51, 56, 19, 23, 5, 65]",54.41006233062314
"[25, 15, 22, 41, 62, 25, 21, 27, 42, 51, 56, 19, 23, 1, 65]",51.99447493224937
"[25, 18, 25, 48, 62, 25, 21, 27, 42, 51, 56, 19, 22, 3, 65]",55.79864939024394
"[25, 16, 22, 33, 62, 25, 22, 27, 42, 51, 56, 19, 23, 2, 63]",50.65006944444436
"[27, 18, 22, 41, 62, 25, 22, 27, 42, 51, 56, 19, 23, 2, 65]",48.946889566395775
"[25, 17, 22, 30, 62, 25, 22, 27, 42, 54, 56, 19, 23, 1, 65]",56.46609925474243
"[25, 12, 22, 46, 62, 25, 20, 27, 42, 51, 56, 19, 23, 1, 65]",51.78067852303518
"[25, 16, 22, 40, 62, 25, 19, 27, 40, 51, 56, 20, 23, 1, 65]",52.85281063685659
"[25, 16, 22, 41, 62, 26, 22, 27, 40, 51, 56, 19, 23, 1, 65]",50.71181436314367
"[25, 12, 22, 46, 62, 25, 22, 27, 42, 51, 56, 19, 23, 1, 64]",52.760444783197855
"[25, 18, 22, 41, 52, 27, 22, 27, 42, 51, 56, 19, 23, 1, 65]",50.6325030487806
"[29, 19, 22, 44, 62, 25, 20, 27, 42, 51, 56, 20, 23, 1, 65]",51.72601761517618
"[25, 14, 22, 48, 62, 25, 22, 27, 42, 51, 56, 19, 23, 1, 65]",51.22635331978316
"[25, 19, 22, 45, 62, 35, 22, 27, 42, 55, 56, 19, 23, 1, 65]",53.930078252032594
"[30, 18, 22, 48, 62, 26, 19, 27, 42, 51, 56, 19, 23, 1, 65]",52.197820121951196
"[25, 15, 22, 38, 62, 25, 22, 27, 42, 51, 56, 19, 23, 1, 65]",56.18879336043351
"[25, 17, 22, 42, 62, 25, 19, 21, 42, 51, 56, 19, 23, 1, 62]",53.38009925474244
"[25, 18, 22, 39, 62, 25, 20, 27, 42, 51, 56, 19, 23, 1, 65]",52.152016260162625
"[28, 18, 22, 42, 62, 27, 22, 27, 42, 56, 56, 19, 23, 2, 65]",51.156160569105914
"[25, 17, 22, 40, 62, 26, 19, 27, 42, 51, 56, 19, 23, 1, 65]",51.73049322493231
"[26, 21, 23, 41, 62, 25, 22, 27, 42, 51, 56, 19, 23, 1, 65]",50.021484417344176
"[25, 15, 22, 39, 62, 25, 19, 27, 30, 51, 56, 19, 23, 1, 65]",50.6845003387535
"[25, 13, 22, 40, 62, 25, 22, 27, 42, 51, 56, 19, 23, 1, 65]",55.601374661246524
"[25, 13, 22, 40, 62, 25, 21, 25, 42, 51, 56, 19, 23, 1, 65]",55.73294376693762
"[25, 18, 22, 48, 62, 25, 22, 27, 40, 51, 56, 19, 23, 1, 65]",53.076839092141114
"[25, 18, 22, 36, 62, 25, 18, 27, 41, 51, 56, 19, 23, 1, 65]",49.89416802168003
"[25, 14, 22, 46, 62, 26, 21, 27, 42, 51, 56, 19, 23, 1, 65]",51.327479674796834
"[27, 14, 22, 44, 62, 25, 22, 27, 37, 51, 56, 19, 23, 1, 65]",54.223510501354944
"[25, 14, 22, 44, 62, 26, 22, 27, 42, 51, 56, 19, 23, 1, 65]",52.08800880758798
"[25, 17, 22, 37, 62, 27, 22, 27, 42, 51, 56, 19, 23, 1, 65]",51.002608401084025
"[25, 13, 22, 34, 51, 25, 19, 15, 42, 51, 56, 19, 23, 5, 65]",57.00926321138204
"[25, 15, 22, 39, 62, 25, 20, 27, 42, 51, 56, 19, 23, 1, 65]",53.747380758807736
"[25, 18, 23, 47, 62, 25, 20, 27, 42, 51, 56, 19, 23, 1, 65]",50.65787567750676
"[25, 14, 22, 40, 62, 25, 21, 27, 42, 51, 56, 19, 23, 1, 63]",51.994293360433474
"[28, 17, 22, 40, 62, 25, 22, 27, 42, 51, 56, 19, 23, 2, 65]",51.444634146341464
"[25, 21, 22, 37, 62, 25, 22, 27, 42, 52, 56, 19, 23, 2, 65]",52.99293902439042
"[25, 13, 22, 40, 62, 25, 22, 27, 42, 51, 56, 19, 23, 1, 65]",52.04443766937662
"[25, 18, 22, 40, 62, 25, 20, 27, 42, 51, 56, 20, 23, 1, 65]",51.379111111111264
"[25, 17, 22, 37, 62, 26, 22, 27, 42, 51, 56, 19, 23, 1, 65]",51.11703929539281
"[25, 12, 22, 42, 62, 26, 22, 27, 42, 51, 56, 19, 23, 1, 64]",50.83164159891618
"[25, 19, 22, 36, 50, 28, 22, 27, 42, 51, 56, 19, 23, 1, 65]",54.66003048780481
"[30, 17, 22, 41, 62, 25, 21, 27, 42, 51, 56, 20, 23, 1, 65]",52.52580352303531
"[25, 15, 22, 48, 62, 25, 22, 27, 42, 51, 56, 19, 23, 1, 65]",52.17372188346865
"[25, 15, 22, 46, 62, 25, 22, 27, 42, 58, 56, 19, 23, 1, 65]",50.01566158536573
"[29, 19, 23, 46, 62, 25, 20, 27, 42, 51, 56, 19, 23, 2, 64]",49.62035196476972
"[25, 15, 22, 39, 62, 25, 22, 27, 42, 51, 56, 19, 23, 2, 65]",52.45018699186973
"[25, 16, 22, 41, 62, 25, 19, 17, 42, 51, 56, 19, 23, 2, 63]",51.36372967479675
"[25, 14, 22, 43, 62, 25, 20, 27, 42, 51, 56, 19, 23, 1, 65]",50.109014227642184
"[29, 16, 22, 41, 62, 25, 22, 27, 42, 58, 56, 19, 23, 2, 65]",50.16595325203226
"[25, 18, 22, 48, 62, 25, 20, 27, 42, 51, 56, 19, 23, 1, 64]",53.50732655826525
"[27, 16, 23, 43, 62, 25, 22, 27, 42, 51, 56, 19, 23, 1, 65]",53.27101321138211
"[26, 15, 22, 36, 62, 25, 18, 27, 30, 51, 56, 19, 23, 1, 65]",52.14749830623292
"[25, 16, 22, 37, 62, 25, 22, 27, 42, 51, 56, 19, 23, 2, 65]",50.2003641598915
"[25, 16, 22, 40, 62, 25, 22, 25, 42, 52, 56, 19, 23, 1, 65]",51.177992886179126
"[25, 20, 22, 48, 62, 25, 22, 27, 40, 51, 56, 19, 23, 1, 65]",51.526172764227674
"[25, 19, 22, 33, 62, 25, 20, 25, 41, 51, 56, 19, 23, 1, 65]",51.26330149051484
"[25, 15, 22, 40, 62, 27, 22, 27, 42, 51, 56, 19, 23, 2, 65]",52.954973915989065
"[25, 18, 22, 40, 62, 25, 22, 27, 38, 51, 56, 19, 23, 1, 65]",51.68404607046074
"[25, 14, 22, 36, 62, 27, 22, 27, 42, 51, 56, 19, 23, 2, 65]",54.34209552845555
"[25, 13, 22, 39, 62, 27, 22, 27, 42, 51, 56, 19, 23, 1, 65]",59.19267005420037
"[25, 13, 22, 29, 54, 25, 21, 19, 42, 51, 56, 20, 23, 4, 65]",57.589794715447034
"[25, 15, 22, 39, 62, 25, 20, 27, 41, 52, 56, 19, 23, 1, 65]",51.18295426829268
"[27, 18, 23, 44, 62, 25, 20, 27, 42, 51, 56, 19, 23, 1, 65]",51.224587059620866
"[25, 14, 22, 41, 62, 25, 20, 27, 42, 52, 56, 19, 23, 1, 64]",54.31944444444465
"[28, 17, 22, 40, 62, 25, 22, 27, 42, 51, 56, 19, 23, 2, 65]",50.87900169376679
"[25, 17, 22, 42, 62, 25, 22, 27, 42, 52, 56, 19, 23, 2, 65]",51.20091734417341
"[25, 17, 22, 38, 62, 25, 21, 27, 42, 51, 56, 19, 23, 1, 65]",55.22705928184262
"[25, 17, 22, 40, 62, 25, 21, 24, 42, 51, 56, 19, 23, 1, 65]",51.023819444444236
"[25, 17, 22, 36, 62, 25, 21, 27, 42, 51, 56, 19, 23, 1, 64]",56.238574186991784
"[25, 12, 22, 35, 62, 27, 21, 27, 42, 51, 56, 19, 23, 1, 63]",52.94311822493223
"[25, 17, 22, 34, 50, 25, 22, 27, 42, 53, 56, 19, 23, 2, 65]",50.77272222222226
"[28, 16, 25, 42, 62, 25, 21, 27, 42, 51, 56, 19, 23, 3, 65]",57.13915853658549
"[26, 18, 22, 38, 62, 25, 22, 27, 42, 51, 56, 19, 23, 1, 65]",56.45776117886172
"[25, 13, 22, 42, 62, 25, 22, 27, 42, 57, 56, 19, 23, 2, 65]",50.3053204607044
"[27, 19, 24, 40, 62, 25, 21, 27, 42, 51, 56, 19, 23, 3, 63]",49.09580216802175
"[25, 15, 22, 40, 62, 27, 22, 27, 42, 51, 56, 19, 23, 2, 65]",50.988025406504136
"[25, 15, 22, 39, 62, 25, 19, 27, 42, 51, 56, 19, 23, 1, 63]",51.67250203252027
"[25, 12, 22, 44, 62, 25, 20, 27, 42, 51, 56, 19, 23, 1, 65]",55.80139092140925
"[27, 15, 22, 40, 62, 25, 22, 27, 42, 57, 56, 19, 23, 2, 65]",53.97559993224949
"[25, 18, 22, 44, 62, 25, 20, 27, 42, 51, 56, 19, 23, 2, 64]",51.93604607046069
"[27, 14, 24, 41, 62, 25, 22, 27, 42, 51, 56, 19, 23, 1, 65]",53.353161246612565
"[26, 15, 22, 36, 62, 25, 19, 27, 38, 51, 56, 19, 23, 1, 65]",56.18778387533865
"[25, 17, 22, 38, 62, 25, 21, 27, 42, 51, 56, 19, 23, 2, 65]",51.32850542005414
"[25, 17, 22, 39, 62, 25, 21, 26, 42, 52, 56, 19, 23, 1, 65]",53.08980826558249
"[25, 18, 22, 39, 62, 25, 20, 27, 41, 51, 56, 19, 23, 1, 65]",57.525184620596185
"[25, 18, 22, 32, 62, 25, 20, 24, 41, 51, 56, 19, 23, 1, 65]",52.63798712737122
"[25, 16, 22, 36, 62, 26, 21, 27, 42, 51, 56, 19, 23, 2, 65]",49.99021409214104
"[25, 19, 22, 37, 62, 25, 22, 26, 38, 51, 56, 19, 23, 1, 65]",53.40695663956642
"[25, 18, 22, 33, 62, 27, 22, 27, 42, 54, 56, 19, 23, 3, 65]",52.69169783197845
"[25, 12, 22, 39, 62, 26, 21, 27, 42, 51, 56, 19, 23, 1, 65]",52.49978556910572
"[25, 15, 22, 30, 58, 25, 21, 24, 41, 51, 56, 20, 23, 1, 65]",58.3836954607044
"[25, 15, 22, 38, 62, 25, 20, 27, 42, 52, 56, 19, 23, 3, 63]",51.93406063685636
"[28, 16, 23, 41, 62, 25, 20, 27, 42, 51, 56, 19, 23, 2, 65]",55.11880860433604
"[25, 16, 22, 36, 62, 25, 22, 27, 42, 53, 56, 19, 23, 1, 62]",51.52506097560985
"[28, 17, 22, 40, 62, 25, 22, 27, 42, 51, 56, 19, 23, 2, 65]",51.540322493225034
"[25, 13, 22, 43, 62, 26, 22, 27, 42, 52, 56, 19, 23, 2, 65]",52.04211077235775
"[25, 17, 22, 44, 62, 25, 20, 27, 42, 51, 56, 19, 23, 1, 64]",52.07885975609776
"[25, 16, 22, 40, 62, 25, 20, 24, 42, 51, 56, 19, 23, 1, 65]",55.54656978319782
"[25, 17, 22, 40, 62, 25, 20, 27, 42, 51, 56, 19, 23, 2, 64]",51.142107046070734
"[25, 12, 22, 34, 62, 26, 21, 27, 42, 52, 56, 19, 23, 1, 63]",51.42547357723574
"[25, 13, 22, 37, 49, 25, 21, 27, 42, 54, 56, 19, 23, 2, 65]",52.95387499999996
"[26, 15, 26, 43, 62, 25, 20, 27, 42, 51, 56, 19, 23, 4, 65]",52.489980013549996
"[27, 17, 22, 31, 62, 25, 22, 26, 42, 51, 56, 19, 23, 1, 65]",51.13892005420042
"[25, 15, 22, 39, 62, 25, 22, 27, 42, 57, 56, 19, 23, 3, 65]",52.45246070460716
"[26, 15, 26, 38, 62, 25, 21, 27, 42, 51, 56, 19, 23, 4, 64]",51.874571815718106
"[25, 15, 22, 39, 62, 27, 22, 27, 41, 51, 56, 19, 23, 1, 65]",49.41454369918716
"[25, 15, 22, 39, 62, 25, 19, 27, 42, 51, 56, 19, 23, 1, 63]",51.52994884823879
"[25, 17, 22, 43, 62, 25, 20, 27, 42, 51, 56, 19, 23, 1, 65]",55.26847967479682
"[25, 17, 22, 41, 62, 29, 22, 27, 42, 54, 56, 19, 23, 2, 65]",52.1931033197831
"[26, 19, 22, 39, 62, 25, 20, 26, 42, 51, 56, 19, 23, 2, 64]",50.0981517615175
"[26, 18, 24, 40, 62, 25, 21, 27, 42, 52, 56, 19, 23, 2, 65]",54.58723780487803
"[25, 15, 22, 38, 62, 25, 20, 27, 41, 51, 56, 19, 23, 1, 65]",51.636297764227784
"[25, 16, 22, 41, 62, 26, 21, 27, 42, 51, 56, 19, 23, 2, 65]",51.529085704607084
"[25, 16, 22, 40, 62, 25, 20, 26, 42, 52, 56, 19, 23, 2, 64]",52.538422425474266
"[25, 17, 22, 40, 62, 25, 19, 27, 42, 51, 56, 19, 23, 1, 65]",54.73120596205991
"[25, 12, 22, 45, 62, 25, 19, 27, 40, 51, 56, 19, 23, 3, 65]",50.78302472899729
"[25, 16, 22, 37, 62, 25, 20, 27, 42, 51, 56, 19, 23, 2, 65]",51.414818766937685
"[25, 12, 22, 38, 62, 25, 22, 25, 42, 51, 56, 19, 23, 2, 64]",52.82354031165306
"[25, 16, 22, 32, 62, 27, 21, 27, 42, 55, 56, 19, 23, 1, 65]",51.568196476964694
"[25, 18, 22, 38, 62, 25, 22, 27, 42, 51, 56, 19, 23, 1, 65]",53.98468123306248
"[25, 14, 22, 39, 57, 25, 21, 26, 39, 51, 56, 19, 23, 1, 65]",55.0697784552843
"[25, 15, 22, 38, 62, 25, 21, 26, 42, 52, 56, 19, 23, 2, 61]",51.352047764227784
"[28, 14, 23, 39, 62, 25, 20, 27, 42, 51, 56, 19, 23, 3, 64]",50.60046239837385
"[25, 16, 22, 35, 61, 26, 22, 27, 42, 52, 56, 19, 23, 1, 62]",51.68988346883452
"[25, 16, 23, 40, 62, 26, 20, 27, 42, 52, 56, 19, 23, 2, 65]",55.250705284552986
"[25, 15, 22, 36, 62, 26, 22, 27, 42, 51, 56, 19, 23, 2, 65]",51.38937025745257
"[25, 16, 22, 48, 62, 25, 20, 27, 42, 51, 56, 19, 23, 2, 63]",50.03739430894301
"[25, 14, 22, 40, 62, 25, 19, 26, 42, 51, 56, 19, 23, 2, 65]",50.56144071815706
"[25, 14, 22, 43, 62, 25, 20, 25, 42, 51, 56, 19, 23, 2, 64]",50.149204268292685
"[25, 14, 22, 37, 62, 25, 21, 27, 42, 52, 56, 19, 23, 1, 63]",52.860222899729024
"[25, 13, 22, 40, 60, 25, 20, 27, 42, 52, 56, 19, 23, 1, 65]",54.51784586720855
"[25, 14, 26, 40, 62, 25, 20, 27, 42, 52, 56, 19, 23, 2, 65]",51.061977981030005
"[25, 15, 22, 33, 62, 25, 22, 25, 42, 52, 56, 19, 23, 1, 65]",56.321630420054476
"[25, 16, 22, 38, 62, 27, 22, 27, 42, 54, 56, 19, 23, 1, 65]",50.161582994579874
"[26, 14, 23, 38, 62, 25, 21, 27, 42, 51, 56, 19, 22, 2, 64]",51.83574051490517
"[25, 15, 22, 38, 62, 26, 22, 27, 41, 51, 56, 19, 23, 2, 65]",51.79713550135504
"[25, 16, 22, 39, 62, 25, 20, 20, 42, 51, 56, 19, 23, 3, 62]",52.84621205962081
"[25, 19, 22, 39, 62, 25, 20, 27, 42, 51, 56, 19, 23, 2, 65]",52.469365176151584
"[25, 16, 22, 41, 62, 30, 22, 27, 42, 52, 56, 19, 23, 2, 65]",49.592630758807445
"[27, 20, 22, 36, 62, 25, 20, 25, 42, 51, 56, 19, 23, 2, 63]",50.739969173441665
"[25, 20, 23, 39, 62, 25, 20, 27, 42, 53, 56, 19, 23, 3, 65]",49.92396307588078
"[25, 15, 22, 42, 62, 25, 20, 25, 38, 51, 56, 19, 23, 2, 65]",52.14232046070427
"[25, 15, 22, 41, 62, 25, 21, 27, 42, 51, 56, 19, 23, 2, 65]",50.765591124661285
"[25, 13, 22, 41, 62, 25, 20, 26, 42, 52, 56, 19, 23, 3, 63]",50.4776050135502
"[25, 16, 22, 40, 62, 25, 19, 26, 42, 51, 56, 19, 23, 2, 64]",51.43217005420047
"[25, 12, 22, 48, 62, 25, 18, 27, 40, 51, 56, 19, 23, 4, 65]",51.57332926829293
"[25, 14, 22, 41, 62, 25, 20, 27, 42, 52, 56, 19, 23, 2, 65]",49.77276795392964
"[25, 12, 22, 41, 62, 25, 22, 26, 42, 51, 56, 19, 23, 2, 63]",53.489443089431106
"[25, 13, 22, 38, 58, 27, 20, 27, 42, 54, 56, 19, 23, 1, 65]",51.188618902438975
"[25, 21, 22, 38, 62, 28, 22, 27, 42, 51, 56, 19, 23, 1, 62]",52.59318597560962
"[25, 14, 22, 41, 60, 25, 20, 25, 40, 51, 56, 19, 23, 1, 65]",53.34338075880755
"[25, 15, 22, 39, 61, 25, 22, 26, 42, 52, 56, 19, 23, 1, 62]",51.694115176151826
"[28, 14, 24, 40, 62, 25, 20, 27, 42, 51, 56, 19, 23, 4, 64]",57.864318428184305
"[25, 15, 22, 40, 60, 27, 22, 27, 42, 51, 56, 19, 23, 1, 63]",50.12962737127371
"[25, 17, 23, 41, 62, 27, 20, 26, 42, 52, 56, 19, 23, 2, 65]",51.269864837398146
"[25, 18, 22, 34, 62, 26, 21, 27, 42, 52, 56, 19, 23, 2, 65]",51.79188448509491
"[25, 15, 22, 44, 62, 25, 20, 27, 42, 51, 56, 19, 23, 2, 64]",49.685136856368636
"[25, 13, 22, 39, 62, 25, 19, 27, 41, 51, 56, 19, 23, 3, 65]",52.18835704607069
"[25, 13, 22, 44, 62, 25, 20, 24, 42, 51, 56, 19, 23, 2, 64]",50.38989871273709
"[25, 16, 22, 42, 59, 25, 22, 27, 42, 52, 56, 19, 23, 2, 62]",51.80187432249311
"[25, 18, 22, 36, 61, 26, 22, 27, 42, 51, 56, 19, 23, 2, 64]",51.639014905149075
"[25, 15, 26, 39, 62, 25, 21, 27, 42, 52, 56, 19, 23, 1, 65]",53.31853150406501
"[25, 13, 22, 44, 62, 25, 21, 25, 42, 53, 56, 19, 23, 1, 65]",50.30191768292693
"[25, 16, 22, 44, 62, 29, 22, 27, 42, 52, 56, 19, 23, 1, 65]",55.16358672086704
"[27, 17, 22, 40, 62, 25, 21, 27, 42, 52, 56, 19, 23, 1, 64]",53.83568563685621
"[25, 15, 22, 39, 61, 25, 21, 27, 41, 51, 56, 19, 23, 2, 65]",49.98651490514887
"[25, 15, 22, 40, 62, 25, 21, 15, 42, 51, 56, 19, 23, 2, 60]",52.489925813008085
"[25, 12, 22, 41, 62, 25, 20, 26, 42, 51, 56, 19, 23, 2, 65]",50.233771680216734
"[25, 15, 22, 41, 62, 30, 22, 27, 42, 53, 56, 19, 23, 2, 65]",49.931426829268446
"[26, 19, 22, 41, 62, 25, 20, 25, 42, 51, 56, 19, 23, 2, 64]",51.24762161246614
"[25, 18, 23, 40, 62, 26, 22, 27, 42, 53, 56, 19, 23, 3, 65]",51.67418834688359
"[25, 15, 22, 43, 62, 25, 20, 25, 36, 51, 56, 19, 23, 2, 65]",50.98942005420036
"[25, 15, 22, 40, 62, 25, 21, 27, 42, 51, 56, 19, 23, 2, 65]",49.29726219512197
"[25, 14, 22, 39, 62, 25, 20, 26, 42, 52, 56, 19, 23, 3, 62]",54.20334417344151
"[25, 16, 22, 40, 62, 25, 21, 25, 42, 51, 56, 19, 23, 3, 63]",51.241544715447
"[25, 16, 22, 30, 62, 25, 19, 27, 41, 51, 56, 19, 23, 1, 65]",50.71981470189701
"[25, 13, 22, 43, 62, 25, 20, 26, 42, 52, 56, 19, 23, 2, 65]",52.453567073170596
"[25, 19, 22, 41, 62, 25, 21, 27, 42, 51, 56, 19, 23, 1, 64]",52.21445020325218
"[25, 16, 22, 40, 55, 27, 21, 27, 42, 52, 56, 19, 23, 2, 65]",52.68330487804897
"[25, 17, 22, 38, 62, 28, 22, 27, 42, 52, 56, 19, 23, 2, 61]",50.795581300812806
"[25, 15, 22, 39, 62, 25, 19, 24, 41, 51, 56, 19, 23, 3, 65]",51.9604166666666
"[25, 15, 22, 39, 59, 25, 20, 26, 42, 52, 56, 19, 23, 1, 65]",52.4180030487804
"[25, 16, 24, 41, 62, 25, 20, 27, 42, 51, 56, 19, 23, 3, 64]",55.07759891598909
"[25, 14, 22, 42, 59, 28, 22, 27, 42, 54, 56, 19, 23, 1, 63]",51.4828678861791
"[25, 17, 22, 41, 62, 27, 22, 26, 42, 52, 56, 19, 23, 2, 65]",50.74931131436331
"[25, 17, 22, 39, 62, 26, 22, 27, 42, 53, 56, 19, 23, 2, 65]",52.07583536585365
"[28, 16, 22, 36, 62, 25, 20, 27, 42, 51, 56, 19, 23, 1, 65]",50.423882113821094
"[25, 16, 22, 38, 62, 25, 20, 27, 40, 51, 56, 19, 23, 2, 65]",51.047507791328215
"[25, 18, 22, 43, 62, 25, 20, 25, 42, 51, 56, 19, 23, 2, 64]",51.43230013550133
"[25, 13, 22, 44, 62, 27, 22, 26, 42, 52, 56, 19, 23, 3, 61]",52.80510941734404
"[25, 17, 22, 36, 53, 25, 22, 27, 42, 51, 56, 19, 23, 2, 64]",52.107052168021646
"[26, 17, 22, 39, 62, 25, 21, 27, 42, 52, 56, 19, 23, 2, 65]",56.15688787262883
"[25, 13, 22, 47, 62, 25, 21, 27, 42, 54, 56, 19, 23, 1, 65]",51.62415311653121
"[26, 15, 22, 43, 62, 29, 22, 27, 42, 51, 56, 19, 23, 2, 65]",48.64481063685643
"[26, 19, 22, 40, 62, 25, 21, 26, 42, 52, 56, 19, 23, 1, 65]",51.31163042005416
"[25, 15, 22, 40, 60, 25, 21, 26, 42, 51, 56, 19, 23, 2, 65]",51.44610331978327
"[25, 15, 22, 41, 62, 25, 18, 19, 42, 51, 56, 19, 23, 1, 61]",51.66719647696482
"[25, 12, 22, 44, 62, 25, 20, 26, 42, 51, 56, 19, 23, 2, 65]",50.44638651761525
"[25, 15, 22, 40, 62, 31, 22, 27, 42, 56, 56, 19, 23, 2, 65]",50.13395663956646
"[25, 15, 22, 44, 62, 25, 20, 26, 42, 51, 56, 19, 23, 2, 65]",49.65583502710024
"[26, 15, 23, 41, 62, 27, 22, 26, 42, 52, 56, 19, 23, 1, 65]",50.64965345528452
"[25, 15, 22, 40, 62, 25, 19, 26, 32, 51, 56, 19, 23, 2, 65]",51.46016463414633
"[25, 15, 22, 39, 62, 25, 21, 26, 42, 51, 56, 19, 23, 2, 65]",49.764953590785886
"[25, 16, 22, 38, 62, 25, 20, 26, 42, 52, 56, 19, 23, 2, 62]",51.787836382113746
"[25, 16, 22, 40, 62, 25, 21, 25, 42, 51, 56, 19, 23, 3, 63]",51.00989464769629
"[25, 19, 22, 28, 62, 25, 20, 25, 42, 51, 56, 20, 23, 1, 65]",51.03878590785906
"[25, 17, 22, 41, 62, 25, 21, 26, 42, 52, 56, 19, 23, 2, 65]",51.83246307588095
"[26, 19, 22, 38, 62, 25, 20, 27, 42, 51, 56, 19, 23, 1, 65]",50.578715447154366
"[25, 17, 22, 39, 56, 25, 22, 27, 42, 52, 56, 19, 23, 3, 65]",51.86857452574536
"[25, 12, 22, 38, 62, 28, 22, 27, 42, 54, 56, 19, 23, 1, 63]",51.7871724254744
"[25, 16, 22, 37, 62, 25, 20, 23, 42, 51, 56, 19, 23, 3, 65]",49.970648035230234
"[25, 15, 22, 38, 60, 26, 19, 26, 42, 52, 56, 19, 23, 1, 65]",49.007390243902194
"[25, 18, 23, 40, 62, 25, 20, 27, 42, 51, 56, 19, 23, 2, 64]",49.807227642276175
"[25, 15, 22, 36, 61, 27, 22, 27, 42, 55, 56, 19, 23, 2, 62]",54.23086619241195
"[27, 16, 22, 39, 62, 25, 22, 27, 42, 52, 56, 19, 23, 2, 65]",50.650954945799576
"[25, 14, 22, 44, 62, 26, 21, 27, 42, 53, 56, 19, 23, 2, 65]",50.749140582655805
"[25, 17, 22, 42, 62, 25, 20, 25, 42, 51, 56, 19, 23, 1, 63]",51.04920765582663
"[25, 18, 22, 38, 62, 25, 21, 26, 39, 51, 56, 19, 23, 1, 65]",49.93102100271014
"[25, 22, 22, 40, 62, 25, 20, 26, 41, 51, 56, 19, 23, 2, 63]",50.69679336043342
"[25, 12, 22, 36, 62, 28, 22, 27, 42, 51, 56, 19, 23, 1, 65]",52.65253218157188
"[25, 15, 22, 39, 48, 28, 22, 27, 42, 52, 56, 19, 23, 1, 64]",51.88951626016242
"[26, 17, 22, 40, 62, 25, 21, 26, 42, 52, 56, 19, 23, 3, 65]",52.772349254742764
"[25, 15, 22, 41, 62, 25, 21, 27, 42, 53, 56, 19, 23, 3, 65]",52.814076897018914
"[27, 14, 22, 39, 62, 28, 22, 27, 42, 55, 56, 19, 23, 2, 65]",51.41555216802174
"[27, 18, 22, 40, 62, 26, 21, 25, 42, 51, 56, 19, 23, 1, 63]",54.043675813008164
"[25, 15, 22, 39, 61, 25, 22, 25, 42, 51, 56, 19, 23, 1, 65]",52.145693089430964
"[25, 15, 22, 40, 62, 25, 17, 27, 42, 51, 56, 19, 23, 1, 65]",51.00571138211386
"[25, 12, 22, 41, 62, 25, 20, 26, 42, 51, 56, 19, 23, 1, 65]",53.54274864498656
"[25, 16, 22, 40, 62, 30, 22, 27, 42, 56, 56, 19, 23, 2, 65]",51.71825643631419
"[25, 12, 23, 41, 62, 25, 20, 27, 42, 51, 56, 19, 23, 2, 65]",51.81412906504071
"[27, 18, 22, 41, 62, 27, 22, 26, 42, 52, 56, 19, 23, 1, 65]",54.03733062330647
"[26, 16, 22, 37, 62, 25, 17, 23, 31, 51, 56, 19, 23, 1, 65]",51.21533434959373
"[25, 15, 22, 39, 62, 25, 22, 25, 42, 51, 56, 19, 23, 2, 65]",51.42501253387515
"[25, 17, 22, 39, 62, 25, 20, 26, 42, 52, 56, 19, 23, 1, 63]",49.685439363143445
"[25, 15, 22, 40, 62, 25, 20, 27, 42, 51, 56, 19, 23, 2, 63]",50.906075880758685
"[25, 14, 22, 30, 56, 25, 20, 24, 41, 51, 56, 20, 23, 1, 64]",53.444562330623285
"[25, 18, 22, 38, 62, 25, 21, 27, 42, 52, 56, 19, 23, 2, 65]",50.33288346883446
"[28, 15, 22, 37, 62, 25, 20, 26, 42, 51, 56, 19, 23, 1, 64]",51.83705318428171
"[25, 16, 22, 35, 61, 25, 22, 27, 42, 52, 56, 19, 23, 3, 65]",51.637269308943004
"[25, 13, 22, 40, 62, 28, 22, 27, 42, 55, 56, 19, 23, 2, 64]",52.979687330623335
"[25, 16, 22, 36, 62, 25, 21, 25, 41, 51, 56, 19, 23, 2, 65]",50.61376016260153
"[25, 15, 22, 36, 60, 27, 19, 26, 42, 52, 56, 19, 23, 1, 65]",50.478640582655956
"[25, 19, 22, 39, 62, 25, 20, 26, 42, 51, 56, 19, 23, 1, 65]",52.5381497289974
"[25, 15, 22, 36, 60, 27, 22, 27, 42, 53, 56, 19, 23, 2, 62]",51.79068495934957
"[27, 17, 22, 39, 62, 25, 22, 27, 42, 53, 56, 19, 23, 2, 65]",50.14309417344156
"[25, 13, 22, 43, 62, 27, 20, 27, 42, 53, 56, 19, 23, 2, 65]",51.25592920054216
"[25, 16, 22, 45, 62, 25, 20, 25, 42, 51, 56, 19, 23, 3, 63]",52.25510772357709
"[25, 18, 22, 40, 62, 25, 21, 25, 39, 51, 56, 19, 23, 1, 65]",53.17303455284545
"[25, 22, 23, 39, 62, 25, 20, 26, 41, 51, 56, 19, 23, 2, 63]",50.14562533875328
"[25, 12, 22, 37, 62, 25, 21, 27, 42, 52, 56, 19, 23, 1, 65]",53.25241598915995
"[25, 13, 22, 41, 54, 28, 21, 27, 42, 52, 56, 19, 23, 1, 65]",52.76147357723587
"[25, 16, 22, 41, 62, 26, 21, 25, 42, 52, 56, 19, 23, 2, 65]",49.40349593495923
"[25, 17, 22, 39, 62, 25, 21, 26, 42, 52, 56, 19, 23, 2, 65]",50.42901185636847
"[26, 15, 22, 36, 62, 29, 22, 27, 42, 55, 56, 19, 23, 2, 65]",53.731292344173546
"[26, 17, 23, 40, 62, 25, 21, 26, 42, 51, 56, 19, 23, 4, 62]",51.30628658536584
"[25, 15, 22, 37, 62, 25, 21, 26, 42, 51, 56, 19, 23, 1, 65]",54.85807621951191
"[25, 15, 22, 40, 62, 25, 16, 27, 41, 51, 56, 19, 23, 1, 65]",52.43388990514904
"[25, 18, 22, 37, 62, 25, 20, 27, 42, 51, 56, 19, 23, 1, 65]",51.62681876693786
"[25, 16, 22, 41, 62, 27, 22, 27, 42, 55, 56, 19, 23, 2, 65]",50.18414329268273
"[25, 14, 23, 39, 62, 25, 20, 27, 41, 51, 56, 19, 23, 2, 65]",51.264190718157344
"[26, 18, 22, 40, 62, 26, 21, 26, 42, 54, 56, 19, 23, 2, 65]",50.364523373983694
"[26, 16, 22, 38, 62, 25, 18, 24, 39, 51, 56, 19, 23, 1, 64]",58.438571815718106
"[25, 15, 22, 39, 62, 25, 22, 27, 42, 51, 56, 19, 23, 2, 65]",51.677567750677596
"[25, 17, 22, 40, 62, 25, 20, 26, 42, 52, 56, 19, 23, 1, 63]",51.69876659891588
"[25, 15, 22, 40, 62, 25, 20, 27, 41, 51, 56, 19, 23, 1, 64]",49.721709010840094
"[25, 12, 22, 41, 54, 25, 19, 27, 40, 51, 56, 20, 23, 1, 65]",55.45108197831969
"[25, 16, 22, 39, 62, 26, 21, 26, 42, 52, 56, 19, 23, 2, 65]",50.147523712737225
"[26, 13, 22, 41, 62, 25, 20, 26, 42, 51, 56, 19, 23, 1, 63]",53.78034281842818
"[25, 15, 22, 37, 62, 26, 21, 27, 42, 52, 56, 19, 23, 2, 65]",51.6379390243902
"[25, 20, 22, 39, 62, 28, 22, 27, 42, 54, 56, 19, 23, 3, 61]",50.985243224932155
"[25, 15, 22, 41, 59, 25, 19, 27, 39, 51, 56, 19, 23, 2, 65]",50.777929539295414
"[25, 15, 22, 35, 61, 25, 19, 26, 42, 52, 56, 19, 23, 1, 65]",54.089385501354876
"[25, 18, 22, 39, 62, 25, 20, 26, 42, 51, 56, 19, 23, 2, 63]",51.910113821138154
"[25, 15, 22, 39, 58, 27, 22, 27, 42, 52, 56, 19, 23, 1, 63]",50.89892344173489
"[26, 16, 22, 41, 62, 25, 21, 27, 42, 52, 56, 19, 23, 2, 65]",52.416022696477164
"[25, 13, 22, 40, 62, 27, 21, 27, 42, 53, 56, 19, 23, 2, 65]",50.878680555555476
"[25, 15, 22, 44, 62, 25, 20, 26, 42, 51, 56, 19, 23, 3, 63]",51.24491734417334
"[25, 15, 22, 41, 62, 25, 21, 24, 40, 51, 56, 19, 23, 3, 64]",52.797395663956834
"[26, 18, 24, 38, 62, 25, 20, 26, 41, 51, 56, 19, 23, 1, 65]",51.59839498644983
"[25, 16, 22, 40, 60, 25, 22, 27, 42, 54, 56, 19, 23, 1, 65]",55.08042039295395
"[25, 15, 22, 34, 62, 26, 22, 27, 42, 54, 56, 19, 23, 1, 65]",52.52257012195113
"[25, 15, 22, 41, 62, 25, 21, 26, 42, 52, 56, 19, 23, 1, 65]",49.95820765582672
"[25, 17, 22, 40, 62, 26, 22, 25, 42, 52, 56, 19, 23, 1, 65]",52.07420494579944
"[25, 16, 22, 38, 62, 28, 22, 27, 42, 53, 56, 19, 23, 2, 65]",51.273058943089296
"[25, 16, 24, 40, 62, 25, 21, 26, 42, 51, 56, 19, 23, 4, 63]",50.93807621951226
"[25, 15, 22, 37, 62, 25, 20, 27, 42, 51, 56, 19, 23, 2, 65]",51.30481605691045
"[25, 15, 22, 40, 62, 25, 18, 27, 40, 51, 56, 19, 23, 2, 65]",50.39218699186991
"[25, 18, 22, 37, 62, 25, 20, 27, 42, 51, 56, 19, 23, 2, 64]",52.81553590785892
"[25, 15, 22, 41, 62, 28, 22, 27, 42, 53, 56, 19, 23, 2, 65]",52.06945460704622
"[25, 18, 22, 41, 62, 25, 20, 26, 42, 51, 56, 19, 23, 2, 65]",50.420503048780404
"[25, 17, 22, 39, 62, 25, 20, 27, 42, 55, 56, 19, 23, 4, 64]",50.811857384823846
"[25, 14, 22, 40, 62, 25, 20, 25, 42, 51, 56, 19, 23, 2, 63]",50.25628218157186
"[25, 15, 22, 40, 62, 25, 21, 27, 42, 51, 56, 19, 23, 2, 65]",50.69724085365844
"[25, 16, 22, 40, 62, 25, 20, 26, 42, 52, 56, 19, 23, 1, 62]",54.14494037940381
"[25, 15, 22, 40, 62, 25, 20, 26, 42, 51, 56, 19, 23, 1, 64]",49.95758536585378
"[25, 16, 22, 46, 60, 25, 18, 27, 38, 51, 56, 19, 23, 2, 65]",54.01905284552858
"[25, 13, 22, 40, 62, 27, 21, 25, 42, 52, 56, 19, 23, 2, 65]",49.3021707317075
"[25, 14, 22, 41, 62, 25, 20, 27, 42, 51, 56, 19, 23, 1, 63]",53.21319308943092
"[25, 15, 22, 38, 62, 27, 20, 27, 42, 52, 56, 19, 23, 2, 65]",51.70081334688385
"[25, 22, 22, 39, 62, 27, 22, 27, 42, 53, 56, 19, 23, 3, 63]",50.628451558265326
"[25, 15, 22, 40, 61, 25, 19, 24, 39, 51, 56, 19, 23, 2, 65]",51.121728319783294
"[25, 15, 22, 39, 58, 25, 20, 26, 42, 51, 56, 19, 23, 1, 65]",50.572473577235876
"[25, 17, 22, 39, 62, 25, 20, 26, 42, 51, 56, 19, 23, 3, 63]",50.52003692411922
"[25, 15, 22, 40, 59, 26, 22, 27, 42, 51, 56, 19, 23, 1, 64]",53.990540989159776
"[25, 17, 22, 42, 62, 25, 20, 27, 42, 52, 56, 19, 23, 2, 65]",51.557764905148936
"[25, 16, 22, 39, 62, 25, 22, 27, 42, 53, 56, 19, 23, 2, 65]",51.5020155826558
"[25, 16, 22, 38, 62, 25, 20, 27, 42, 51, 56, 19, 23, 3, 64]",51.22471138211391
"[25, 15, 22, 39, 62, 25, 19, 25, 41, 51, 56, 19, 23, 3, 64]",53.1938035230351
"[26, 13, 24, 41, 62, 25, 20, 26, 41, 51, 56, 19, 23, 1, 65]",51.494267953929345
"[25, 16, 22, 41, 57, 26, 21, 27, 42, 52, 56, 19, 23, 2, 62]",52.29225948509469
"[25, 18, 22, 30, 62, 25, 21, 27, 42, 52, 56, 19, 23, 2, 64]",51.082221205962156
"[25, 15, 22, 40, 62, 25, 21, 26, 42, 52, 56, 19, 23, 1, 65]",50.286751693767016
"[25, 12, 22, 42, 62, 26, 22, 25, 42, 53, 56, 19, 23, 1, 65]",50.794378387533726
"[25, 15, 22, 43, 62, 26, 22, 27, 42, 52, 56, 19, 23, 2, 65]",50.85768394308955
"[27, 17, 24, 40, 62, 25, 22, 26, 42, 51, 56, 19, 23, 2, 65]",50.60688584010847
"[25, 15, 22, 41, 59, 25, 20, 27, 41, 51, 56, 19, 23, 2, 64]",49.91226558265567
"[25, 15, 22, 40, 62, 25, 21, 27, 41, 51, 56, 19, 23, 2, 65]",49.822308265582684
"[25, 12, 22, 42, 62, 25, 20, 25, 42, 51, 56, 19, 23, 2, 63]",50.498207994580106
"[25, 15, 22, 41, 62, 30, 22, 27, 42, 53, 56, 19, 23, 2, 65]",52.21797696476965
"[25, 17, 22, 42, 62, 25, 20, 25, 42, 51, 56, 19, 23, 2, 65]",49.47424593495928
"[25, 15, 22, 39, 62, 27, 21, 27, 42, 54, 56, 19, 23, 3, 65]",51.28529403794027
"[25, 12, 22, 42, 62, 25, 22, 26, 42, 51, 56, 19, 23, 1, 63]",51.19559518970198
"[25, 15, 22, 40, 62, 25, 20, 27, 42, 51, 56, 19, 23, 2, 65]",49.49854200541995
"[25, 14, 22, 39, 62, 25, 20, 26, 42, 52, 56, 19, 23, 1, 62]",50.32784214092145
"[25, 15, 22, 40, 62, 25, 20, 25, 42, 51, 56, 19, 23, 1, 63]",49.79594681571818
"[25, 21, 22, 46, 62, 25, 17, 26, 41, 51, 56, 19, 23, 2, 65]",50.29402811653113
"[25, 12, 22, 41, 62, 28, 22, 25, 42, 52, 56, 19, 23, 2, 65]",50.65508401084009
"[25, 18, 22, 39, 62, 25, 20, 27, 42, 51, 56, 19, 23, 2, 64]",55.951016937669046
"[25, 17, 22, 40, 61, 27, 21, 27, 42, 52, 56, 19, 23, 2, 65]",51.429375677506606
"[25, 19, 22, 40, 62, 26, 22, 27, 42, 54, 56, 19, 23, 2, 65]",51.1113722899729
"[25, 16, 22, 38, 62, 25, 21, 21, 42, 51, 56, 19, 23, 3, 65]",50.777279810297905
"[25, 15, 22, 42, 57, 25, 20, 26, 42, 51, 56, 19, 23, 2, 64]",50.56989566395646
"[25, 16, 22, 40, 62, 25, 20, 26, 42, 51, 56, 19, 23, 3, 64]",50.38804471544715
"[25, 15, 22, 39, 62, 27, 22, 27, 42, 51, 56, 19, 23, 1, 62]",50.702231368563744
"[27, 18, 22, 41, 62, 26, 22, 27, 42, 51, 56, 19, 23, 2, 65]",53.32079336043355
"[25, 17, 22, 41, 62, 25, 21, 27, 42, 53, 56, 19, 23, 2, 65]",52.635322831978336
"[26, 17, 22, 40, 62, 25, 20, 26, 42, 51, 56, 19, 23, 1, 65]",51.51652032520317
"[25, 17, 22, 38, 62, 25, 18, 26, 42, 51, 56, 19, 23, 1, 65]",49.94313855013537
"[25, 12, 22, 42, 62, 25, 20, 26, 41, 51, 56, 19, 23, 1, 64]",51.76236551490501
"[25, 12, 22, 42, 62, 28, 20, 27, 42, 51, 56, 19, 23, 3, 62]",51.498368563685695
"[25, 19, 22, 35, 53, 26, 20, 27, 42, 51, 56, 19, 23, 2, 64]",50.70889058265574
"[25, 15, 22, 40, 62, 25, 21, 26, 42, 52, 56, 19, 23, 3, 63]",54.36967378048786
"[25, 12, 22, 41, 62, 26, 22, 25, 42, 54, 56, 19, 23, 1, 64]",52.56768665311658
"[26, 16, 22, 43, 62, 28, 22, 27, 42, 54, 56, 19, 23, 2, 65]",50.979839430894344
"[28, 16, 23, 40, 62, 25, 22, 26, 42, 51, 56, 19, 23, 2, 65]",50.88343326558259
"[25, 15, 22, 42, 57, 25, 21, 26, 42, 51, 56, 19, 23, 2, 64]",50.25555724932264
"[25, 15, 22, 40, 62, 25, 22, 27, 42, 51, 56, 19, 23, 2, 65]",51.17047357723571
"[25, 14, 22, 43, 62, 25, 20, 25, 42, 51, 56, 19, 23, 1, 65]",50.521697831978486
"[25, 16, 22, 39, 62, 31, 22, 27, 42, 54, 56, 19, 23, 2, 65]",49.95848001354997
"[26, 16, 22, 42, 62, 25, 20, 25, 42, 51, 56, 19, 23, 2, 65]",51.66746036585378
"[25, 17, 23, 40, 62, 27, 22, 27, 42, 52, 56, 19, 23, 1, 65]",50.99397459349584
"[25, 15, 22, 38, 62, 25, 22, 26, 42, 51, 56, 19, 23, 1, 62]",52.42346341463435
"[25, 15, 22, 40, 62, 25, 20, 26, 42, 52, 56, 19, 23, 2, 65]",51.23965684281823
"[25, 15, 22, 38, 62, 25, 20, 26, 42, 52, 56, 19, 23, 1, 63]",52.140687330623116
"[25, 15, 22, 40, 62, 25, 20, 27, 42, 51, 56, 19, 23, 1, 63]",53.04631029810292
"[25, 20, 22, 38, 62, 25, 22, 24, 42, 51, 56, 19, 23, 2, 65]",50.06228150406521
"[25, 15, 22, 40, 62, 28, 21, 25, 42, 52, 56, 19, 23, 2, 65]",54.31698780487793
"[25, 20, 22, 38, 62, 25, 20, 26, 42, 51, 56, 19, 23, 3, 64]",49.56835094850964
"[25, 17, 22, 39, 61, 26, 21, 27, 42, 52, 56, 19, 23, 2, 65]",50.90137635501356
"[25, 12, 22, 41, 62, 25, 21, 27, 42, 53, 56, 19, 23, 2, 65]",50.53781842818409
"[25, 15, 22, 37, 62, 25, 22, 21, 41, 51, 56, 19, 23, 2, 65]",50.757379742547606
"[25, 15, 22, 38, 59, 25, 20, 26, 42, 51, 56, 19, 23, 2, 64]",50.743494241192195
"[25, 15, 22, 40, 62, 25, 20, 26, 42, 51, 56, 19, 23, 1, 64]",51.19027642276429
"[25, 15, 22, 39, 62, 26, 22, 27, 42, 53, 56, 19, 23, 1, 63]",51.16378827913281
"[28, 17, 22, 39, 62, 26, 22, 27, 42, 51, 56, 19, 23, 2, 65]",50.46022865853668
"[25, 14, 22, 42, 62, 28, 20, 27, 42, 53, 56, 19, 23, 2, 65]",51.67418868563669
"[25, 16, 22, 41, 62, 25, 20, 26, 42, 51, 56, 19, 23, 1, 65]",51.9443394308944
"[25, 18, 22, 37, 62, 25, 18, 27, 42, 51, 56, 19, 23, 1, 65]",49.90408909214105
"[25, 15, 22, 42, 62, 25, 20, 26, 41, 51, 56, 19, 23, 2, 62]",51.53572357723575
"[25, 12, 22, 36, 62, 28, 21, 27, 42, 51, 56, 19, 23, 2, 63]",54.090843495934976
"[25, 13, 22, 45, 55, 27, 20, 27, 42, 52, 56, 19, 23, 1, 64]",54.17203523035237
"[25, 15, 22, 40, 62, 26, 22, 26, 42, 52, 56, 19, 23, 3, 63]",50.982676151761446
"[25, 17, 22, 39, 62, 25, 21, 27, 42, 52, 56, 19, 23, 2, 64]",52.51568936314388
"[27, 17, 22, 41, 62, 30, 22, 27, 42, 54, 56, 19, 23, 2, 65]",50.46710298102972
"[28, 16, 23, 40, 62, 25, 21, 26, 42, 52, 56, 19, 23, 2, 65]",52.73461890243892
"[25, 15, 22, 39, 60, 25, 22, 25, 42, 51, 56, 19, 23, 1, 64]",52.06127608401079
"[25, 15, 22, 40, 62, 25, 22, 26, 42, 51, 56, 19, 23, 2, 65]",50.37709180216812
"[25, 18, 22, 38, 62, 25, 20, 27, 42, 51, 56, 19, 23, 1, 65]",50.984670731707254
"[25, 15, 22, 39, 62, 25, 22, 27, 42, 55, 56, 19, 23, 2, 65]",49.90367174796744
"[27, 15, 22, 40, 62, 25, 20, 25, 42, 51, 56, 19, 23, 2, 65]",49.44580013550127
"[25, 18, 23, 40, 62, 26, 21, 27, 42, 53, 56, 19, 23, 2, 65]",52.035119241192426
"[25, 17, 22, 36, 62, 25, 21, 25, 42, 51, 56, 19, 23, 1, 62]",51.2343665311655
"[25, 15, 22, 40, 62, 25, 20, 26, 42, 51, 56, 19, 23, 2, 65]",50.197287262872656
"[25, 17, 22, 38, 62, 25, 20, 26, 42, 52, 56, 19, 23, 1, 63]",51.98640989159892
"[25, 15, 22, 40, 62, 25, 20, 27, 40, 51, 56, 19, 23, 1, 62]",52.02144817073174
"[25, 17, 22, 32, 62, 25, 22, 26, 41, 51, 56, 19, 23, 2, 65]",50.67652540650392
"[25, 15, 22, 39, 62, 26, 20, 25, 42, 52, 56, 19, 23, 2, 65]",49.56678455284552
"[25, 20, 22, 37, 62, 25, 20, 25, 42, 51, 56, 19, 23, 3, 65]",51.517415311653
"[25, 17, 22, 39, 62, 25, 21, 27, 42, 53, 56, 19, 23, 2, 65]",50.15799017615181
"[26, 12, 22, 41, 62, 27, 21, 27, 42, 52, 56, 19, 23, 2, 65]",51.37317310298104
"[25, 15, 22, 36, 60, 25, 20, 27, 40, 51, 56, 19, 23, 1, 65]",52.23800271002706
"[25, 15, 22, 35, 62, 25, 20, 26, 42, 52, 56, 19, 23, 2, 65]",52.40094004065047
"[25, 16, 23, 40, 62, 25, 20, 26, 42, 51, 56, 19, 23, 1, 64]",50.43855386178857
"[25, 15, 22, 39, 62, 25, 22, 27, 42, 54, 56, 19, 23, 1, 63]",51.24052845528468
"[26, 16, 23, 40, 62, 26, 22, 27, 42, 52, 56, 19, 23, 2, 65]",51.034707655826494
"[26, 14, 22, 40, 62, 27, 21, 27, 42, 52, 56, 19, 23, 2, 65]",51.218781504064914
"[25, 15, 22, 41, 62, 25, 20, 26, 42, 51, 56, 19, 23, 4, 64]",51.00756605691053
"[25, 17, 22, 38, 62, 25, 20, 27, 40, 51, 56, 19, 23, 1, 64]",50.46731266937641
"[25, 21, 22, 36, 62, 25, 20, 26, 41, 51, 56, 19, 23, 2, 62]",51.21301287262866
"[25, 12, 22, 37, 62, 27, 22, 27, 42, 51, 56, 19, 23, 1, 64]",51.2200738482385
"[25, 13, 22, 38, 62, 25, 22, 26, 42, 53, 56, 19, 23, 1, 64]",51.07681605691082
"[25, 15, 22, 40, 62, 27, 22, 25, 42, 52, 56, 19, 23, 1, 65]",49.80351829268315
"[25, 16, 22, 41, 62, 27, 20, 27, 42, 51, 56, 19, 23, 1, 64]",52.89897357723555
"[26, 16, 22, 41, 62, 28, 22, 27, 42, 53, 56, 19, 23, 2, 65]",49.45931131436308
"[27, 16, 24, 40, 62, 25, 20, 26, 42, 52, 56, 19, 23, 2, 65]",53.83477066395659
"[25, 15, 22, 36, 62, 25, 22, 26, 42, 51, 56, 19, 23, 1, 64]",50.43163008130092
"[25, 15, 22, 40, 62, 25, 22, 26, 42, 51, 56, 19, 23, 2, 65]",49.79464498644986
"[25, 18, 22, 37, 62, 25, 20, 27, 41, 51, 56, 19, 23, 1, 65]",53.26055352303526
"[25, 15, 22, 40, 62, 27, 22, 27, 42, 54, 56, 19, 23, 2, 65]",50.243942411924166
"[26, 16, 22, 38, 62, 25, 20, 25, 42, 51, 56, 19, 23, 2, 65]",54.03881402439032
"[25, 18, 23, 40, 62, 25, 20, 27, 42, 54, 56, 19, 23, 3, 65]",49.48164532520336
"[25, 15, 22, 37, 62, 25, 18, 25, 42, 51, 56, 19, 23, 1, 63]",51.01801490514908
"[25, 15, 22, 40, 62, 25, 21, 27, 42, 51, 56, 19, 23, 2, 65]",50.01430826558259
"[25, 17, 22, 38, 62, 25, 20, 26, 42, 52, 56, 19, 23, 2, 63]",51.532509146341575
"[25, 15, 22, 40, 62, 25, 20, 26, 41, 51, 56, 19, 23, 2, 63]",50.72886212737114
"[25, 15, 22, 41, 62, 25, 21, 27, 41, 51, 56, 19, 23, 2, 65]",51.50189532520321
"[25, 14, 22, 39, 62, 26, 21, 26, 42, 52, 56, 19, 23, 2, 65]",49.90308604336059
"[26, 19, 22, 37, 62, 25, 20, 24, 42, 51, 56, 19, 23, 2, 65]",50.452106707316894
"[25, 15, 22, 40, 62, 25, 21, 27, 42, 53, 56, 19, 23, 2, 65]",53.60590243902468
"[25, 14, 22, 39, 62, 28, 21, 27, 42, 51, 56, 19, 23, 2, 65]",51.488704268292516
"[25, 15, 22, 37, 59, 25, 18, 27, 40, 51, 56, 19, 23, 2, 65]",51.5582567750677
"[25, 15, 22, 38, 60, 26, 19, 26, 42, 52, 56, 19, 23, 1, 65]",50.200161246612595
"[25, 18, 23, 40, 62, 25, 20, 26, 42, 51, 56, 19, 23, 1, 64]",50.50843394308943
"[25, 15, 22, 40, 62, 25, 22, 27, 42, 53, 56, 19, 23, 2, 63]",54.295336720867084
"[25, 17, 23, 41, 62, 25, 21, 27, 42, 51, 56, 19, 23, 2, 65]",50.87857181571849
"[27, 15, 22, 38, 62, 25, 22, 27, 42, 51, 56, 19, 23, 2, 65]",50.418875677506776
"[25, 15, 22, 41, 62, 25, 20, 26, 42, 51, 56, 19, 23, 4, 64]",52.10641463414641
"[25, 17, 22, 40, 62, 25, 21, 27, 40, 51, 56, 19, 23, 2, 64]",49.19639566395665
"[25, 20, 23, 35, 62, 25, 20, 26, 41, 51, 56, 19, 23, 2, 63]",52.331199186991874
"[25, 13, 22, 40, 62, 26, 21, 27, 42, 51, 56, 19, 23, 1, 65]",51.58925508130073
"[25, 18, 22, 33, 62, 26, 22, 26, 42, 52, 56, 19, 23, 1, 65]",50.68300203252036
"[25, 16, 22, 40, 62, 27, 20, 26, 42, 52, 56, 19, 23, 1, 65]",52.16086246612461
"[25, 14, 22, 43, 62, 28, 21, 27, 42, 51, 56, 19, 23, 1, 64]",50.265275406504145
"[26, 15, 22, 41, 62, 27, 22, 27, 42, 54, 56, 19, 23, 2, 65]",49.62537601626013
"[26, 19, 24, 40, 62, 25, 20, 26, 42, 51, 56, 19, 23, 3, 64]",55.11213821138216
"[25, 15, 22, 36, 62, 25, 22, 27, 42, 51, 56, 19, 23, 1, 64]",53.122307926829166
"[25, 15, 22, 40, 62, 25, 21, 26, 42, 51, 56, 19, 23, 2, 65]",49.208187330623296
"[25, 14, 22, 41, 62, 25, 20, 27, 42, 51, 56, 19, 23, 1, 64]",51.614172425474486
"[25, 16, 22, 40, 62, 30, 22, 27, 42, 52, 56, 19, 23, 2, 65]",51.05369207317075
"[25, 16, 22, 38, 62, 25, 20, 25, 41, 51, 56, 19, 23, 2, 65]",51.10764261517609
"[25, 17, 22, 40, 62, 25, 19, 27, 42, 54, 56, 19, 23, 3, 65]",52.51805555555567
"[25, 12, 22, 39, 62, 25, 20, 26, 42, 51, 56, 19, 23, 1, 64]",53.29149559620594
"[25, 15, 22, 40, 61, 25, 22, 27, 42, 52, 56, 19, 23, 2, 65]",49.34892987804894
"[25, 15, 22, 39, 62, 25, 20, 26, 42, 52, 56, 19, 23, 3, 63]",50.929824186992036
"[25, 15, 22, 40, 62, 25, 20, 26, 41, 51, 56, 19, 23, 2, 65]",49.807922764227705
"[25, 14, 22, 41, 62, 25, 18, 27, 42, 51, 56, 19, 23, 2, 65]",50.99557452574534
"[25, 13, 22, 39, 61, 28, 21, 26, 42, 52, 56, 19, 23, 2, 65]",49.82584146341463
"[25, 13, 22, 43, 62, 25, 20, 25, 42, 51, 56, 19, 23, 2, 65]",51.54142581300803
"[25, 14, 22, 40, 62, 27, 21, 27, 42, 53, 56, 19, 23, 2, 65]",52.216537601626115
"[25, 15, 22, 38, 62, 27, 21, 27, 42, 54, 56, 19, 23, 2, 65]",51.548883468834646
"[25, 16, 22, 37, 61, 25, 22, 27, 42, 51, 56, 19, 23, 3, 65]",50.88717953929535
"[25, 15, 22, 40, 60, 26, 19, 26, 42, 52, 56, 19, 23, 2, 65]",51.77094037940368
"[27, 17, 23, 40, 62, 25, 20, 27, 42, 51, 56, 19, 23, 1, 64]",53.06079776422755
"[25, 15, 22, 40, 61, 28, 21, 27, 42, 52, 56, 19, 23, 2, 63]",52.48071985094842
"[26, 18, 23, 41, 62, 25, 21, 27, 42, 52, 56, 19, 23, 2, 65]",50.67699390243893
"[25, 15, 22, 39, 62, 25, 22, 27, 42, 52, 56, 19, 23, 2, 65]",52.11084078590776
"[25, 15, 22, 42, 62, 25, 20, 26, 42, 51, 56, 19, 23, 2, 65]",51.46462703252055
"[25, 15, 22, 42, 62, 25, 20, 26, 41, 51, 56, 19, 23, 2, 63]",51.51474288617895
"[25, 19, 23, 36, 62, 25, 20, 26, 41, 51, 56, 19, 23, 2, 64]",51.36351253387533
"[25, 15, 22, 41, 59, 25, 21, 27, 42, 54, 56, 19, 23, 1, 64]",53.76984146341455
"[25, 16, 22, 35, 61, 28, 22, 27, 42, 51, 56, 19, 23, 1, 64]",53.372397357723536
"[25, 16, 22, 40, 62, 25, 20, 27, 42, 52, 56, 19, 23, 2, 65]",51.935459010840084
"[25, 15, 22, 44, 62, 26, 22, 27, 42, 52, 56, 19, 23, 1, 63]",51.28560975609756
"[26, 16, 22, 41, 62, 27, 22, 27, 42, 54, 56, 19, 23, 2, 65]",52.398302845528214
"[27, 18, 24, 40, 62, 25, 21, 26, 42, 51, 56, 19, 23, 3, 63]",51.067337398374065
"[25, 15, 22, 38, 60, 26, 22, 27, 42, 52, 56, 19, 23, 1, 64]",51.89858672086731
"[25, 15, 22, 40, 62, 25, 21, 26, 42, 51, 56, 19, 23, 2, 65]",50.55496172086716
"[25, 12, 22, 44, 62, 25, 20, 27, 42, 51, 56, 19, 23, 2, 64]",51.6405436991868
"[25, 16, 22, 41, 62, 28, 22, 27, 42, 53, 56, 19, 23, 2, 65]",51.404025745257435
"[26, 15, 22, 41, 62, 25, 20, 25, 40, 51, 56, 19, 23, 2, 65]",49.84767140921393
"[25, 16, 22, 40, 62, 25, 19, 27, 42, 54, 56, 19, 23, 2, 65]",49.66940819783208
"[25, 13, 22, 40, 61, 25, 22, 26, 40, 51, 56, 19, 23, 1, 64]",51.535561991870054
"[25, 15, 22, 41, 62, 25, 22, 27, 42, 52, 56, 19, 23, 2, 65]",51.86199661246601
"[25, 14, 22, 41, 62, 25, 20, 26, 42, 52, 56, 19, 23, 1, 63]",50.227597899728956
"[25, 15, 22, 40, 62, 25, 20, 27, 41, 51, 56, 19, 23, 1, 65]",50.25212838753368
"[25, 16, 22, 36, 62, 25, 17, 27, 42, 51, 56, 19, 23, 2, 65]",49.966978319783315
"[25, 14, 22, 39, 60, 28, 21, 25, 42, 53, 56, 19, 23, 2, 65]",51.67165277777771
"[25, 14, 22, 48, 62, 25, 20, 26, 42, 51, 56, 19, 23, 2, 64]",53.47471747967486
"[25, 16, 22, 39, 62, 26, 21, 27, 42, 52, 56, 19, 23, 2, 65]",54.04708062330636
"[25, 13, 22, 39, 62, 26, 21, 27, 42, 56, 56, 19, 23, 2, 65]",52.10398340108406
"[25, 16, 22, 38, 62, 25, 21, 26, 42, 51, 56, 19, 23, 3, 65]",52.376513211382026
"[25, 15, 22, 38, 61, 25, 20, 26, 42, 52, 56, 19, 23, 2, 64]",49.32632046070474
"[28, 15, 23, 40, 62, 25, 20, 27, 42, 51, 56, 19, 23, 1, 64]",51.394711043360616
"[25, 15, 22, 41, 59, 29, 20, 27, 42, 51, 56, 19, 23, 2, 63]",51.55418360433593
"[28, 17, 22, 41, 62, 25, 22, 27, 42, 52, 56, 19, 23, 2, 65]",50.67316937669374
"[25, 15, 22, 41, 62, 27, 21, 27, 42, 53, 56, 19, 23, 2, 65]",50.91933062330623
"[25, 16, 22, 42, 62, 25, 20, 26, 42, 51, 56, 19, 23, 1, 65]",49.877915989159995
"[25, 15, 22, 40, 62, 25, 20, 25, 41, 51, 56, 19, 23, 3, 64]",50.650736449864624
"[25, 12, 22, 42, 62, 25, 20, 26, 41, 51, 56, 19, 23, 1, 65]",50.13663753387528
"[25, 15, 22, 42, 60, 25, 21, 26, 42, 53, 56, 19, 23, 1, 63]",51.55732350948504
"[25, 14, 22, 43, 55, 26, 22, 27, 42, 51, 56, 19, 23, 2, 63]",51.14796849593483
"[25, 14, 22, 40, 62, 25, 21, 25, 42, 52, 56, 19, 23, 3, 64]",52.720239837398516
"[25, 17, 22, 40, 62, 26, 22, 27, 42, 54, 56, 19, 23, 1, 63]",53.96224356368563
"[26, 17, 22, 40, 62, 30, 20, 27, 42, 53, 56, 19, 23, 2, 65]",52.26098949864507
"[27, 17, 24, 41, 62, 25, 21, 26, 42, 51, 56, 19, 23, 2, 64]",50.05416869918703
"[25, 15, 22, 40, 60, 27, 22, 27, 42, 53, 56, 19, 23, 1, 64]",50.07139024390259
"[25, 15, 22, 40, 62, 25, 21, 26, 42, 51, 56, 19, 23, 2, 65]",51.75938279132792
"[25, 14, 22, 44, 62, 25, 20, 25, 42, 51, 56, 19, 23, 1, 64]",51.020456300813116
"[25, 15, 22, 40, 62, 28, 22, 27, 42, 54, 56, 19, 23, 2, 65]",50.46777032520335
"[27, 15, 22, 41, 62, 25, 20, 25, 41, 51, 56, 19, 23, 2, 65]",51.582085704606804
"[25, 16, 22, 40, 62, 26, 20, 26, 42, 53, 56, 19, 23, 2, 65]",51.378529810298076
"[25, 15, 22, 39, 60, 25, 19, 25, 42, 51, 56, 19, 23, 1, 62]",53.26726659891608
"[25, 15, 22, 39, 62, 26, 20, 27, 42, 51, 56, 19, 23, 2, 65]",50.636185975609564
"[25, 17, 22, 40, 62, 25, 20, 26, 42, 52, 56, 19, 23, 1, 62]",49.79360907859063
"[25, 15, 22, 40, 62, 25, 20, 27, 42, 51, 56, 19, 23, 1, 65]",50.99799559620596
"[25, 18, 22, 33, 62, 25, 22, 27, 41, 51, 56, 19, 23, 2, 65]",51.43138584010845
"[25, 16, 22, 39, 60, 25, 21, 27, 42, 53, 56, 19, 23, 2, 65]",52.25965616531176
"[25, 22, 22, 32, 62, 25, 20, 27, 41, 51, 56, 19, 23, 2, 63]",52.63296273712732
"[25, 16, 22, 38, 62, 25, 20, 27, 42, 52, 56, 19, 23, 2, 65]",50.033018292683295
"[25, 13, 22, 40, 61, 26, 21, 27, 42, 53, 56, 19, 23, 2, 65]",52.021518970189504
"[25, 15, 22, 39, 61, 25, 20, 23, 42, 51, 56, 19, 23, 2, 65]",50.78229742547414
"[25, 15, 22, 37, 62, 25, 20, 26, 42, 52, 56, 19, 23, 1, 64]",50.32391361788612
"[27, 18, 23, 40, 62, 25, 20, 26, 42, 51, 56, 19, 23, 1, 64]",50.98026829268289
"[25, 15, 22, 39, 60, 27, 20, 27, 42, 51, 56, 19, 23, 2, 64]",49.939828929539395
"[29, 17, 23, 41, 62, 26, 22, 27, 42, 51, 56, 19, 23, 2, 65]",52.0254718834691
"[26, 15, 22, 40, 62, 28, 20, 27, 42, 52, 56, 19, 23, 2, 65]",51.532854674796745
"[25, 16, 22, 41, 62, 25, 20, 26, 42, 51, 56, 19, 23, 1, 64]",51.967777439024665
"[25, 17, 22, 38, 62, 25, 21, 26, 39, 51, 56, 19, 23, 2, 65]",52.60693902439023
"[25, 12, 22, 46, 62, 25, 20, 26, 42, 51, 56, 19, 23, 2, 65]",53.6004823848239
"[25, 13, 22, 42, 61, 27, 21, 27, 42, 51, 56, 19, 23, 2, 63]",52.52283163956635
"[25, 16, 22, 48, 54, 25, 22, 27, 42, 53, 56, 19, 23, 1, 65]",51.48308773712739
"[25, 14, 22, 40, 62, 26, 22, 24, 42, 52, 56, 19, 23, 2, 65]",53.98632689701887
"[25, 17, 22, 38, 62, 27, 21, 27, 42, 54, 56, 19, 23, 1, 63]",55.96240074525754
"[26, 16, 22, 40, 62, 28, 20, 27, 42, 52, 56, 19, 23, 2, 65]",51.31688075880768
"[25, 17, 23, 42, 62, 25, 22, 26, 42, 51, 56, 19, 23, 1, 64]",53.33385501355041
"[25, 15, 22, 39, 62, 27, 22, 27, 42, 53, 56, 19, 23, 1, 64]",51.47199390243885
"[25, 15, 22, 40, 62, 25, 21, 26, 42, 51, 56, 19, 23, 2, 65]",51.61346985094843
"[27, 19, 22, 37, 62, 25, 20, 25, 42, 51, 56, 19, 23, 1, 64]",51.177092140921395
"[25, 15, 22, 40, 62, 27, 22, 27, 42, 54, 56, 19, 23, 2, 65]",50.71499525745253
"[26, 16, 22, 40, 62, 25, 20, 25, 42, 51, 56, 19, 23, 2, 65]",50.304453590785876
"[25, 15, 22, 40, 62, 26, 22, 26, 42, 52, 56, 19, 23, 2, 65]",50.648061314363055
"[25, 16, 22, 39, 62, 25, 18, 25, 42, 51, 56, 19, 23, 2, 62]",50.665867886178795
"[25, 15, 22, 39, 62, 27, 20, 27, 42, 51, 56, 19, 23, 2, 65]",52.336328252032516
"[25, 17, 22, 39, 62, 25, 20, 26, 42, 52, 56, 19, 23, 1, 63]",51.03594241192402
"[25, 15, 22, 40, 62, 25, 20, 26, 42, 51, 56, 19, 23, 2, 64]",50.80336382113848
"[25, 19, 22, 41, 62, 25, 22, 25, 40, 51, 56, 19, 23, 1, 65]",50.06219850948519
"[25, 14, 22, 38, 61, 25, 22, 27, 42, 53, 56, 19, 23, 2, 65]",50.787002371273616
"[25, 18, 22, 28, 62, 25, 20, 26, 41, 51, 56, 19, 23, 3, 64]",51.68367513550148
"[25, 16, 22, 39, 62, 25, 21, 27, 42, 52, 56, 19, 23, 2, 65]",50.60751117886182
"[25, 15, 22, 40, 60, 27, 22, 27, 42, 51, 56, 19, 23, 2, 65]",50.91722120596228
"[25, 15, 22, 38, 61, 25, 20, 25, 41, 51, 56, 19, 23, 2, 65]",51.774412940379406
"[25, 15, 22, 39, 62, 25, 20, 26, 42, 52, 56, 19, 23, 1, 64]",51.57896849593491
"[25, 18, 23, 41, 62, 25, 20, 26, 42, 51, 56, 19, 23, 1, 64]",50.47024559620596
"[25, 15, 22, 37, 62, 25, 21, 27, 42, 53, 56, 19, 23, 1, 65]",51.4571968157181
"[27, 17, 23, 41, 62, 26, 21, 27, 42, 51, 56, 19, 23, 2, 65]",50.58198170731718
"[25, 15, 22, 39, 62, 26, 20, 27, 42, 51, 56, 19, 23, 2, 65]",49.83085128726275
"[25, 16, 22, 41, 62, 25, 20, 27, 42, 51, 56, 19, 23, 2, 63]",51.66152472899753
"[25, 17, 22, 42, 62, 25, 21, 27, 39, 51, 56, 19, 23, 1, 65]",50.932683604336006
"[26, 13, 22, 35, 62, 25, 20, 26, 41, 51, 56, 19, 23, 3, 64]",51.19238821138212
"[25, 13, 22, 37, 62, 27, 22, 27, 42, 51, 56, 19, 23, 3, 64]",50.88023069105684
"[25, 16, 22, 36, 62, 25, 22, 27, 42, 54, 56, 19, 23, 1, 65]",49.11954132791318
"[25, 15, 22, 40, 62, 27, 22, 25, 42, 52, 56, 19, 23, 1, 65]",51.120082317073255
"[25, 13, 22, 38, 62, 27, 20, 27, 42, 52, 56, 19, 23, 3, 62]",52.054211043360375
"[27, 15, 22, 41, 62, 25, 21, 27, 42, 54, 56, 19, 23, 2, 65]",50.12627879403824
"[25, 18, 23, 42, 62, 25, 21, 27, 42, 51, 56, 19, 23, 1, 63]",53.03853963414644
"[25, 15, 22, 38, 62, 25, 22, 27, 42, 52, 56, 19, 23, 1, 64]",48.7703350271001
"[25, 15, 22, 40, 62, 25, 21, 26, 42, 51, 56, 19, 23, 2, 65]",51.63516836043371
"[27, 19, 22, 40, 62, 25, 20, 27, 42, 51, 56, 19, 23, 1, 65]",50.19329539295392
"[25, 16, 22, 41, 62, 27, 22, 27, 42, 54, 56, 19, 23, 2, 65]",51.191115176151754
"[25, 17, 22, 39, 62, 25, 20, 25, 41, 51, 56, 19, 23, 2, 65]",51.234472222222415
"[25, 15, 22, 40, 62, 25, 22, 27, 42, 52, 56, 19, 23, 2, 65]",52.25436483739812
"[25, 15, 22, 40, 62, 25, 20, 24, 42, 51, 56, 19, 23, 2, 63]",51.01636009485101
"[25, 15, 22, 39, 62, 25, 21, 27, 42, 51, 56, 19, 23, 2, 65]",50.907497289972994
"[25, 15, 22, 40, 62, 25, 20, 26, 42, 52, 56, 19, 23, 1, 64]",52.08508265582659
"[25, 15, 22, 40, 62, 25, 20, 26, 42, 51, 56, 19, 23, 3, 63]",50.892870596205825
"[25, 15, 22, 42, 62, 25, 21, 25, 40, 51, 56, 19, 23, 1, 65]",51.843330623306095
"[25, 13, 22, 39, 62, 27, 21, 26, 42, 52, 56, 19, 23, 2, 65]",51.433715108401124
"[25, 14, 22, 38, 62, 25, 20, 25, 42, 51, 56, 19, 23, 2, 65]",52.73656233062295
"[25, 15, 22, 40, 62, 25, 21, 27, 42, 52, 56, 19, 23, 2, 65]",50.852698509485144
"[25, 17, 22, 39, 60, 27, 22, 27, 42, 52, 56, 19, 23, 2, 65]",49.50782283197835
"[25, 16, 22, 37, 61, 25, 20, 26, 40, 51, 56, 19, 23, 2, 65]",52.03769105691067
"[25, 15, 22, 40, 59, 25, 19, 26, 42, 52, 56, 19, 23, 1, 64]",53.212833672086646
"[25, 16, 23, 41, 62, 25, 20, 26, 42, 51, 56, 19, 23, 2, 64]",51.678775406503995
"[25, 15, 22, 39, 61, 25, 21, 26, 42, 53, 56, 19, 23, 1, 64]",50.55445054200541
"[26, 16, 22, 41, 62, 25, 21, 27, 42, 52, 56, 19, 23, 2, 65]",51.50175067750689
"[25, 15, 22, 38, 62, 25, 20, 27, 42, 52, 56, 19, 23, 2, 65]",50.83060365853659
"[25, 16, 22, 41, 62, 25, 20, 26, 42, 51, 56, 19, 23, 3, 63]",51.858588414634035
"[25, 16, 22, 42, 62, 25, 21, 25, 42, 51, 56, 19, 23, 1, 65]",51.28698069105688
"[25, 16, 23, 32, 62, 25, 20, 26, 41, 51, 56, 19, 23, 2, 65]",55.43846544715451
"[25, 15, 22, 37, 62, 26, 22, 27, 42, 51, 56, 19, 23, 2, 65]",51.96460298102999
"[25, 15, 22, 28, 62, 25, 21, 27, 42, 53, 56, 19, 23, 1, 64]",51.368822493224734
"[25, 17, 22, 39, 62, 27, 21, 27, 42, 52, 56, 19, 23, 1, 65]",51.91462669376703
"[25, 13, 22, 42, 62, 26, 21, 27, 42, 51, 56, 19, 23, 2, 61]",53.06432621951201
"[27, 15, 22, 43, 62, 27, 22, 27, 42, 53, 56, 19, 23, 2, 65]",53.52514024390244
"[28, 17, 23, 40, 62, 25, 21, 27, 42, 53, 56, 19, 23, 2, 62]",52.11508604336056
"[25, 15, 22, 38, 61, 25, 22, 27, 42, 51, 56, 19, 23, 1, 64]",49.685468834688244
"[25, 15, 22, 40, 62, 25, 21, 26, 42, 51, 56, 19, 23, 2, 65]",49.62462262872643
"[25, 15, 22, 43, 62, 25, 20, 27, 42, 51, 56, 19, 23, 1, 64]",53.23436957994567
"[25, 16, 22, 41, 62, 27, 21, 27, 42, 53, 56, 19, 23, 2, 65]",51.36371646341436
"[25, 17, 22, 40, 62, 25, 20, 26, 41, 51, 56, 19, 23, 2, 65]",49.637936653116505
"[25, 16, 22, 40, 62, 26, 20, 27, 42, 52, 56, 19, 23, 2, 65]",50.57317140921429
"[25, 13, 22, 41, 62, 25, 22, 25, 41, 51, 56, 19, 23, 2, 63]",51.1854607046072
"[25, 15, 22, 39, 62, 25, 22, 25, 42, 52, 56, 19, 23, 2, 65]",52.4581700542007
"[25, 15, 22, 40, 62, 25, 20, 26, 42, 52, 56, 19, 23, 2, 64]",51.19483638211377
"[25, 15, 22, 40, 62, 25, 20, 26, 41, 51, 56, 19, 23, 2, 63]",50.982447154471586
"[25, 16, 22, 42, 62, 25, 20, 26, 41, 51, 56, 19, 23, 1, 64]",55.83565616531167
"[25, 13, 22, 40, 61, 27, 20, 25, 42, 52, 56, 19, 23, 2, 65]",51.83052168021686
"[25, 13, 22, 45, 62, 25, 20, 26, 42, 51, 56, 19, 23, 1, 65]",52.554808265582786
"[25, 15, 22, 40, 62, 27, 20, 27, 42, 52, 56, 19, 23, 2, 65]",51.67833265582682
"[25, 15, 22, 37, 61, 27, 21, 27, 42, 54, 56, 19, 23, 2, 65]",50.44165040650404
"[25, 16, 22, 37, 61, 25, 20, 25, 40, 51, 56, 19, 23, 2, 65]",50.615853658536714
"[25, 15, 22, 40, 57, 25, 19, 26, 42, 52, 56, 19, 23, 1, 64]",52.31733705962047
"[26, 16, 23, 40, 62, 25, 20, 27, 42, 51, 56, 19, 23, 2, 63]",50.48236788617873
"[25, 15, 22, 40, 60, 25, 20, 26, 42, 51, 56, 19, 23, 2, 63]",50.11942750677507
"[26, 17, 22, 41, 62, 25, 21, 26, 42, 52, 56, 19, 23, 2, 65]",51.73822154471534
"[25, 15, 22, 39, 62, 25, 21, 26, 42, 53, 56, 19, 23, 2, 65]",49.27668224932255
"[25, 16, 22, 41, 62, 25, 20, 26, 42, 51, 56, 19, 23, 2, 64]",51.26612906504073
"[26, 15, 22, 40, 62, 25, 21, 26, 42, 51, 56, 19, 23, 2, 64]",52.15610230352292
"[25, 13, 22, 42, 62, 25, 20, 26, 41, 51, 56, 19, 23, 1, 65]",52.42616090785919
"[25, 17, 22, 37, 60, 25, 21, 27, 42, 53, 56, 19, 23, 1, 65]",50.560795054200426
"[25, 14, 22, 28, 62, 26, 20, 27, 42, 53, 56, 19, 23, 2, 64]",50.5289322493226
"[25, 17, 22, 39, 62, 26, 20, 27, 42, 52, 56, 19, 23, 3, 65]",56.330477303523075
"[25, 17, 22, 44, 62, 28, 22, 27, 42, 51, 56, 19, 23, 1, 63]",51.41619376693775
"[26, 16, 22, 43, 62, 29, 22, 27, 42, 52, 56, 19, 23, 2, 65]",52.90346104336049
"[27, 18, 24, 38, 62, 25, 21, 27, 42, 52, 56, 19, 23, 3, 62]",52.48467140921415
"[25, 15, 22, 38, 61, 26, 22, 27, 42, 51, 56, 19, 23, 1, 64]",52.085733739837565
"[25, 15, 22, 40, 62, 25, 21, 26, 42, 51, 56, 19, 23, 2, 65]",49.84323746612454
"[25, 13, 23, 45, 62, 25, 20, 27, 42, 51, 56, 19, 23, 2, 63]",56.249203252032366
"[25, 17, 22, 41, 62, 26, 20, 27, 42, 53, 56, 19, 23, 2, 65]",51.06626592140928
"[26, 14, 22, 41, 62, 25, 20, 25, 41, 51, 56, 19, 23, 2, 65]",49.806632791327935
"[25, 16, 22, 40, 62, 27, 19, 27, 42, 53, 56, 19, 23, 3, 65]",50.81663719512192
"[25, 16, 22, 41, 62, 25, 22, 25, 41, 51, 56, 19, 23, 1, 64]",50.85330386178873
"[25, 15, 22, 39, 61, 25, 22, 24, 42, 53, 56, 19, 23, 2, 65]",52.39324999999998
"[25, 16, 22, 40, 62, 25, 20, 26, 42, 52, 56, 19, 23, 2, 63]",50.32803895663948
"[25, 15, 22, 40, 62, 25, 20, 26, 41, 51, 56, 19, 23, 1, 64]",51.677976287262744
"[25, 18, 22, 38, 62, 25, 19, 26, 42, 51, 56, 19, 23, 2, 64]",50.99624186991871
"[25, 16, 22, 39, 60, 25, 20, 25, 42, 52, 56, 19, 23, 2, 65]",51.7941192411925
"[25, 19, 22, 39, 62, 25, 20, 27, 41, 51, 56, 19, 23, 3, 65]",51.281343157181766
"[25, 15, 22, 39, 62, 27, 19, 26, 42, 52, 56, 19, 23, 2, 65]",52.78992039295391
"[25, 14, 22, 37, 62, 26, 20, 27, 42, 55, 56, 19, 23, 2, 65]",49.064399390243906
"[25, 16, 22, 37, 62, 25, 20, 23, 41, 51, 56, 19, 23, 2, 65]",50.92953760162614
"[25, 15, 22, 37, 60, 26, 20, 26, 42, 51, 56, 19, 23, 1, 64]",53.50415819783174
"[27, 18, 22, 39, 62, 25, 20, 27, 42, 51, 56, 19, 23, 2, 63]",51.79275067750682
"[25, 15, 22, 40, 60, 27, 20, 26, 42, 51, 56, 19, 23, 1, 64]",51.261685975609716
"[26, 18, 22, 40, 62, 26, 21, 26, 42, 52, 56, 19, 23, 2, 65]",49.95815379403782
"[25, 15, 22, 39, 62, 25, 22, 25, 42, 52, 56, 19, 23, 2, 65]",52.39819986449857
"[25, 16, 22, 42, 62, 25, 20, 26, 42, 51, 56, 19, 23, 1, 65]",51.32965447154457
"[27, 16, 22, 39, 62, 25, 21, 27, 42, 51, 56, 19, 23, 3, 63]",51.09440176151786
"[25, 14, 22, 48, 62, 25, 20, 26, 41, 51, 56, 19, 23, 1, 65]",51.98114464769637
"[25, 16, 22, 41, 60, 26, 21, 27, 42, 53, 56, 19, 23, 2, 65]",51.496126016260234
"[25, 14, 22, 45, 62, 27, 22, 27, 42, 53, 56, 19, 23, 1, 64]",51.33009620596207
"[25, 16, 22, 40, 62, 25, 19, 27, 42, 52, 56, 19, 23, 3, 65]",49.493467479674926
"[26, 17, 22, 42, 62, 29, 21, 27, 42, 52, 56, 19, 23, 1, 65]",51.87478150406489
"[25, 16, 22, 42, 62, 27, 21, 27, 42, 52, 56, 19, 23, 2, 65]",49.99653184281845
"[25, 16, 24, 39, 62, 25, 21, 27, 42, 52, 56, 19, 23, 3, 63]",53.96049153116532
"[25, 15, 22, 39, 61, 27, 22, 26, 42, 52, 56, 19, 23, 1, 64]",51.375409214092265
"[25, 15, 22, 40, 62, 25, 21, 26, 42, 51, 56, 19, 23, 2, 65]",51.8432852303523
"[26, 18, 23, 41, 62, 25, 20, 27, 42, 51, 56, 19, 23, 1, 63]",52.27149220867225
"[26, 17, 22, 41, 62, 25, 19, 27, 42, 52, 56, 19, 23, 2, 65]",49.55907994579942
"[27, 14, 22, 40, 62, 25, 20, 25, 41, 51, 56, 19, 23, 2, 65]",52.07205691056901
"[25, 16, 22, 40, 62, 25, 20, 27, 42, 53, 56, 19, 23, 4, 65]",51.37310840108407
"[25, 16, 22, 39, 62, 25, 22, 25, 41, 51, 56, 19, 23, 1, 64]",51.264168699187124
"[25, 15, 22, 39, 61, 25, 20, 27, 42, 52, 56, 19, 23, 2, 65]",49.80849051490516
"[25, 16, 22, 39, 62, 25, 20, 26, 42, 52, 56, 19, 23, 1, 62]",50.21751050135505
"[25, 15, 22, 40, 62, 25, 20, 26, 41, 51, 56, 19, 23, 1, 65]",50.013912940379264
"[25, 18, 22, 33, 62, 25, 19, 27, 40, 51, 56, 19, 23, 2, 64]",50.49921510840108
"[25, 15, 22, 39, 62, 25, 21, 26, 42, 52, 56, 19, 23, 2, 65]",50.56568157181575
"[26, 19, 22, 35, 62, 25, 20, 26, 42, 51, 56, 19, 23, 4, 64]",51.12936043360448
"[25, 15, 22, 38, 62, 25, 20, 27, 42, 52, 56, 19, 23, 2, 65]",51.395646680216764
"[25, 14, 22, 39, 62, 25, 20, 27, 42, 56, 56, 19, 23, 2, 65]",50.310882452574425
"[25, 14, 22, 40, 62, 25, 20, 23, 41, 51, 56, 19, 23, 3, 65]",52.32592547425496
"[25, 15, 22, 36, 60, 26, 20, 26, 42, 51, 56, 19, 23, 1, 64]",51.99693529810307
"[26, 18, 22, 39, 62, 25, 20, 26, 42, 51, 56, 19, 23, 1, 64]",51.86316429539298
"[25, 15, 22, 40, 61, 27, 19, 26, 42, 51, 56, 19, 23, 1, 65]",51.185022018969974
"[27, 19, 22, 40, 62, 26, 21, 26, 42, 52, 56, 19, 23, 2, 65]",50.78146307588095
"[25, 15, 22, 39, 62, 25, 22, 26, 42, 52, 56, 19, 23, 2, 65]",50.773810975609685
"[25, 15, 22, 42, 62, 25, 20, 26, 42, 51, 56, 19, 23, 1, 64]",53.597532859078655
"[27, 16, 22, 38, 62, 25, 21, 27, 41, 51, 56, 19, 23, 3, 63]",52.17380487804871
"[25, 18, 22, 45, 62, 25, 20, 26, 41, 51, 56, 19, 23, 2, 65]",50.10414363143616
"[25, 14, 22, 43, 61, 27, 21, 27, 42, 52, 56, 19, 23, 3, 64]",50.07261619241221
"[25, 16, 22, 48, 61, 26, 22, 27, 42, 53, 56, 19, 23, 1, 64]",51.66054878048796
"[25, 15, 22, 42, 62, 26, 21, 24, 42, 52, 56, 19, 23, 1, 65]",50.30794139566384
"[26, 14, 22, 38, 62, 27, 20, 26, 42, 53, 56, 19, 23, 1, 65]",50.89140311653112
"[25, 16, 22, 41, 62, 27, 20, 27, 42, 53, 56, 19, 23, 2, 65]",51.66029031165318
"[26, 18, 23, 41, 62, 26, 21, 27, 42, 52, 56, 19, 23, 2, 64]",51.105119918699245
"[25, 15, 22, 40, 61, 26, 22, 27, 42, 52, 56, 19, 23, 1, 64]",53.864254403793936
"[25, 15, 22, 40, 61, 25, 21, 26, 42, 51, 56, 19, 23, 2, 65]",52.68330182926815
"[27, 16, 22, 39, 62, 25, 20, 27, 42, 51, 56, 19, 23, 1, 64]",52.44947323848243
"[27, 16, 22, 40, 62, 25, 19, 27, 42, 51, 56, 19, 23, 2, 65]",54.72349322493228
"[25, 16, 22, 38, 62, 25, 20, 25, 41, 51, 56, 19, 23, 2, 65]",52.761046747967576
"[25, 17, 22, 40, 62, 25, 21, 26, 42, 52, 56, 20, 23, 1, 65]",50.71148306233056
"[25, 15, 22, 38, 62, 25, 21, 26, 42, 51, 56, 19, 23, 1, 64]",51.347298102981014
"[25, 15, 22, 39, 61, 25, 21, 27, 42, 51, 56, 19, 23, 2, 65]",50.938766260162716
"[25, 16, 22, 39, 62, 25, 20, 26, 42, 52, 56, 19, 23, 1, 63]",52.31812669376679
"[25, 15, 22, 40, 62, 25, 20, 26, 42, 51, 56, 19, 23, 1, 63]",55.085800135501174
"[25, 17, 22, 33, 62, 25, 19, 25, 39, 51, 56, 19, 23, 1, 64]",51.7341026422763
"[25, 14, 22, 39, 62, 26, 21, 27, 42, 51, 56, 19, 23, 2, 65]",49.91148373983742
"[26, 16, 22, 37, 62, 25, 20, 25, 42, 51, 56, 19, 23, 4, 64]",50.46979810298107
"[25, 15, 22, 39, 62, 25, 21, 26, 42, 52, 56, 19, 23, 2, 65]",51.13921578590782
"[25, 14, 22, 38, 62, 26, 21, 27, 42, 52, 56, 19, 23, 2, 65]",50.418934959349485
"[25, 13, 22, 40, 61, 25, 20, 27, 40, 51, 56, 19, 23, 2, 65]",51.282151422764414
"[25, 15, 22, 36, 58, 26, 20, 26, 42, 51, 56, 19, 23, 1, 64]",50.6114278455284
"[25, 14, 22, 40, 62, 25, 20, 26, 42, 51, 56, 19, 23, 1, 64]",52.604342479675
"[25, 15, 22, 39, 61, 25, 20, 26, 42, 51, 56, 19, 23, 1, 65]",50.11306944444439
"[28, 18, 23, 41, 62, 26, 21, 27, 42, 52, 56, 19, 23, 2, 65]",49.88895968834692
"[25, 15, 22, 39, 62, 26, 20, 27, 42, 52, 56, 19, 23, 2, 65]",51.22592479674785
"[25, 16, 22, 40, 62, 25, 20, 26, 42, 51, 56, 19, 23, 2, 63]",52.13619410569112
"[25, 16, 22, 41, 62, 25, 21, 27, 41, 51, 56, 19, 23, 3, 64]",53.81984925474245
"[25, 20, 23, 34, 62, 25, 20, 27, 41, 51, 56, 19, 23, 3, 65]",50.02466429539298
"[25, 13, 22, 41, 62, 28, 21, 27, 42, 51, 56, 19, 23, 2, 64]",53.557378048780606
"[25, 17, 22, 34, 60, 25, 21, 27, 42, 52, 56, 19, 23, 2, 65]",52.24776761517644
"[25, 14, 22, 41, 62, 26, 22, 26, 42, 51, 56, 19, 23, 1, 65]",50.377028116531484
"[26, 14, 22, 37, 62, 26, 20, 27, 42, 52, 56, 19, 23, 2, 64]",53.12049322493213
"[26, 15, 22, 41, 62, 28, 22, 27, 42, 52, 56, 19, 23, 2, 65]",52.923003726287206
"[26, 17, 22, 41, 62, 26, 21, 27, 42, 52, 56, 19, 23, 2, 64]",50.69371883468829
"[25, 15, 22, 39, 62, 25, 20, 27, 42, 52, 56, 19, 23, 1, 64]",49.42362161246602
"[25, 15, 22, 40, 62, 25, 21, 26, 42, 51, 56, 19, 23, 2, 65]",51.445007452574515
"[27, 14, 22, 42, 62, 25, 20, 27, 42, 51, 56, 19, 23, 1, 65]",52.081067750677384
"[27, 16, 22, 39, 62, 25, 21, 27, 42, 51, 56, 19, 23, 2, 65]",50.87650101625999
"[25, 16, 22, 38, 62, 25, 20, 26, 41, 51, 56, 19, 23, 2, 65]",52.040799119241356
"[25, 18, 23, 40, 62, 25, 22, 27, 42, 51, 56, 21, 23, 1, 65]",51.8014786585368
"[25, 13, 22, 39, 62, 25, 19, 26, 42, 51, 56, 19, 23, 1, 64]",51.15041531165314
"[25, 15, 22, 39, 61, 25, 22, 27, 42, 51, 56, 19, 23, 2, 65]",48.264941734417306
"[25, 16, 22, 40, 62, 25, 20, 27, 42, 52, 56, 19, 23, 1, 64]",53.20640481029802
"[25, 15, 22, 40, 62, 25, 20, 27, 42, 51, 56, 19, 23, 2, 62]",51.77519308943122
"[25, 14, 22, 36, 61, 25, 19, 26, 41, 51, 56, 19, 23, 1, 64]",50.75299186991857
"[25, 14, 22, 40, 62, 27, 21, 27, 42, 51, 56, 19, 23, 2, 65]",52.094284552845465
"[25, 16, 22, 40, 62, 25, 20, 27, 42, 51, 56, 19, 23, 1, 64]",52.72445257452592
"[25, 15, 22, 40, 62, 25, 22, 27, 42, 51, 56, 19, 23, 2, 65]",49.83187127371262
"[25, 14, 22, 37, 62, 26, 21, 27, 42, 52, 56, 19, 23, 2, 65]",52.51416463414635
"[25, 15, 22, 38, 61, 25, 20, 27, 40, 51, 56, 19, 23, 2, 65]",50.99645630081289
"[25, 15, 22, 38, 58, 27, 20, 26, 42, 51, 56, 19, 23, 1, 64]",57.100697493225056
"[25, 13, 23, 41, 62, 25, 20, 27, 42, 51, 56, 19, 23, 1, 64]",51.166428184281806
"[25, 15, 22, 38, 60, 25, 20, 27, 42, 51, 56, 19, 23, 1, 65]",52.975251355013604
"[27, 17, 24, 42, 62, 26, 22, 27, 42, 51, 56, 19, 23, 2, 65]",48.99999864498623
"[25, 15, 22, 39, 62, 27, 19, 27, 42, 51, 56, 19, 23, 2, 65]",51.11794783197828
"[25, 16, 22, 41, 62, 25, 20, 27, 42, 51, 56, 19, 23, 1, 63]",51.05869715447154
"[25, 16, 22, 42, 62, 25, 21, 27, 41, 51, 56, 19, 23, 3, 65]",50.739347560975744
"[25, 19, 23, 37, 62, 25, 20, 27, 42, 51, 56, 19, 23, 3, 65]",52.69065684281831
"[25, 15, 22, 38, 62, 27, 20, 27, 42, 53, 56, 19, 23, 2, 65]",54.00356842818426
"[25, 16, 22, 31, 62, 27, 22, 27, 42, 51, 56, 19, 23, 2, 65]",50.9932892953928
"[25, 16, 22, 38, 62, 25, 22, 26, 42, 51, 56, 19, 23, 3, 64]",51.79180724932251
"[25, 15, 22, 42, 62, 26, 21, 27, 42, 51, 56, 19, 23, 2, 63]",56.05849119241189
"[26, 16, 22, 41, 62, 26, 22, 27, 42, 51, 56, 19, 23, 2, 65]",52.76754911924098
"[26, 17, 24, 41, 62, 26, 21, 27, 42, 51, 56, 19, 23, 3, 63]",50.32162500000001
"[25, 15, 22, 38, 62, 25, 22, 27, 42, 52, 56, 19, 23, 1, 65]",50.356538617886066
"[25, 15, 22, 39, 62, 25, 21, 26, 42, 51, 56, 19, 23, 2, 65]",50.34842581300826
"[25, 15, 22, 42, 62, 25, 20, 27, 42, 51, 56, 19, 23, 1, 65]",51.17256504065042
"[27, 17, 22, 40, 62, 25, 21, 27, 42, 51, 56, 19, 23, 2, 65]",53.399264566395516
"[25, 14, 22, 39, 62, 25, 20, 27, 41, 51, 56, 19, 23, 2, 65]",50.37255149051506
"[25, 16, 23, 40, 62, 25, 21, 27, 42, 53, 56, 19, 23, 2, 65]",54.3879163279133
"[25, 14, 22, 40, 61, 25, 20, 25, 42, 51, 56, 19, 23, 1, 63]",52.276595528455054
"[25, 15, 22, 40, 61, 25, 21, 27, 42, 51, 56, 19, 23, 2, 65]",52.23023746612466
"[25, 16, 22, 40, 62, 25, 21, 27, 42, 51, 56, 19, 23, 1, 63]",51.18435569105696
"[25, 15, 22, 40, 62, 25, 20, 27, 42, 51, 56, 19, 23, 2, 62]",51.18770121951222
"[26, 15, 22, 38, 60, 25, 19, 27, 42, 51, 56, 19, 23, 1, 65]",52.31369512195129
"[25, 14, 22, 39, 61, 27, 22, 27, 42, 51, 56, 19, 23, 2, 65]",52.293942411924185
"[25, 18, 22, 40, 62, 25, 20, 27, 40, 51, 56, 19, 23, 1, 65]",51.005419715447
"[25, 15, 22, 40, 62, 25, 22, 27, 42, 51, 56, 19, 23, 2, 65]",51.6566219512194
"[25, 15, 22, 38, 61, 26, 20, 27, 42, 52, 56, 19, 23, 2, 65]",51.39704065040631
"[25, 17, 22, 38, 61, 25, 20, 26, 42, 51, 56, 19, 23, 3, 65]",51.503240853658504
"[25, 15, 22, 39, 58, 27, 21, 27, 42, 51, 56, 19, 23, 1, 64]",50.38387669376712
"[25, 18, 23, 39, 62, 25, 20, 27, 42, 51, 56, 19, 23, 1, 64]",51.56127201897014
"[25, 15, 22, 39, 59, 25, 20, 27, 42, 51, 56, 19, 23, 2, 64]",53.95589430894281
"[27, 17, 23, 41, 62, 26, 22, 27, 42, 51, 56, 19, 23, 2, 65]",50.00020630081298
"[25, 15, 22, 39, 62, 27, 20, 27, 42, 51, 56, 19, 23, 2, 65]",49.18353116531155
"[25, 15, 22, 43, 62, 25, 20, 27, 42, 51, 56, 19, 23, 1, 64]",52.07958773712722
"[25, 17, 22, 40, 62, 25, 21, 27, 41, 51, 56, 19, 23, 1, 65]",50.39143563685648
"[25, 16, 23, 39, 62, 25, 20, 27, 42, 51, 56, 19, 23, 2, 65]",51.337973915989316
"[25, 16, 22, 41, 61, 26, 22, 27, 42, 53, 56, 19, 23, 3, 64]",51.78403082655812
"[25, 15, 22, 36, 57, 27, 22, 27, 42, 51, 56, 19, 23, 2, 65]",53.71722865853677
"[25, 16, 22, 38, 62, 25, 20, 27, 42, 51, 56, 19, 23, 4, 65]",51.383377371273745
"[25, 15, 22, 42, 62, 26, 22, 27, 42, 51, 56, 19, 23, 1, 64]",51.39781876693767
"[26, 17, 22, 39, 62, 26, 22, 27, 42, 51, 56, 19, 23, 2, 65]",50.04597052845526
"[28, 17, 25, 40, 62, 26, 21, 27, 42, 51, 56, 19, 23, 3, 63]",50.084875338753335
"[25, 15, 22, 38, 62, 25, 22, 27, 42, 51, 56, 19, 23, 2, 64]",49.47496138211384
"[25, 15, 22, 39, 62, 25, 21, 27, 42, 51, 56, 19, 23, 2, 65]",51.149835365853704
"[25, 17, 22, 42, 62, 25, 20, 27, 42, 51, 56, 19, 23, 1, 64]",55.65281808943067
"[26, 17, 22, 41, 62, 25, 20, 27, 42, 51, 56, 19, 23, 2, 65]",49.699188008130044
"[25, 14, 22, 40, 62, 25, 20, 27, 41, 51, 56, 19, 23, 2, 65]",52.623401761517776
"[26, 15, 22, 40, 62, 26, 20, 27, 42, 55, 56, 19, 23, 4, 65]",51.133970528455414
"[25, 15, 22, 41, 61, 25, 20, 25, 41, 51, 56, 19, 23, 2, 63]",53.231217140921316
"[25, 15, 22, 38, 62, 25, 20, 27, 42, 51, 56, 19, 23, 2, 65]",51.33878252032538
"[25, 16, 22, 40, 62, 25, 21, 27, 42, 51, 56, 19, 23, 1, 63]",52.484272696476985
"[25, 15, 22, 40, 62, 25, 20, 27, 42, 51, 56, 19, 23, 1, 64]",49.97426490514914
"[25, 17, 22, 39, 59, 25, 20, 27, 42, 51, 56, 19, 23, 2, 64]",51.9698218157181
"[25, 15, 22, 38, 61, 26, 22, 27, 42, 51, 56, 19, 23, 2, 65]",52.761703590785956
"[25, 17, 22, 40, 62, 25, 20, 27, 41, 51, 56, 19, 23, 1, 65]",49.27364058265592
"[25, 15, 22, 40, 62, 26, 22, 27, 42, 51, 56, 19, 23, 2, 65]",50.49841395663951
"[25, 15, 22, 37, 61, 26, 20, 27, 42, 54, 56, 19, 23, 2, 65]",52.72136348238474
"[25, 18, 22, 39, 61, 25, 20, 26, 42, 51, 56, 19, 23, 3, 65]",50.87226490514918
"[25, 15, 22, 37, 60, 26, 21, 27, 42, 51, 56, 19, 23, 1, 65]",50.37331368563702
"[25, 17, 23, 39, 62, 25, 20, 27, 42, 51, 56, 19, 23, 2, 64]",55.42241869918684
"[25, 15, 22, 39, 59, 25, 20, 27, 42, 51, 56, 19, 23, 3, 63]",52.23946341463429
"[28, 17, 22, 40, 62, 26, 22, 27, 42, 51, 56, 19, 23, 2, 65]",51.23116124661245
"[25, 15, 22, 38, 62, 26, 22, 27, 42, 51, 56, 19, 23, 2, 65]",52.76158130081299
"[25, 15, 22, 45, 62, 25, 20, 27, 42, 51, 56, 19, 23, 2, 64]",52.91728014905163
"[25, 16, 22, 38, 62, 25, 22, 27, 41, 51, 56, 19, 23, 1, 64]",50.52104403794039
"[25, 17, 22, 37, 62, 25, 20, 27, 42, 51, 56, 19, 23, 2, 65]",52.093149390244164
"[25, 15, 22, 44, 62, 27, 22, 27, 42, 52, 56, 19, 23, 4, 65]",52.43066700541996
"[25, 15, 22, 41, 57, 26, 21, 27, 42, 53, 56, 19, 23, 2, 65]",51.36908672086721
"[25, 14, 22, 40, 62, 26, 19, 26, 42, 51, 56, 20, 23, 1, 65]",50.76912838753389
"[25, 16, 22, 43, 62, 28, 22, 27, 42, 51, 56, 19, 23, 1, 65]",52.70470494579934
"[26, 17, 22, 42, 62, 27, 22, 27, 42, 51, 56, 19, 23, 2, 65]",50.61179539295376
"[28, 19, 25, 41, 62, 26, 21, 27, 42, 51, 56, 19, 23, 1, 64]",52.11139126016264
"[25, 15, 22, 39, 60, 27, 22, 27, 42, 51, 56, 19, 23, 2, 64]",50.35770833333324
"[25, 15, 22, 39, 62, 25, 22, 27, 42, 51, 56, 19, 23, 2, 65]",50.353651422764095
"[25, 16, 22, 39, 62, 25, 20, 27, 42, 51, 56, 19, 23, 1, 64]",50.29118224932241
"[25, 16, 22, 41, 62, 25, 20, 27, 42, 52, 56, 19, 23, 2, 65]",49.79421409214093
"[26, 15, 22, 40, 61, 25, 20, 27, 42, 51, 56, 19, 23, 2, 65]",53.25532588075886
"[26, 17, 22, 40, 62, 26, 21, 27, 42, 52, 56, 19, 23, 4, 65]",50.469448848238436
"[25, 15, 22, 39, 61, 25, 20, 26, 41, 51, 56, 19, 23, 2, 62]",52.84111280487799
"[25, 15, 22, 38, 62, 25, 21, 27, 42, 51, 56, 19, 23, 2, 65]",50.061319105691084
"[25, 16, 22, 39, 62, 25, 21, 26, 42, 51, 56, 19, 23, 2, 63]",52.15407147696473
"[25, 15, 22, 40, 62, 25, 20, 27, 42, 51, 56, 19, 23, 2, 65]",49.32619850948527
"[25, 16, 22, 38, 62, 25, 20, 27, 42, 51, 56, 19, 23, 2, 64]",50.7136290650405
"[25, 16, 22, 39, 61, 27, 20, 27, 42, 52, 56, 19, 23, 2, 65]",51.733334349593754
"[25, 15, 22, 40, 62, 25, 20, 27, 42, 51, 56, 19, 23, 2, 64]",51.34559586720871
"[25, 15, 22, 40, 61, 26, 22, 27, 42, 51, 56, 19, 23, 2, 65]",50.829865176151884
"[25, 14, 22, 39, 61, 26, 21, 27, 42, 54, 56, 19, 23, 2, 65]",50.020805894308786
"[25, 14, 22, 41, 61, 25, 20, 25, 42, 51, 56, 19, 23, 2, 65]",51.4445477642275
"[25, 15, 22, 36, 60, 25, 20, 27, 42, 51, 56, 19, 23, 1, 64]",51.405149051490426
"[25, 15, 23, 41, 62, 25, 20, 27, 42, 51, 56, 19, 23, 2, 64]",50.71529369918713
"[25, 15, 22, 37, 62, 26, 20, 27, 42, 51, 56, 19, 23, 2, 63]",51.07737059620605
"[27, 17, 23, 40, 62, 25, 22, 27, 42, 51, 56, 19, 23, 2, 65]",53.01667140921407
"[25, 15, 22, 38, 62, 26, 22, 27, 42, 51, 56, 19, 23, 2, 65]",52.043397696476994
"[27, 16, 22, 39, 62, 25, 20, 27, 42, 51, 56, 19, 23, 2, 65]",52.40927981029814
"[25, 17, 22, 38, 62, 25, 22, 27, 42, 51, 56, 19, 23, 2, 63]",51.01814058265578
"[25, 17, 22, 38, 63, 25, 20, 27, 41, 52, 56, 19, 23, 2, 65]",49.94132892953919
"[24, 14, 22, 44, 61, 26, 21, 26, 41, 51, 56, 18, 22, 4, 65]",50.09647289972898
"[25, 15, 23, 43, 59, 25, 20, 26, 42, 52, 56, 19, 23, 2, 65]",51.151040650406365
"[25, 14, 22, 41, 63, 26, 19, 26, 42, 52, 56, 20, 23, 1, 65]",50.63930047425455
"[24, 15, 22, 43, 61, 27, 21, 26, 41, 50, 56, 19, 23, 1, 66]",51.31851050135512
"[25, 16, 21, 42, 61, 26, 21, 26, 42, 50, 56, 19, 23, 2, 65]",52.06059959349602
"[26, 17, 24, 39, 59, 25, 20, 27, 42, 51, 56, 19, 23, 2, 65]",50.75229878048755
"[25, 15, 23, 40, 62, 26, 21, 26, 42, 50, 56, 19, 23, 2, 65]",51.104337737127295
"[25, 15, 22, 40, 63, 24, 21, 27, 42, 51, 56, 19, 23, 2, 65]",50.76000338753379
"[25, 16, 22, 39, 63, 25, 20, 27, 41, 52, 56, 19, 23, 2, 65]",49.93376930894327
