"[10, 3, 10, 3, 10, 3, 10, 3, 30, 3, 30, 3, 10, 3, 10, 3, 30, 3, 10, 3, 10, 3, 10, 3, 10, 3, 30, 3, 10, 3]",41.66892397660823
"[10, 3, 10, 3, 10, 3, 10, 3, 30, 3, 30, 3, 10, 3, 10, 3, 30, 3, 11.454968395179703, 3, 10, 3, 10, 3, 10, 3, 30, 3, 10, 3]",36.31636452241714
"[10, 3, 10, 3, 10, 3, 10, 3, 30, 3, 30, 3, 10, 3, 10, 3, 30, 3, 10, 3, 10, 3, 10, 3, 10, 3, 30, 3, 10, 3]",49.23539766081883
"[10, 3, 10, 3, 10, 3, 10, 3, 30, 3, 30, 3, 10, 3, 10, 3, 30, 3, 10, 3, 10, 3, 10, 3, 10, 3, 30, 3, 10, 3]",48.90202729044834
"[10, 3, 10, 3, 10, 3, 10, 3, 30, 3, 30, 3, 10, 3, 10, 3, 30, 3, 10, 3, 10, 3, 10, 3, 10, 3, 30, 3, 10, 3]",46.598777777777926
"[10, 3, 10, 3, 10, 3, 10, 3, 30, 3, 30, 3, 10, 3, 10, 3, 30, 3, 12.163027154563533, 3, 10, 3, 10, 3, 10, 3, 30, 3, 10, 3]",50.6321150097465
"[10, 3, 10, 3, 10, 3, 10, 3, 30, 3, 30, 3, 10, 3, 10, 3, 30, 3, 10, 3, 10, 3, 10, 3, 10, 3, 30, 3, 10, 3]",44.414865497076015
"[10, 3, 10, 3, 10, 3, 10, 3, 30, 3, 30, 3, 10, 3, 10, 3, 30, 3, 10, 3, 10, 3, 10, 3, 10, 3, 30, 3, 10, 3]",40.265849902534036
"[10, 3, 10, 3, 10, 3, 10, 3, 30, 3, 30, 3, 10, 3, 10, 3, 30, 3, 10, 3, 10, 3, 10, 3, 10, 3, 30, 3, 10, 3]",56.84350292397656
"[10, 3, 10, 3, 10, 3, 10, 3, 30, 3, 30, 3, 10, 3, 10, 3, 30, 3, 10, 3, 10, 3, 10, 3, 10, 3, 30, 3, 10, 3]",47.092274853801186
"[10, 3, 10, 3, 10, 3, 10, 3, 30, 3, 30, 3, 10, 3, 10, 3, 30, 3, 10, 3, 10, 3, 10, 3, 10, 3, 30, 3, 10, 3]",52.76545419103316
"[10, 3, 10, 3, 10, 3, 10, 3, 30, 3, 30, 3, 10, 3, 10, 3, 30, 3, 24.402797532837084, 3, 10, 3, 10, 3, 10, 3, 30, 3, 10, 3]",34.57506627680318
"[10, 3, 10, 3, 10, 3, 10, 3, 30, 3, 30, 3, 10, 3, 10, 3, 30, 3, 10, 3, 10, 3, 10, 3, 10, 3, 30, 3, 10, 3]",69.70388693957094
"[10, 3, 10, 3, 10, 3, 10, 3, 30, 3, 30, 3, 10, 3, 10, 3, 30, 3, 10, 3, 10, 3, 10, 3, 10, 3, 30, 3, 10, 3]",37.83630799220281
"[10, 3, 10, 3, 10, 3, 10, 3, 30, 3, 30, 3, 10, 3, 10, 3, 30, 3, 10, 3, 10, 3, 10, 3, 10, 3, 30, 3, 10, 3]",39.172637426900536
"[10, 3, 10, 3, 10, 3, 10, 3, 30, 3, 30, 3, 10, 3, 10, 3, 30, 3, 10, 3, 10, 3, 10, 3, 10, 3, 30, 3, 10, 3]",60.47318908382063
"[10, 3, 10, 3, 10, 3, 10, 3, 30, 3, 30, 3, 10, 3, 10, 3, 30, 3, 10, 3, 10, 3, 10, 3, 10, 3, 30, 3, 10, 3]",57.64888888888879
"[10, 3, 10, 3, 10, 3, 10, 3, 30, 3, 30, 3, 10, 3, 10, 3, 30, 3, 10, 3, 10, 3, 10, 3, 10, 3, 30, 3, 10, 3]",49.30540350877189
"[10, 3, 10, 3, 10, 3, 10, 3, 30, 3, 30, 3, 10, 3, 10, 3, 30, 3, 10, 3, 10, 3, 10, 3, 10, 3, 30, 3, 10, 3]",49.30803313840154
"[10, 3, 10, 3, 10, 3, 10, 3, 30, 3, 30, 3, 10, 3, 10, 3, 30, 3, 10, 3, 10, 3, 10, 3, 10, 3, 30, 3, 10, 3]",41.94523196881089
"[10, 3, 10, 3, 10, 3, 10, 3, 30, 3, 30, 3, 10, 3, 10, 3, 30, 3, 10, 3, 10, 3, 10, 3, 10, 3, 30, 3, 10, 3]",46.008621832358685
"[10, 3, 10, 3, 10, 3, 10, 3, 30, 3, 30, 3, 10, 3, 10, 3, 30, 3, 11.454968395179703, 3, 10, 3, 10, 3, 10, 3, 30, 3, 10, 3]",33.76020662768029
"[10, 3, 10, 3, 10, 3, 10, 3, 30, 3, 30, 3, 10, 3, 10, 3, 30, 3, 10, 3, 10, 3, 10, 3, 10, 3, 30, 3, 10, 3]",43.371284600389906
"[10, 3, 10, 3, 10, 3, 10, 3, 30, 3, 30, 3, 10, 3, 10, 3, 30, 3, 10, 3, 10, 3, 10, 3, 10, 3, 30, 3, 10, 3]",41.26699025341127
"[10, 3, 10, 3, 10, 3, 10, 3, 30, 3, 30, 3, 10, 3, 10, 3, 30, 3, 10, 3, 10, 3, 10, 3, 10, 3, 30, 3, 10, 3]",29.1236530214425
"[10, 3, 10, 3, 10, 3, 10, 3, 30, 3, 30, 3, 10, 3, 10, 3, 30, 3, 12.163027154563533, 3, 10, 3, 10, 3, 10, 3, 30, 3, 10, 3]",28.61230214424948
"[10, 3, 10, 3, 10, 3, 10, 3, 30, 3, 30, 3, 10, 3, 10, 3, 30, 3, 10, 3, 10, 3, 10, 3, 10, 3, 30, 3, 10, 3]",37.19202339181281
"[10, 3, 10, 3, 10, 3, 10, 3, 30, 3, 30, 3, 10, 3, 10, 3, 30, 3, 10, 3, 10, 3, 10, 3, 10, 3, 30, 3, 10, 3]",37.830594541910415
"[10, 3, 10, 3, 10, 3, 10, 3, 30, 3, 30, 3, 10, 3, 10, 3, 30, 3, 10, 3, 10, 3, 10, 3, 10, 3, 30, 3, 10, 3]",39.36691423001941
"[10, 3, 10, 3, 10, 3, 10, 3, 30, 3, 30, 3, 10, 3, 10, 3, 30, 3, 10, 3, 10, 3, 10, 3, 10, 3, 30, 3, 10, 3]",42.43018518518514
"[10, 3, 10, 3, 10, 3, 10, 3, 30, 3, 30, 3, 10, 3, 10, 3, 30, 3, 10, 3, 10, 3, 10, 3, 10, 3, 30, 3, 10, 3]",41.991189083820636
"[10, 3, 10, 3, 10, 3, 10, 3, 30, 3, 30, 3, 10, 3, 10, 3, 30, 3, 24.402797532837084, 3, 10, 3, 10, 3, 10, 3, 30, 3, 10, 3]",34.32774269005848
"[10, 3, 10, 3, 10, 3, 10, 3, 30, 3, 30, 3, 10, 3, 10, 3, 30, 3, 10, 3, 10, 3, 10, 3, 10, 3, 30, 3, 10, 3]",24.755690058479523
"[10, 3, 10, 3, 10, 3, 10, 3, 30, 3, 30, 3, 10, 3, 10, 3, 30, 3, 10, 3, 10, 3, 10, 3, 10, 3, 30, 3, 10, 3]",38.57480701754395
"[10, 3, 10, 3, 10, 3, 10, 3, 30, 3, 30, 3, 10, 3, 10, 3, 30, 3, 10, 3, 10, 3, 10, 3, 10, 3, 30, 3, 10, 3]",25.58819688109163
"[10, 3, 10, 3, 10, 3, 10, 3, 30, 3, 30, 3, 10, 3, 10, 3, 30, 3, 10, 3, 10, 3, 10, 3, 10, 3, 30, 3, 10, 3]",34.6228089668616
"[10, 3, 10, 3, 10, 3, 10, 3, 30, 3, 30, 3, 10, 3, 10, 3, 30, 3, 10, 3, 10, 3, 10, 3, 10, 3, 30, 3, 10, 3]",44.35021247563354
"[10, 3, 10, 3, 10, 3, 10, 3, 30, 3, 30, 3, 10, 3, 10, 3, 30, 3, 10, 3, 10, 3, 10, 3, 10, 3, 30, 3, 10, 3]",33.204968810916185
"[10, 3, 10, 3, 10, 3, 10, 3, 30, 3, 30, 3, 10, 3, 10, 3, 30, 3, 10, 3, 10, 3, 10, 3, 10, 3, 30, 3, 10, 3]",32.608267056530174
"[10, 3, 10, 3, 10, 3, 10, 3, 30, 3, 30, 3, 10, 3, 10, 3, 30, 3, 10, 3, 10, 3, 10, 3, 10, 3, 30, 3, 10, 3]",30.047261208576916
"[10, 3, 10, 3, 10, 3, 10, 3, 30, 3, 30, 3, 10, 3, 10, 3, 30, 3, 10, 3, 10, 3, 10, 3, 10, 3, 30, 3, 10, 3]",36.52048148148152
"[10, 3, 10, 3, 10, 3, 10, 3, 30, 3, 30, 3, 10, 3, 10, 3, 30, 3, 11.454968395179703, 3, 10, 3, 10, 3, 10, 3, 30, 3, 10, 3]",28.169424951267036
"[10, 3, 10, 3, 10, 3, 10, 3, 30, 3, 30, 3, 10, 3, 10, 3, 30, 3, 10, 3, 10, 3, 10, 3, 10, 3, 30, 3, 10, 3]",20.421547758284564
"[10, 3, 10, 3, 10, 3, 10, 3, 30, 3, 30, 3, 10, 3, 10, 3, 30, 3, 10, 3, 10, 3, 10, 3, 10, 3, 30, 3, 10, 3]",30.36241520467839
"[10, 3, 10, 3, 10, 3, 10, 3, 30, 3, 30, 3, 10, 3, 10, 3, 30, 3, 10, 3, 10, 3, 10, 3, 10, 3, 30, 3, 10, 3]",38.8091676413255
"[10, 3, 10, 3, 10, 3, 10, 3, 30, 3, 30, 3, 10, 3, 10, 3, 30, 3, 12.163027154563533, 3, 10, 3, 10, 3, 10, 3, 30, 3, 10, 3]",22.723066276803134
"[10, 3, 10, 3, 10, 3, 10, 3, 30, 3, 30, 3, 10, 3, 10, 3, 30, 3, 10, 3, 10, 3, 10, 3, 10, 3, 30, 3, 10, 3]",31.65611306042895
"[10, 3, 10, 3, 10, 3, 10, 3, 30, 3, 30, 3, 10, 3, 10, 3, 30, 3, 10, 3, 10, 3, 10, 3, 10, 3, 30, 3, 10, 3]",30.574144249512727
"[10, 3, 10, 3, 10, 3, 10, 3, 30, 3, 30, 3, 10, 3, 10, 3, 30, 3, 10, 3, 10, 3, 10, 3, 10, 3, 30, 3, 10, 3]",23.496454191033106
"[10, 3, 10, 3, 10, 3, 10, 3, 30, 3, 30, 3, 10, 3, 10, 3, 30, 3, 10, 3, 10, 3, 10, 3, 10, 3, 30, 3, 10, 3]",30.1161695906432
"[10, 3, 10, 3, 10, 3, 10, 3, 30, 3, 30, 3, 10, 3, 10, 3, 30, 3, 10, 3, 10, 3, 10, 3, 10, 3, 30, 3, 10, 3]",31.384844054580956
"[10, 3, 10, 3, 10, 3, 10, 3, 30, 3, 30, 3, 10, 3, 10, 3, 30, 3, 24.402797532837084, 3, 10, 3, 10, 3, 10, 3, 30, 3, 10, 3]",23.902033138401567
"[10, 3, 10, 3, 10, 3, 10, 3, 30, 3, 30, 3, 10, 3, 10, 3, 30, 3, 10, 3, 10, 3, 10, 3, 10, 3, 30, 3, 10, 3]",26.531218323586774
"[10, 3, 10, 3, 10, 3, 10, 3, 30, 3, 30, 3, 10, 3, 10, 3, 30, 3, 10, 3, 10, 3, 10, 3, 10, 3, 30, 3, 10, 3]",24.45770955165693
"[10, 3, 10, 3, 10, 3, 10, 3, 30, 3, 30, 3, 10, 3, 10, 3, 30, 3, 10, 3, 10, 3, 10, 3, 10, 3, 30, 3, 10, 3]",33.66571539961013
"[10, 3, 10, 3, 10, 3, 10, 3, 30, 3, 30, 3, 10, 3, 10, 3, 30, 3, 10, 3, 10, 3, 10, 3, 10, 3, 30, 3, 10, 3]",22.045627680311895
"[10, 3, 10, 3, 10, 3, 10, 3, 30, 3, 30, 3, 10, 3, 10, 3, 30, 3, 10, 3, 10, 3, 10, 3, 10, 3, 30, 3, 10, 3]",33.357450292397665
"[10, 3, 10, 3, 10, 3, 10, 3, 30, 3, 30, 3, 10, 3, 10, 3, 30, 3, 10, 3, 10, 3, 10, 3, 10, 3, 30, 3, 10, 3]",24.87258674463938
"[10, 3, 10, 3, 10, 3, 10, 3, 30, 3, 30, 3, 10, 3, 10, 3, 30, 3, 10, 3, 10, 3, 10, 3, 10, 3, 30, 3, 10, 3]",26.499672514619885
"[10, 3, 10, 3, 10, 3, 10, 3, 30, 3, 30, 3, 10, 3, 10, 3, 30, 3, 10, 3, 10, 3, 10, 3, 10, 3, 30, 3, 10, 3]",31.69889083820664
"[10, 3, 10, 3, 10, 3, 10, 3, 30, 3, 30, 3, 10, 3, 10, 3, 30, 3, 10, 3, 10, 3, 10, 3, 10, 3, 30, 3, 10, 3]",23.659883040935696
"[10, 3, 10, 3, 10, 3, 10, 3, 30, 3, 30, 3, 10, 3, 10, 3, 30, 3, 11.454968395179703, 3, 10, 3, 10, 3, 10, 3, 30, 3, 10, 3]",29.985541910331424
"[10, 3, 10, 3, 10, 3, 10, 3, 30, 3, 30, 3, 10, 3, 10, 3, 30, 3, 10, 3, 10, 3, 10, 3, 10, 3, 30, 3, 10, 3]",19.154504873294325
"[10, 3, 10, 3, 10, 3, 10, 3, 30, 3, 30, 3, 10, 3, 10, 3, 30, 3, 10, 3, 10, 3, 10, 3, 10, 3, 30, 3, 10, 3]",24.075442495126673
"[10, 3, 10, 3, 10, 3, 10, 3, 30, 3, 30, 3, 10, 3, 10, 3, 30, 3, 10, 3, 10, 3, 10, 3, 10, 3, 30, 3, 10, 3]",25.863623781676402
"[10, 3, 10, 3, 10, 3, 10, 3, 30, 3, 30, 3, 10, 3, 10, 3, 30, 3, 12.163027154563533, 3, 10, 3, 10, 3, 10, 3, 30, 3, 10, 3]",22.18207602339179
"[10, 3, 10, 3, 10, 3, 10, 3, 30, 3, 30, 3, 10, 3, 10, 3, 30, 3, 10, 3, 10, 3, 10, 3, 10, 3, 30, 3, 10, 3]",26.098672514619906
"[10, 3, 10, 3, 10, 3, 10, 3, 30, 3, 30, 3, 10, 3, 10, 3, 30, 3, 10, 3, 10, 3, 10, 3, 10, 3, 30, 3, 10, 3]",29.7863450292398
"[10, 3, 10, 3, 10, 3, 10, 3, 30, 3, 30, 3, 10, 3, 10, 3, 30, 3, 10, 3, 10, 3, 10, 3, 10, 3, 30, 3, 10, 3]",20.38493762183234
"[10, 3, 10, 3, 10, 3, 10, 3, 30, 3, 30, 3, 10, 3, 10, 3, 30, 3, 10, 3, 10, 3, 10, 3, 10, 3, 30, 3, 10, 3]",21.92003313840163
"[10, 3, 10, 3, 10, 3, 10, 3, 30, 3, 30, 3, 10, 3, 10, 3, 30, 3, 10, 3, 10, 3, 10, 3, 10, 3, 30, 3, 10, 3]",20.29616959064327
"[10, 3, 10, 3, 10, 3, 10, 3, 30, 3, 30, 3, 10, 3, 10, 3, 30, 3, 24.402797532837084, 3, 10, 3, 10, 3, 10, 3, 30, 3, 10, 3]",19.817961013645196
"[10, 3, 10, 3, 10, 3, 10, 3, 30, 3, 30, 3, 10, 3, 10, 3, 30, 3, 10, 3, 10, 3, 10, 3, 10, 3, 30, 3, 10, 3]",23.89216959064339
"[10, 3, 10, 3, 10, 3, 10, 3, 30, 3, 30, 3, 10, 3, 10, 3, 30, 3, 10, 3, 10, 3, 10, 3, 10, 3, 30, 3, 10, 3]",25.768627680311916
"[10, 3, 10, 3, 10, 3, 10, 3, 30, 3, 30, 3, 10, 3, 10, 3, 30, 3, 10, 3, 10, 3, 10, 3, 10, 3, 30, 3, 10, 3]",25.17682651072126
"[10, 3, 10, 3, 10, 3, 10, 3, 30, 3, 30, 3, 10, 3, 10, 3, 30, 3, 10, 3, 10, 3, 10, 3, 10, 3, 30, 3, 10, 3]",19.088580896686175
"[10, 3, 10, 3, 10, 3, 10, 3, 30, 3, 30, 3, 10, 3, 10, 3, 30, 3, 10, 3, 10, 3, 10, 3, 10, 3, 30, 3, 10, 3]",27.09501949317733
"[10, 3, 10, 3, 10, 3, 10, 3, 30, 3, 30, 3, 10, 3, 10, 3, 30, 3, 10, 3, 10, 3, 10, 3, 10, 3, 30, 3, 10, 3]",25.50147758284604
"[10, 3, 10, 3, 10, 3, 10, 3, 30, 3, 30, 3, 10, 3, 10, 3, 30, 3, 10, 3, 10, 3, 10, 3, 10, 3, 30, 3, 10, 3]",20.92561793372324
"[10, 3, 10, 3, 10, 3, 10, 3, 30, 3, 30, 3, 10, 3, 10, 3, 30, 3, 10, 3, 10, 3, 10, 3, 10, 3, 30, 3, 10, 3]",21.11864132553606
"[10, 3, 10, 3, 10, 3, 10, 3, 30, 3, 30, 3, 10, 3, 10, 3, 30, 3, 10, 3, 10, 3, 10, 3, 10, 3, 30, 3, 10, 3]",28.87892982456148
"[10, 3, 10, 3, 10, 3, 10, 3, 30, 3, 30, 3, 10, 3, 10, 3, 30, 3, 11.454968395179703, 3, 10, 3, 10, 3, 10, 3, 30, 3, 10, 3]",27.826561403508784
"[10, 3, 10, 3, 10, 3, 10, 3, 30, 3, 30, 3, 10, 3, 10, 3, 30, 3, 10, 3, 10, 3, 10, 3, 10, 3, 30, 3, 10, 3]",15.453465886939565
"[10, 3, 10, 3, 10, 3, 10, 3, 30, 3, 30, 3, 10, 3, 10, 3, 30, 3, 10, 3, 10, 3, 10, 3, 10, 3, 30, 3, 10, 3]",18.975641325536074
"[10, 3, 10, 3, 10, 3, 10, 3, 30, 3, 30, 3, 10, 3, 10, 3, 30, 3, 10, 3, 10, 3, 10, 3, 10, 3, 30, 3, 10, 3]",38.221697855750506
"[10, 3, 10, 3, 10, 3, 10, 3, 30, 3, 30, 3, 10, 3, 10, 3, 30, 3, 12.163027154563533, 3, 10, 3, 10, 3, 10, 3, 30, 3, 10, 3]",23.80424366471733
"[10, 3, 10, 3, 10, 3, 10, 3, 30, 3, 30, 3, 10, 3, 10, 3, 30, 3, 10, 3, 10, 3, 10, 3, 10, 3, 30, 3, 10, 3]",18.637941520467823
"[10, 3, 10, 3, 10, 3, 10, 3, 30, 3, 30, 3, 10, 3, 10, 3, 30, 3, 10, 3, 10, 3, 10, 3, 10, 3, 30, 3, 10, 3]",21.455610136452247
"[10, 3, 10, 3, 10, 3, 10, 3, 30, 3, 30, 3, 10, 3, 10, 3, 30, 3, 10, 3, 10, 3, 10, 3, 10, 3, 30, 3, 10, 3]",20.20243664717354
"[10, 3, 10, 3, 10, 3, 10, 3, 30, 3, 30, 3, 10, 3, 10, 3, 30, 3, 10, 3, 10, 3, 10, 3, 10, 3, 30, 3, 10, 3]",21.205074074074048
"[10, 3, 10, 3, 10, 3, 10, 3, 30, 3, 30, 3, 10, 3, 10, 3, 30, 3, 10, 3, 10, 3, 10, 3, 10, 3, 30, 3, 10, 3]",17.721015594541957
"[10, 3, 10, 3, 10, 3, 10, 3, 30, 3, 30, 3, 10, 3, 10, 3, 30, 3, 24.402797532837084, 3, 10, 3, 10, 3, 10, 3, 30, 3, 10, 3]",21.432214424951255
"[10, 3, 10, 3, 10, 3, 10, 3, 30, 3, 30, 3, 10, 3, 10, 3, 30, 3, 10, 3, 10, 3, 10, 3, 10, 3, 30, 3, 10, 3]",17.240434697855726
"[10, 3, 10, 3, 10, 3, 10, 3, 30, 3, 30, 3, 10, 3, 10, 3, 30, 3, 10, 3, 10, 3, 10, 3, 10, 3, 30, 3, 10, 3]",18.15543079922029
"[10, 3, 10, 3, 10, 3, 10, 3, 30, 3, 30, 3, 10, 3, 10, 3, 30, 3, 10, 3, 10, 3, 10, 3, 10, 3, 30, 3, 10, 3]",26.961820662768048
"[10, 3, 10, 3, 10, 3, 10, 3, 30, 3, 30, 3, 10, 3, 10, 3, 30, 3, 10, 3, 10, 3, 10, 3, 10, 3, 30, 3, 10, 3]",21.81525341130605
"[10, 3, 10, 3, 10, 3, 10, 3, 30, 3, 30, 3, 10, 3, 10, 3, 30, 3, 10, 3, 10, 3, 10, 3, 10, 3, 30, 3, 10, 3]",28.76151267056534
"[10, 3, 10, 3, 10, 3, 10, 3, 30, 3, 30, 3, 10, 3, 10, 3, 30, 3, 10, 3, 10, 3, 10, 3, 10, 3, 30, 3, 10, 3]",25.405380116959044
"[10, 3, 10, 3, 10, 3, 10, 3, 30, 3, 30, 3, 10, 3, 10, 3, 30, 3, 10, 3, 10, 3, 10, 3, 10, 3, 30, 3, 10, 3]",20.494460038986418
"[10, 3, 10, 3, 10, 3, 10, 3, 30, 3, 30, 3, 10, 3, 10, 3, 30, 3, 10, 3, 10, 3, 10, 3, 10, 3, 30, 3, 10, 3]",18.463937621832347
"[10, 3, 10, 3, 10, 3, 10, 3, 30, 3, 30, 3, 10, 3, 10, 3, 30, 3, 10, 3, 10, 3, 10, 3, 10, 3, 30, 3, 10, 3]",17.071341130604264
"[10, 3, 10, 3, 10, 3, 10, 3, 30, 3, 30, 3, 10, 3, 10, 3, 30, 3, 11.454968395179703, 3, 10, 3, 10, 3, 10, 3, 30, 3, 10, 3]",18.007621832358705
"[10, 3, 10, 3, 10, 3, 10, 3, 30, 3, 30, 3, 10, 3, 10, 3, 30, 3, 10, 3, 10, 3, 10, 3, 10, 3, 30, 3, 10, 3]",18.262908382066282
"[10, 3, 10, 3, 10, 3, 10, 3, 30, 3, 30, 3, 10, 3, 10, 3, 30, 3, 10, 3, 10, 3, 10, 3, 10, 3, 30, 3, 10, 3]",17.218869395711472
"[10, 3, 10, 3, 10, 3, 10, 3, 30, 3, 30, 3, 10, 3, 10, 3, 30, 3, 10, 3, 10, 3, 10, 3, 10, 3, 30, 3, 10, 3]",24.213362573099428
"[10, 3, 10, 3, 10, 3, 10, 3, 30, 3, 30, 3, 10, 3, 10, 3, 30, 3, 12.163027154563533, 3, 10, 3, 10, 3, 10, 3, 30, 3, 10, 3]",14.834580896686138
"[10, 3, 10, 3, 10, 3, 10, 3, 30, 3, 30, 3, 10, 3, 10, 3, 30, 3, 10, 3, 10, 3, 10, 3, 10, 3, 30, 3, 10, 3]",20.17207212475632
"[10, 3, 10, 3, 10, 3, 10, 3, 30, 3, 30, 3, 10, 3, 10, 3, 30, 3, 10, 3, 10, 3, 10, 3, 10, 3, 30, 3, 10, 3]",16.548060428849897
"[10, 3, 10, 3, 10, 3, 10, 3, 30, 3, 30, 3, 10, 3, 10, 3, 30, 3, 10, 3, 10, 3, 10, 3, 10, 3, 30, 3, 10, 3]",18.38089473684213
"[10, 3, 10, 3, 10, 3, 10, 3, 30, 3, 30, 3, 10, 3, 10, 3, 30, 3, 10, 3, 10, 3, 10, 3, 10, 3, 30, 3, 10, 3]",20.711331384015615
"[10, 3, 10, 3, 10, 3, 10, 3, 30, 3, 30, 3, 10, 3, 10, 3, 30, 3, 10, 3, 10, 3, 10, 3, 10, 3, 30, 3, 10, 3]",13.865980506822634
"[10, 3, 10, 3, 10, 3, 10, 3, 30, 3, 30, 3, 10, 3, 10, 3, 30, 3, 24.402797532837084, 3, 10, 3, 10, 3, 10, 3, 30, 3, 10, 3]",18.146762183235865
"[10, 3, 10, 3, 10, 3, 10, 3, 30, 3, 30, 3, 10, 3, 10, 3, 30, 3, 10, 3, 10, 3, 10, 3, 10, 3, 30, 3, 10, 3]",18.99900779727094
"[10, 3, 10, 3, 10, 3, 10, 3, 30, 3, 30, 3, 10, 3, 10, 3, 30, 3, 10, 3, 10, 3, 10, 3, 10, 3, 30, 3, 10, 3]",14.159333333333343
"[10, 3, 10, 3, 10, 3, 10, 3, 30, 3, 30, 3, 10, 3, 10, 3, 30, 3, 10, 3, 10, 3, 10, 3, 10, 3, 30, 3, 10, 3]",18.604267056530233
"[10, 3, 10, 3, 10, 3, 10, 3, 30, 3, 30, 3, 10, 3, 10, 3, 30, 3, 10, 3, 10, 3, 10, 3, 10, 3, 30, 3, 10, 3]",19.799007797271003
"[10, 3, 10, 3, 10, 3, 10, 3, 30, 3, 30, 3, 10, 3, 10, 3, 30, 3, 10, 3, 10, 3, 10, 3, 10, 3, 30, 3, 10, 3]",21.949448343079947
"[10, 3, 10, 3, 10, 3, 10, 3, 30, 3, 30, 3, 10, 3, 10, 3, 30, 3, 10, 3, 10, 3, 10, 3, 10, 3, 30, 3, 10, 3]",14.779023391812881
"[10, 3, 10, 3, 10, 3, 10, 3, 30, 3, 30, 3, 10, 3, 10, 3, 30, 3, 10, 3, 10, 3, 10, 3, 10, 3, 30, 3, 10, 3]",16.120680311890823
"[10, 3, 10, 3, 10, 3, 10, 3, 30, 3, 30, 3, 10, 3, 10, 3, 30, 3, 10, 3, 10, 3, 10, 3, 10, 3, 30, 3, 10, 3]",16.85704873294345
"[10, 3, 10, 3, 10, 3, 10, 3, 30, 3, 30, 3, 10, 3, 10, 3, 30, 3, 10, 3, 10, 3, 10, 3, 10, 3, 30, 3, 10, 3]",16.265725146198807
"[10, 3, 10, 3, 10, 3, 10, 3, 30, 3, 30, 3, 10, 3, 10, 3, 30, 3, 11.454968395179703, 3, 10, 3, 10, 3, 10, 3, 30, 3, 10, 3]",14.95497855750486
"[10, 3, 10, 3, 10, 3, 10, 3, 30, 3, 30, 3, 10, 3, 10, 3, 30, 3, 10, 3, 10, 3, 10, 3, 10, 3, 30, 3, 10, 3]",16.45421832358675
"[10, 3, 10, 3, 10, 3, 10, 3, 30, 3, 30, 3, 10, 3, 10, 3, 30, 3, 10, 3, 10, 3, 10, 3, 10, 3, 30, 3, 10, 3]",14.901953216374297
"[10, 3, 10, 3, 10, 3, 10, 3, 30, 3, 30, 3, 10, 3, 10, 3, 30, 3, 10, 3, 10, 3, 10, 3, 10, 3, 30, 3, 10, 3]",26.652050682261176
"[10, 3, 10, 3, 10, 3, 10, 3, 30, 3, 30, 3, 10, 3, 10, 3, 30, 3, 12.163027154563533, 3, 10, 3, 10, 3, 10, 3, 30, 3, 10, 3]",14.654709551656927
"[10, 3, 10, 3, 10, 3, 10, 3, 30, 3, 30, 3, 10, 3, 10, 3, 30, 3, 10, 3, 10, 3, 10, 3, 10, 3, 30, 3, 10, 3]",14.52096686159845
"[10, 3, 10, 3, 10, 3, 10, 3, 30, 3, 30, 3, 10, 3, 10, 3, 30, 3, 10, 3, 10, 3, 10, 3, 10, 3, 30, 3, 10, 3]",17.00829434697857
"[10, 3, 10, 3, 10, 3, 10, 3, 30, 3, 30, 3, 10, 3, 10, 3, 30, 3, 10, 3, 10, 3, 10, 3, 10, 3, 30, 3, 10, 3]",15.608738791423015
"[10, 3, 10, 3, 10, 3, 10, 3, 30, 3, 30, 3, 10, 3, 10, 3, 30, 3, 10, 3, 10, 3, 10, 3, 10, 3, 30, 3, 10, 3]",18.06982456140349
"[10, 3, 10, 3, 10, 3, 10, 3, 30, 3, 30, 3, 10, 3, 10, 3, 30, 3, 10, 3, 10, 3, 10, 3, 10, 3, 30, 3, 10, 3]",16.325846003898633
"[10, 3, 10, 3, 10, 3, 10, 3, 30, 3, 30, 3, 10, 3, 10, 3, 30, 3, 24.402797532837084, 3, 10, 3, 10, 3, 10, 3, 30, 3, 10, 3]",16.393278752436636
"[10, 3, 10, 3, 10, 3, 10, 3, 30, 3, 30, 3, 10, 3, 10, 3, 30, 3, 10, 3, 10, 3, 10, 3, 10, 3, 30, 3, 10, 3]",15.818922027290437
"[10, 3, 10, 3, 10, 3, 10, 3, 30, 3, 30, 3, 10, 3, 10, 3, 30, 3, 10, 3, 10, 3, 10, 3, 10, 3, 30, 3, 10, 3]",15.15425536062375
"[10, 3, 10, 3, 10, 3, 10, 3, 30, 3, 30, 3, 10, 3, 10, 3, 30, 3, 10, 3, 10, 3, 10, 3, 10, 3, 30, 3, 10, 3]",16.97329434697855
"[10, 3, 10, 3, 10, 3, 10, 3, 30, 3, 30, 3, 10, 3, 10, 3, 30, 3, 10, 3, 10, 3, 10, 3, 10, 3, 30, 3, 10, 3]",14.802448343079925
"[10, 3, 10, 3, 10, 3, 10, 3, 30, 3, 30, 3, 10, 3, 10, 3, 30, 3, 10, 3, 10, 3, 10, 3, 10, 3, 30, 3, 10, 3]",17.011403508771934
"[10, 3, 10, 3, 10, 3, 10, 3, 30, 3, 30, 3, 10, 3, 10, 3, 30, 3, 10, 3, 10, 3, 10, 3, 10, 3, 30, 3, 10, 3]",16.280226120857723
"[10, 3, 10, 3, 10, 3, 10, 3, 30, 3, 30, 3, 10, 3, 10, 3, 30, 3, 10, 3, 10, 3, 10, 3, 10, 3, 30, 3, 10, 3]",15.395298245614049
"[10, 3, 10, 3, 10, 3, 10, 3, 30, 3, 30, 3, 10, 3, 10, 3, 30, 3, 10, 3, 10, 3, 10, 3, 10, 3, 30, 3, 10, 3]",14.743957115009739
"[10, 3, 10, 3, 10, 3, 10, 3, 30, 3, 30, 3, 10, 3, 10, 3, 30, 3, 10, 3, 10, 3, 10, 3, 10, 3, 30, 3, 10, 3]",14.745148148148123
"[10, 3, 10, 3, 10, 3, 10, 3, 30, 3, 30, 3, 10, 3, 10, 3, 30, 3, 11.454968395179703, 3, 10, 3, 10, 3, 10, 3, 30, 3, 10, 3]",15.700368421052657
"[10, 3, 10, 3, 10, 3, 10, 3, 30, 3, 30, 3, 10, 3, 10, 3, 30, 3, 10, 3, 10, 3, 10, 3, 10, 3, 30, 3, 10, 3]",15.33276218323586
"[10, 3, 10, 3, 10, 3, 10, 3, 30, 3, 30, 3, 10, 3, 10, 3, 30, 3, 10, 3, 10, 3, 10, 3, 10, 3, 30, 3, 10, 3]",15.879345029239792
"[10, 3, 10, 3, 10, 3, 10, 3, 30, 3, 30, 3, 10, 3, 10, 3, 30, 3, 10, 3, 10, 3, 10, 3, 10, 3, 30, 3, 10, 3]",17.215998050682256
"[10, 3, 10, 3, 10, 3, 10, 3, 30, 3, 30, 3, 10, 3, 10, 3, 30, 3, 12.163027154563533, 3, 10, 3, 10, 3, 10, 3, 30, 3, 10, 3]",18.42425536062381
"[10, 3, 10, 3, 10, 3, 10, 3, 30, 3, 30, 3, 10, 3, 10, 3, 30, 3, 10, 3, 10, 3, 10, 3, 10, 3, 30, 3, 10, 3]",16.706263157894735
"[10, 3, 10, 3, 10, 3, 10, 3, 30, 3, 30, 3, 10, 3, 10, 3, 30, 3, 10, 3, 10, 3, 10, 3, 10, 3, 30, 3, 10, 3]",15.922052631578984
"[10, 3, 10, 3, 10, 3, 10, 3, 30, 3, 30, 3, 10, 3, 10, 3, 30, 3, 10, 3, 10, 3, 10, 3, 10, 3, 30, 3, 10, 3]",18.39439571150101
"[10, 3, 10, 3, 10, 3, 10, 3, 30, 3, 30, 3, 10, 3, 10, 3, 30, 3, 10, 3, 10, 3, 10, 3, 10, 3, 30, 3, 10, 3]",17.92670370370369
"[10, 3, 10, 3, 10, 3, 10, 3, 30, 3, 30, 3, 10, 3, 10, 3, 30, 3, 10, 3, 10, 3, 10, 3, 10, 3, 30, 3, 10, 3]",16.8141754385965
"[10, 3, 10, 3, 10, 3, 10, 3, 30, 3, 30, 3, 10, 3, 10, 3, 30, 3, 24.402797532837084, 3, 10, 3, 10, 3, 10, 3, 30, 3, 10, 3]",17.5292300194932
"[10, 3, 10, 3, 10, 3, 10, 3, 30, 3, 30, 3, 10, 3, 10, 3, 30, 3, 10, 3, 10, 3, 10, 3, 10, 3, 30, 3, 10, 3]",15.624994152046769
"[10, 3, 10, 3, 10, 3, 10, 3, 30, 3, 30, 3, 10, 3, 10, 3, 30, 3, 10, 3, 10, 3, 10, 3, 10, 3, 30, 3, 10, 3]",14.272021442495163
"[10, 3, 10, 3, 10, 3, 10, 3, 30, 3, 30, 3, 10, 3, 10, 3, 30, 3, 10, 3, 10, 3, 10, 3, 10, 3, 30, 3, 10, 3]",16.528463937621854
"[10, 3, 10, 3, 10, 3, 10, 3, 30, 3, 30, 3, 10, 3, 10, 3, 30, 3, 10, 3, 10, 3, 10, 3, 10, 3, 30, 3, 10, 3]",15.3430662768031
"[10, 3, 10, 3, 10, 3, 10, 3, 30, 3, 30, 3, 10, 3, 10, 3, 30, 3, 10, 3, 10, 3, 10, 3, 10, 3, 30, 3, 10, 3]",14.561331384015574
"[10, 3, 10, 3, 10, 3, 10, 3, 30, 3, 30, 3, 10, 3, 10, 3, 30, 3, 10, 3, 10, 3, 10, 3, 10, 3, 30, 3, 10, 3]",14.143177387914212
"[10, 3, 10, 3, 10, 3, 10, 3, 30, 3, 30, 3, 10, 3, 10, 3, 30, 3, 10, 3, 10, 3, 10, 3, 10, 3, 30, 3, 10, 3]",14.039142300194953
"[10, 3, 10, 3, 10, 3, 10, 3, 30, 3, 30, 3, 10, 3, 10, 3, 30, 3, 10, 3, 10, 3, 10, 3, 10, 3, 30, 3, 10, 3]",14.307120857699811
"[10, 3, 10, 3, 10, 3, 10, 3, 30, 3, 30, 3, 10, 3, 10, 3, 30, 3, 10, 3, 10, 3, 10, 3, 10, 3, 30, 3, 10, 3]",13.894066276803143
"[10, 3, 10, 3, 10, 3, 10, 3, 30, 3, 30, 3, 10, 3, 10, 3, 30, 3, 11.454968395179703, 3, 10, 3, 10, 3, 10, 3, 30, 3, 10, 3]",15.469366471734853
"[10, 3, 10, 3, 10, 3, 10, 3, 30, 3, 30, 3, 10, 3, 10, 3, 30, 3, 10, 3, 10, 3, 10, 3, 10, 3, 30, 3, 10, 3]",14.67395906432752
"[10, 3, 10, 3, 10, 3, 10, 3, 30, 3, 30, 3, 10, 3, 10, 3, 30, 3, 10, 3, 10, 3, 10, 3, 10, 3, 30, 3, 10, 3]",15.277017543859651
"[10, 3, 10, 3, 10, 3, 10, 3, 30, 3, 30, 3, 10, 3, 10, 3, 30, 3, 10, 3, 10, 3, 10, 3, 10, 3, 30, 3, 10, 3]",16.753976608187095
"[10, 3, 10, 3, 10, 3, 10, 3, 30, 3, 30, 3, 10, 3, 10, 3, 30, 3, 12.163027154563533, 3, 10, 3, 10, 3, 10, 3, 30, 3, 10, 3]",20.449052631578887
"[10, 3, 10, 3, 10, 3, 10, 3, 30, 3, 30, 3, 10, 3, 10, 3, 30, 3, 10, 3, 10, 3, 10, 3, 10, 3, 30, 3, 10, 3]",14.873820662768042
"[10, 3, 10, 3, 10, 3, 10, 3, 30, 3, 30, 3, 10, 3, 10, 3, 30, 3, 10, 3, 10, 3, 10, 3, 10, 3, 30, 3, 10, 3]",15.375461988304075
"[10, 3, 10, 3, 10, 3, 10, 3, 30, 3, 30, 3, 10, 3, 10, 3, 30, 3, 10, 3, 10, 3, 10, 3, 10, 3, 30, 3, 10, 3]",19.615935672514624
"[10, 3, 10, 3, 10, 3, 10, 3, 30, 3, 30, 3, 10, 3, 10, 3, 30, 3, 10, 3, 10, 3, 10, 3, 10, 3, 30, 3, 10, 3]",17.34393372319689
"[10, 3, 10, 3, 10, 3, 10, 3, 30, 3, 30, 3, 10, 3, 10, 3, 30, 3, 10, 3, 10, 3, 10, 3, 10, 3, 30, 3, 10, 3]",14.024364522417146
"[10, 3, 10, 3, 10, 3, 10, 3, 30, 3, 30, 3, 10, 3, 10, 3, 30, 3, 24.402797532837084, 3, 10, 3, 10, 3, 10, 3, 30, 3, 10, 3]",19.060148148148162
"[10, 3, 10, 3, 10, 3, 10, 3, 30, 3, 30, 3, 10, 3, 10, 3, 30, 3, 10, 3, 10, 3, 10, 3, 10, 3, 30, 3, 10, 3]",15.950783625730994
"[10, 3, 10, 3, 10, 3, 10, 3, 30, 3, 30, 3, 10, 3, 10, 3, 30, 3, 10, 3, 10, 3, 10, 3, 10, 3, 30, 3, 10, 3]",15.284434697855724
"[10, 3, 10, 3, 10, 3, 10, 3, 30, 3, 30, 3, 10, 3, 10, 3, 30, 3, 10, 3, 10, 3, 10, 3, 10, 3, 30, 3, 10, 3]",16.336294346978583
"[10, 3, 10, 3, 10, 3, 10, 3, 30, 3, 30, 3, 10, 3, 10, 3, 30, 3, 10, 3, 10, 3, 10, 3, 10, 3, 30, 3, 10, 3]",15.049415204678352
"[10, 3, 10, 3, 10, 3, 10, 3, 30, 3, 30, 3, 10, 3, 10, 3, 30, 3, 10, 3, 10, 3, 10, 3, 10, 3, 30, 3, 10, 3]",17.367941520467852
"[10, 3, 10, 3, 10, 3, 10, 3, 30, 3, 30, 3, 10, 3, 10, 3, 30, 3, 10, 3, 10, 3, 10, 3, 10, 3, 30, 3, 10, 3]",16.422185185185228
"[10, 3, 10, 3, 10, 3, 10, 3, 30, 3, 30, 3, 10, 3, 10, 3, 30, 3, 10, 3, 10, 3, 10, 3, 10, 3, 30, 3, 10, 3]",15.686528265107253
"[10, 3, 10, 3, 10, 3, 10, 3, 30, 3, 30, 3, 10, 3, 10, 3, 30, 3, 10, 3, 10, 3, 10, 3, 10, 3, 30, 3, 10, 3]",16.425516569200756
"[10, 3, 10, 3, 10, 3, 10, 3, 30, 3, 30, 3, 10, 3, 10, 3, 30, 3, 10, 3, 10, 3, 10, 3, 10, 3, 30, 3, 10, 3]",17.5063937621832
"[10, 3, 10, 3, 10, 3, 10, 3, 30, 3, 30, 3, 10, 3, 10, 3, 30, 3, 11.454968395179703, 3, 10, 3, 10, 3, 10, 3, 30, 3, 10, 3]",16.790883040935693
"[10, 3, 10, 3, 10, 3, 10, 3, 30, 3, 30, 3, 10, 3, 10, 3, 30, 3, 10, 3, 10, 3, 10, 3, 10, 3, 30, 3, 10, 3]",16.792530214424957
"[10, 3, 10, 3, 10, 3, 10, 3, 30, 3, 30, 3, 10, 3, 10, 3, 30, 3, 10, 3, 10, 3, 10, 3, 10, 3, 30, 3, 10, 3]",16.134362573099413
"[10, 3, 10, 3, 10, 3, 10, 3, 30, 3, 30, 3, 10, 3, 10, 3, 30, 3, 10, 3, 10, 3, 10, 3, 10, 3, 30, 3, 10, 3]",15.196399610136464
"[10, 3, 10, 3, 10, 3, 10, 3, 30, 3, 30, 3, 10, 3, 10, 3, 30, 3, 12.163027154563533, 3, 10, 3, 10, 3, 10, 3, 30, 3, 10, 3]",17.26745224171538
"[10, 3, 10, 3, 10, 3, 10, 3, 30, 3, 30, 3, 10, 3, 10, 3, 30, 3, 10, 3, 10, 3, 10, 3, 10, 3, 30, 3, 10, 3]",16.52790058479535
"[10, 3, 10, 3, 10, 3, 10, 3, 30, 3, 30, 3, 10, 3, 10, 3, 30, 3, 10, 3, 10, 3, 10, 3, 10, 3, 30, 3, 10, 3]",13.657818713450302
"[10, 3, 10, 3, 10, 3, 10, 3, 30, 3, 30, 3, 10, 3, 10, 3, 30, 3, 10, 3, 10, 3, 10, 3, 10, 3, 30, 3, 10, 3]",18.345495126705604
"[10, 3, 10, 3, 10, 3, 10, 3, 30, 3, 30, 3, 10, 3, 10, 3, 30, 3, 10, 3, 10, 3, 10, 3, 10, 3, 30, 3, 10, 3]",16.485337231968792
"[10, 3, 10, 3, 10, 3, 10, 3, 30, 3, 30, 3, 10, 3, 10, 3, 30, 3, 10, 3, 10, 3, 10, 3, 10, 3, 30, 3, 10, 3]",17.067319688109123
"[10, 3, 10, 3, 10, 3, 10, 3, 30, 3, 30, 3, 10, 3, 10, 3, 30, 3, 24.402797532837084, 3, 10, 3, 10, 3, 10, 3, 30, 3, 10, 3]",15.978514619883047
"[10, 3, 10, 3, 10, 3, 10, 3, 30, 3, 30, 3, 10, 3, 10, 3, 30, 3, 10, 3, 10, 3, 10, 3, 10, 3, 30, 3, 10, 3]",16.463567251461967
"[10, 3, 10, 3, 10, 3, 10, 3, 30, 3, 30, 3, 10, 3, 10, 3, 30, 3, 10, 3, 10, 3, 10, 3, 10, 3, 30, 3, 10, 3]",17.009721247563363
"[10, 3, 10, 3, 10, 3, 10, 3, 30, 3, 30, 3, 10, 3, 10, 3, 30, 3, 10, 3, 10, 3, 10, 3, 10, 3, 30, 3, 10, 3]",16.93818323586744
"[10, 3, 10, 3, 10, 3, 10, 3, 30, 3, 30, 3, 10, 3, 10, 3, 30, 3, 10, 3, 10, 3, 10, 3, 10, 3, 30, 3, 10, 3]",17.63542300194929
"[10, 3, 10, 3, 10, 3, 10, 3, 30, 3, 30, 3, 10, 3, 10, 3, 30, 3, 10, 3, 10, 3, 10, 3, 10, 3, 30, 3, 10, 3]",16.829321637426876
"[10, 3, 10, 3, 10, 3, 10, 3, 30, 3, 30, 3, 10, 3, 10, 3, 30, 3, 10, 3, 10, 3, 10, 3, 10, 3, 30, 3, 10, 3]",15.41415204678362
"[10, 3, 10, 3, 10, 3, 10, 3, 30, 3, 30, 3, 10, 3, 10, 3, 30, 3, 10, 3, 10, 3, 10, 3, 10, 3, 30, 3, 10, 3]",16.61071345029238
"[10, 3, 10, 3, 10, 3, 10, 3, 30, 3, 30, 3, 10, 3, 10, 3, 30, 3, 10, 3, 10, 3, 10, 3, 10, 3, 30, 3, 10, 3]",17.438315789473645
"[10, 3, 10, 3, 10, 3, 10, 3, 30, 3, 30, 3, 10, 3, 10, 3, 30, 3, 10, 3, 10, 3, 10, 3, 10, 3, 30, 3, 10, 3]",16.57333333333329
"[10, 3, 10, 3, 10, 3, 10, 3, 30, 3, 30, 3, 10, 3, 10, 3, 30, 3, 11.454968395179703, 3, 10, 3, 10, 3, 10, 3, 30, 3, 10, 3]",19.13743664717343
"[10, 3, 10, 3, 10, 3, 10, 3, 30, 3, 30, 3, 10, 3, 10, 3, 30, 3, 10, 3, 10, 3, 10, 3, 10, 3, 30, 3, 10, 3]",15.444368421052667
"[10, 3, 10, 3, 10, 3, 10, 3, 30, 3, 30, 3, 10, 3, 10, 3, 30, 3, 10, 3, 10, 3, 10, 3, 10, 3, 30, 3, 10, 3]",13.87289083820663
"[10, 3, 10, 3, 10, 3, 10, 3, 30, 3, 30, 3, 10, 3, 10, 3, 30, 3, 10, 3, 10, 3, 10, 3, 10, 3, 30, 3, 10, 3]",16.03824366471731
"[10, 3, 10, 3, 10, 3, 10, 3, 30, 3, 30, 3, 10, 3, 10, 3, 30, 3, 12.163027154563533, 3, 10, 3, 10, 3, 10, 3, 30, 3, 10, 3]",15.32599415204674
"[10, 3, 10, 3, 10, 3, 10, 3, 30, 3, 30, 3, 10, 3, 10, 3, 30, 3, 10, 3, 10, 3, 10, 3, 10, 3, 30, 3, 10, 3]",15.89471539961017
"[10, 3, 10, 3, 10, 3, 10, 3, 30, 3, 30, 3, 10, 3, 10, 3, 30, 3, 10, 3, 10, 3, 10, 3, 10, 3, 30, 3, 10, 3]",13.74445614035091
"[10, 3, 10, 3, 10, 3, 10, 3, 30, 3, 30, 3, 10, 3, 10, 3, 30, 3, 10, 3, 10, 3, 10, 3, 10, 3, 30, 3, 10, 3]",15.512452241715428
"[10, 3, 10, 3, 10, 3, 10, 3, 30, 3, 30, 3, 10, 3, 10, 3, 30, 3, 10, 3, 10, 3, 10, 3, 10, 3, 30, 3, 10, 3]",14.479590643274891
"[10, 3, 10, 3, 10, 3, 10, 3, 30, 3, 30, 3, 10, 3, 10, 3, 30, 3, 10, 3, 10, 3, 10, 3, 10, 3, 30, 3, 10, 3]",15.079292397660826
"[10, 3, 10, 3, 10, 3, 10, 3, 30, 3, 30, 3, 10, 3, 10, 3, 30, 3, 24.402797532837084, 3, 10, 3, 10, 3, 10, 3, 30, 3, 10, 3]",14.585627680311848
"[10, 3, 10, 3, 10, 3, 10, 3, 30, 3, 30, 3, 10, 3, 10, 3, 30, 3, 10, 3, 10, 3, 10, 3, 10, 3, 30, 3, 10, 3]",16.607054580896634
"[10, 3, 10, 3, 10, 3, 10, 3, 30, 3, 30, 3, 10, 3, 10, 3, 30, 3, 10, 3, 10, 3, 10, 3, 10, 3, 30, 3, 10, 3]",16.46158479532163
"[10, 3, 10, 3, 10, 3, 10, 3, 30, 3, 30, 3, 10, 3, 10, 3, 30, 3, 10, 3, 10, 3, 10, 3, 10, 3, 30, 3, 10, 3]",16.42298050682259
"[10, 3, 10, 3, 10, 3, 10, 3, 30, 3, 30, 3, 10, 3, 10, 3, 30, 3, 10, 3, 10, 3, 10, 3, 10, 3, 30, 3, 10, 3]",15.827048732943478
"[10, 3, 10, 3, 10, 3, 10, 3, 30, 3, 30, 3, 10, 3, 10, 3, 30, 3, 10, 3, 10, 3, 10, 3, 10, 3, 30, 3, 10, 3]",15.528230019493217
"[10, 3, 10, 3, 10, 3, 10, 3, 30, 3, 30, 3, 10, 3, 10, 3, 30, 3, 10, 3, 10, 3, 10, 3, 10, 3, 30, 3, 10, 3]",15.52281091617935
"[10, 3, 10, 3, 10, 3, 10, 3, 30, 3, 30, 3, 10, 3, 10, 3, 30, 3, 10, 3, 10, 3, 10, 3, 10, 3, 30, 3, 10, 3]",15.267261208577013
"[10, 3, 10, 3, 10, 3, 10, 3, 30, 3, 30, 3, 10, 3, 10, 3, 30, 3, 10, 3, 10, 3, 10, 3, 10, 3, 30, 3, 10, 3]",14.945257309941512
"[10, 3, 10, 3, 10, 3, 10, 3, 30, 3, 30, 3, 10, 3, 10, 3, 30, 3, 10, 3, 10, 3, 10, 3, 10, 3, 30, 3, 10, 3]",15.469994152046748
"[10, 3, 10, 3, 10, 3, 10, 3, 30, 3, 30, 3, 10, 3, 10, 3, 30, 3, 11.454968395179703, 3, 10, 3, 10, 3, 10, 3, 30, 3, 10, 3]",14.91299415204677
"[10, 3, 10, 3, 10, 3, 10, 3, 30, 3, 30, 3, 10, 3, 10, 3, 30, 3, 10, 3, 10, 3, 10, 3, 10, 3, 30, 3, 10, 3]",14.632534113060432
"[10, 3, 10, 3, 10, 3, 10, 3, 30, 3, 30, 3, 10, 3, 10, 3, 30, 3, 10, 3, 10, 3, 10, 3, 10, 3, 30, 3, 10, 3]",14.972994152046809
"[10, 3, 10, 3, 10, 3, 10, 3, 30, 3, 30, 3, 10, 3, 10, 3, 30, 3, 10, 3, 10, 3, 10, 3, 10, 3, 30, 3, 10, 3]",14.430600389863557
"[10, 3, 10, 3, 10, 3, 10, 3, 30, 3, 30, 3, 10, 3, 10, 3, 30, 3, 12.163027154563533, 3, 10, 3, 10, 3, 10, 3, 30, 3, 10, 3]",13.861769980506821
"[10, 3, 10, 3, 10, 3, 10, 3, 30, 3, 30, 3, 10, 3, 10, 3, 30, 3, 10, 3, 10, 3, 10, 3, 10, 3, 30, 3, 10, 3]",15.784448343079974
"[10, 3, 10, 3, 10, 3, 10, 3, 30, 3, 30, 3, 10, 3, 10, 3, 30, 3, 10, 3, 10, 3, 10, 3, 10, 3, 30, 3, 10, 3]",16.734633528265096
"[10, 3, 10, 3, 10, 3, 10, 3, 30, 3, 30, 3, 10, 3, 10, 3, 30, 3, 10, 3, 10, 3, 10, 3, 10, 3, 30, 3, 10, 3]",14.978635477582868
"[10, 3, 10, 3, 10, 3, 10, 3, 30, 3, 30, 3, 10, 3, 10, 3, 30, 3, 10, 3, 10, 3, 10, 3, 10, 3, 30, 3, 10, 3]",14.847403508771905
"[10, 3, 10, 3, 10, 3, 10, 3, 30, 3, 30, 3, 10, 3, 10, 3, 30, 3, 10, 3, 10, 3, 10, 3, 10, 3, 30, 3, 10, 3]",14.740933723196877
"[10, 3, 10, 3, 10, 3, 10, 3, 30, 3, 30, 3, 10, 3, 10, 3, 30, 3, 24.402797532837084, 3, 10, 3, 10, 3, 10, 3, 30, 3, 10, 3]",14.492044834307976
"[10, 3, 10, 3, 10, 3, 10, 3, 30, 3, 30, 3, 10, 3, 10, 3, 30, 3, 10, 3, 10, 3, 10, 3, 10, 3, 30, 3, 10, 3]",16.058270955165668
"[10, 3, 10, 3, 10, 3, 10, 3, 30, 3, 30, 3, 10, 3, 10, 3, 30, 3, 10, 3, 10, 3, 10, 3, 10, 3, 30, 3, 10, 3]",15.891368421052643
"[10, 3, 10, 3, 10, 3, 10, 3, 30, 3, 30, 3, 10, 3, 10, 3, 30, 3, 10, 3, 10, 3, 10, 3, 10, 3, 30, 3, 10, 3]",15.623890838206659
"[10, 3, 10, 3, 10, 3, 10, 3, 30, 3, 30, 3, 10, 3, 10, 3, 30, 3, 10, 3, 10, 3, 10, 3, 10, 3, 30, 3, 10, 3]",14.858038986354783
"[10, 3, 10, 3, 10, 3, 10, 3, 30, 3, 30, 3, 10, 3, 10, 3, 30, 3, 10, 3, 10, 3, 10, 3, 10, 3, 30, 3, 10, 3]",15.819567251461987
"[10, 3, 10, 3, 10, 3, 10, 3, 30, 3, 30, 3, 10, 3, 10, 3, 30, 3, 10, 3, 10, 3, 10, 3, 10, 3, 30, 3, 10, 3]",15.747615984405474
"[10, 3, 10, 3, 10, 3, 10, 3, 30, 3, 30, 3, 10, 3, 10, 3, 30, 3, 10, 3, 10, 3, 10, 3, 10, 3, 30, 3, 10, 3]",15.461189083820644
"[10, 3, 10, 3, 10, 3, 10, 3, 30, 3, 30, 3, 10, 3, 10, 3, 30, 3, 10, 3, 10, 3, 10, 3, 10, 3, 30, 3, 10, 3]",14.822077972709524
"[10, 3, 10, 3, 10, 3, 10, 3, 30, 3, 30, 3, 10, 3, 10, 3, 30, 3, 10, 3, 10, 3, 10, 3, 10, 3, 30, 3, 10, 3]",13.492038986354741
"[10, 3, 10, 3, 10, 3, 10, 3, 30, 3, 30, 3, 10, 3, 10, 3, 30, 3, 11.454968395179703, 3, 10, 3, 10, 3, 10, 3, 30, 3, 10, 3]",15.571516569200778
"[10, 3, 10, 3, 10, 3, 10, 3, 30, 3, 30, 3, 10, 3, 10, 3, 30, 3, 10, 3, 10, 3, 10, 3, 10, 3, 30, 3, 10, 3]",13.032762183235883
"[10, 3, 10, 3, 10, 3, 10, 3, 30, 3, 30, 3, 10, 3, 10, 3, 30, 3, 10, 3, 10, 3, 10, 3, 10, 3, 30, 3, 10, 3]",14.730586744639357
"[10, 3, 10, 3, 10, 3, 10, 3, 30, 3, 30, 3, 10, 3, 10, 3, 30, 3, 10, 3, 10, 3, 10, 3, 10, 3, 30, 3, 10, 3]",13.705038986354745
"[10, 3, 10, 3, 10, 3, 10, 3, 30, 3, 30, 3, 10, 3, 10, 3, 30, 3, 12.163027154563533, 3, 10, 3, 10, 3, 10, 3, 30, 3, 10, 3]",14.911682261208563
"[10, 3, 10, 3, 10, 3, 10, 3, 30, 3, 30, 3, 10, 3, 10, 3, 30, 3, 10, 3, 10, 3, 10, 3, 10, 3, 30, 3, 10, 3]",15.113348927875215
"[10, 3, 10, 3, 10, 3, 10, 3, 30, 3, 30, 3, 10, 3, 10, 3, 30, 3, 10, 3, 10, 3, 10, 3, 10, 3, 30, 3, 10, 3]",14.625196881091643
"[10, 3, 10, 3, 10, 3, 10, 3, 30, 3, 30, 3, 10, 3, 10, 3, 30, 3, 10, 3, 10, 3, 10, 3, 10, 3, 30, 3, 10, 3]",15.561095516569218
"[10, 3, 10, 3, 10, 3, 10, 3, 30, 3, 30, 3, 10, 3, 10, 3, 30, 3, 10, 3, 10, 3, 10, 3, 10, 3, 30, 3, 10, 3]",15.199274853801153
"[10, 3, 10, 3, 10, 3, 10, 3, 30, 3, 30, 3, 10, 3, 10, 3, 30, 3, 10, 3, 10, 3, 10, 3, 10, 3, 30, 3, 10, 3]",14.58083820662769
"[10, 3, 10, 3, 10, 3, 10, 3, 30, 3, 30, 3, 10, 3, 10, 3, 30, 3, 24.402797532837084, 3, 10, 3, 10, 3, 10, 3, 30, 3, 10, 3]",15.530730994152048
"[10, 3, 10, 3, 10, 3, 10, 3, 30, 3, 30, 3, 10, 3, 10, 3, 30, 3, 10, 3, 10, 3, 10, 3, 10, 3, 30, 3, 10, 3]",14.105411306042887
"[10, 3, 10, 3, 10, 3, 10, 3, 30, 3, 30, 3, 10, 3, 10, 3, 30, 3, 10, 3, 10, 3, 10, 3, 10, 3, 30, 3, 10, 3]",14.357120857699774
"[10, 3, 10, 3, 10, 3, 10, 3, 30, 3, 30, 3, 10, 3, 10, 3, 30, 3, 10, 3, 10, 3, 10, 3, 10, 3, 30, 3, 10, 3]",15.987052631578905
"[10, 3, 10, 3, 10, 3, 10, 3, 30, 3, 30, 3, 10, 3, 10, 3, 30, 3, 10, 3, 10, 3, 10, 3, 10, 3, 30, 3, 10, 3]",13.416791423001941
"[10, 3, 10, 3, 10, 3, 10, 3, 30, 3, 30, 3, 10, 3, 10, 3, 30, 3, 10, 3, 10, 3, 10, 3, 10, 3, 30, 3, 10, 3]",16.272803118908442
"[10, 3, 10, 3, 10, 3, 10, 3, 30, 3, 30, 3, 10, 3, 10, 3, 30, 3, 10, 3, 10, 3, 10, 3, 10, 3, 30, 3, 10, 3]",15.694699805068279
"[10, 3, 10, 3, 10, 3, 10, 3, 30, 3, 30, 3, 10, 3, 10, 3, 30, 3, 10, 3, 10, 3, 10, 3, 10, 3, 30, 3, 10, 3]",14.853153996101357
"[10, 3, 10, 3, 10, 3, 10, 3, 30, 3, 30, 3, 10, 3, 10, 3, 30, 3, 10, 3, 10, 3, 10, 3, 10, 3, 30, 3, 10, 3]",14.932888888888847
"[10, 3, 10, 3, 10, 3, 10, 3, 30, 3, 30, 3, 10, 3, 10, 3, 30, 3, 10, 3, 10, 3, 10, 3, 10, 3, 30, 3, 10, 3]",16.03163157894736
"[10, 3, 10, 3, 10, 3, 10, 3, 30, 3, 30, 3, 10, 3, 10, 3, 30, 3, 11.454968395179703, 3, 10, 3, 10, 3, 10, 3, 30, 3, 10, 3]",15.340873294347011
"[10, 3, 10, 3, 10, 3, 10, 3, 30, 3, 30, 3, 10, 3, 10, 3, 30, 3, 10, 3, 10, 3, 10, 3, 10, 3, 30, 3, 10, 3]",16.49608771929822
"[10, 3, 10, 3, 10, 3, 10, 3, 30, 3, 30, 3, 10, 3, 10, 3, 30, 3, 10, 3, 10, 3, 10, 3, 10, 3, 30, 3, 10, 3]",15.400775828460032
"[10, 3, 10, 3, 10, 3, 10, 3, 30, 3, 30, 3, 10, 3, 10, 3, 30, 3, 10, 3, 10, 3, 10, 3, 10, 3, 30, 3, 10, 3]",14.282115009746608
"[10, 3, 10, 3, 10, 3, 10, 3, 30, 3, 30, 3, 10, 3, 10, 3, 30, 3, 12.163027154563533, 3, 10, 3, 10, 3, 10, 3, 30, 3, 10, 3]",14.535762183235887
"[10, 3, 10, 3, 10, 3, 10, 3, 30, 3, 30, 3, 10, 3, 10, 3, 30, 3, 10, 3, 10, 3, 10, 3, 10, 3, 30, 3, 10, 3]",16.01631773879142
"[10, 3, 10, 3, 10, 3, 10, 3, 30, 3, 30, 3, 10, 3, 10, 3, 30, 3, 10, 3, 10, 3, 10, 3, 10, 3, 30, 3, 10, 3]",14.135185185185174
"[10, 3, 10, 3, 10, 3, 10, 3, 30, 3, 30, 3, 10, 3, 10, 3, 30, 3, 10, 3, 10, 3, 10, 3, 10, 3, 30, 3, 10, 3]",13.386610136452274
"[10, 3, 10, 3, 10, 3, 10, 3, 30, 3, 30, 3, 10, 3, 10, 3, 30, 3, 10, 3, 10, 3, 10, 3, 10, 3, 30, 3, 10, 3]",15.15184210526318
"[10, 3, 10, 3, 10, 3, 10, 3, 30, 3, 30, 3, 10, 3, 10, 3, 30, 3, 10, 3, 10, 3, 10, 3, 10, 3, 30, 3, 10, 3]",15.594543859649107
"[10, 3, 10, 3, 10, 3, 10, 3, 30, 3, 30, 3, 10, 3, 10, 3, 30, 3, 24.402797532837084, 3, 10, 3, 10, 3, 10, 3, 30, 3, 10, 3]",15.921575048732942
"[10, 3, 10, 3, 10, 3, 10, 3, 30, 3, 30, 3, 10, 3, 10, 3, 30, 3, 10, 3, 10, 3, 10, 3, 10, 3, 30, 3, 10, 3]",14.59720077972707
"[10, 3, 10, 3, 10, 3, 10, 3, 30, 3, 30, 3, 10, 3, 10, 3, 30, 3, 10, 3, 10, 3, 10, 3, 10, 3, 30, 3, 10, 3]",14.794528265107223
"[10, 3, 10, 3, 10, 3, 10, 3, 30, 3, 30, 3, 10, 3, 10, 3, 30, 3, 10, 3, 10, 3, 10, 3, 10, 3, 30, 3, 10, 3]",14.438015594541906
"[10, 3, 10, 3, 10, 3, 10, 3, 30, 3, 30, 3, 10, 3, 10, 3, 30, 3, 10, 3, 10, 3, 10, 3, 10, 3, 30, 3, 10, 3]",13.763522417153993
"[10, 3, 10, 3, 10, 3, 10, 3, 30, 3, 30, 3, 10, 3, 10, 3, 30, 3, 10, 3, 10, 3, 10, 3, 10, 3, 30, 3, 10, 3]",16.491208576998016
"[10, 3, 10, 3, 10, 3, 10, 3, 30, 3, 30, 3, 10, 3, 10, 3, 30, 3, 10, 3, 10, 3, 10, 3, 10, 3, 30, 3, 10, 3]",14.219153996101358
"[10, 3, 10, 3, 10, 3, 10, 3, 30, 3, 30, 3, 10, 3, 10, 3, 30, 3, 10, 3, 10, 3, 10, 3, 10, 3, 30, 3, 10, 3]",14.95236842105264
"[10, 3, 10, 3, 10, 3, 10, 3, 30, 3, 30, 3, 10, 3, 10, 3, 30, 3, 10, 3, 10, 3, 10, 3, 10, 3, 30, 3, 10, 3]",15.258220272904516
"[10, 3, 10, 3, 10, 3, 10, 3, 30, 3, 30, 3, 10, 3, 10, 3, 30, 3, 10, 3, 10, 3, 10, 3, 10, 3, 30, 3, 10, 3]",16.444896686159854
"[10, 3, 10, 3, 10, 3, 10, 3, 30, 3, 30, 3, 10, 3, 10, 3, 30, 3, 11.454968395179703, 3, 10, 3, 10, 3, 10, 3, 30, 3, 10, 3]",15.095370370370384
"[10, 3, 10, 3, 10, 3, 10, 3, 30, 3, 30, 3, 10, 3, 10, 3, 30, 3, 10, 3, 10, 3, 10, 3, 10, 3, 30, 3, 10, 3]",14.921196881091635
"[10, 3, 10, 3, 10, 3, 10, 3, 30, 3, 30, 3, 10, 3, 10, 3, 30, 3, 10, 3, 10, 3, 10, 3, 10, 3, 30, 3, 10, 3]",16.475228070175437
"[10, 3, 10, 3, 10, 3, 10, 3, 30, 3, 30, 3, 10, 3, 10, 3, 30, 3, 10, 3, 10, 3, 10, 3, 10, 3, 30, 3, 10, 3]",13.735282651072136
"[10, 3, 10, 3, 10, 3, 10, 3, 30, 3, 30, 3, 10, 3, 10, 3, 30, 3, 12.163027154563533, 3, 10, 3, 10, 3, 10, 3, 30, 3, 10, 3]",15.519469785575074
"[10, 3, 10, 3, 10, 3, 10, 3, 30, 3, 30, 3, 10, 3, 10, 3, 30, 3, 10, 3, 10, 3, 10, 3, 10, 3, 30, 3, 10, 3]",14.609849902534092
"[10, 3, 10, 3, 10, 3, 10, 3, 30, 3, 30, 3, 10, 3, 10, 3, 30, 3, 10, 3, 10, 3, 10, 3, 10, 3, 30, 3, 10, 3]",13.761530214425003
"[10, 3, 10, 3, 10, 3, 10, 3, 30, 3, 30, 3, 10, 3, 10, 3, 30, 3, 10, 3, 10, 3, 10, 3, 10, 3, 30, 3, 10, 3]",14.416074074074084
"[10, 3, 10, 3, 10, 3, 10, 3, 30, 3, 30, 3, 10, 3, 10, 3, 30, 3, 10, 3, 10, 3, 10, 3, 10, 3, 30, 3, 10, 3]",14.769986354775856
"[10, 3, 10, 3, 10, 3, 10, 3, 30, 3, 30, 3, 10, 3, 10, 3, 30, 3, 10, 3, 10, 3, 10, 3, 10, 3, 30, 3, 10, 3]",14.86675438596487
"[10, 3, 10, 3, 10, 3, 10, 3, 30, 3, 30, 3, 10, 3, 10, 3, 30, 3, 24.402797532837084, 3, 10, 3, 10, 3, 10, 3, 30, 3, 10, 3]",14.491746588693966
"[10, 3, 10, 3, 10, 3, 10, 3, 30, 3, 30, 3, 10, 3, 10, 3, 30, 3, 10, 3, 10, 3, 10, 3, 10, 3, 30, 3, 10, 3]",14.4841637426901
"[10, 3, 10, 3, 10, 3, 10, 3, 30, 3, 30, 3, 10, 3, 10, 3, 30, 3, 10, 3, 10, 3, 10, 3, 10, 3, 30, 3, 10, 3]",15.09288304093568
"[10, 3, 10, 3, 10, 3, 10, 3, 30, 3, 30, 3, 10, 3, 10, 3, 30, 3, 10, 3, 10, 3, 10, 3, 10, 3, 30, 3, 10, 3]",16.201545808966873
"[10, 3, 10, 3, 10, 3, 10, 3, 30, 3, 30, 3, 10, 3, 10, 3, 30, 3, 10, 3, 10, 3, 10, 3, 10, 3, 30, 3, 10, 3]",14.426235867446401
"[10, 3, 10, 3, 10, 3, 10, 3, 30, 3, 30, 3, 10, 3, 10, 3, 30, 3, 10, 3, 10, 3, 10, 3, 10, 3, 30, 3, 10, 3]",15.882038986354793
"[10, 3, 10, 3, 10, 3, 10, 3, 30, 3, 30, 3, 10, 3, 10, 3, 30, 3, 10, 3, 10, 3, 10, 3, 10, 3, 30, 3, 10, 3]",15.029333333333296
"[10, 3, 10, 3, 10, 3, 10, 3, 30, 3, 30, 3, 10, 3, 10, 3, 30, 3, 10, 3, 10, 3, 10, 3, 10, 3, 30, 3, 10, 3]",12.709054580896703
"[10, 3, 10, 3, 10, 3, 10, 3, 30, 3, 30, 3, 10, 3, 10, 3, 30, 3, 10, 3, 10, 3, 10, 3, 10, 3, 30, 3, 10, 3]",15.142124756335253
