,0,1,2,3,4,5,6,7,8,9,10,11,12,13,14,15,16,17,18,19,20,21,22,23,24,25,26,27,28,29,30,31,32,33,34,35,36,37,38,39
0,59.50568783068781,58.21375152625153,58.19555182471852,60.61309396621896,61.9232977207977,62.1870590828924,62.84841487877203,63.2631353021978,63.22818873513309,63.204426129426075,63.34423955673952,63.25721069054391,63.95534305438143,63.806310323274516,63.879302333468836,64.12304449023178,63.91403762359623,63.46189797856443,63.00657814407791,63.6049534493282,63.99535898404922,64.66926892551874,65.15582917485075,65.1254619030659,65.3000818070816,65.13281029867552,65.04876411311585,65.35566766236398,65.19786342329435,65.30898080314734,65.47983821733808,65.38733370217732,65.58515111431764,65.53984728506775,65.77142958892955,65.95963969158404,66.12578141328136,66.14290560803713,66.16041190528358,65.97450129731365
1,57.79080687830688,57.42328042328044,58.97833740333744,58.94595924908424,60.58782356532352,61.09599867724867,60.65826065468918,61.51554741554734,61.61469610636278,61.59670787545791,61.537944462944516,61.4236840320174,61.79678939294323,62.206444778766205,62.60342389092384,63.19836086945461,63.42149111781462,63.28576572604349,62.67995228455751,63.24556725681726,63.63999093939571,64.36934315684316,64.85681946877601,64.76175807217479,65.10310989010985,64.94779026173254,64.95638010823193,64.7688335804407,64.5861468990779,64.80837878171211,64.9785198970683,64.97034223010792,65.02290163540177,64.89684529794839,64.9925177335893,65.08692610116239,65.1144027269029,65.14388990639007,65.06876689312602,64.84982905982923
2,74.55639499389501,67.62916157916156,63.56555759055758,61.80276251526251,61.38199328449328,61.33258547008546,62.08974722367573,61.83021024114764,62.18884762356974,62.387981786731714,62.33387954637952,63.254585113960154,64.2239746720517,64.53496242514115,64.12934608601294,64.40202578093223,64.05604874428424,63.56845068511754,62.91702279202295,63.21592541717565,63.49931052192981,64.25355385355405,64.62745947691623,64.60654889092419,64.71754538054564,64.59983504743144,64.70034726932909,65.07771927146968,64.78594480232452,64.77088726088769,64.92824943873376,64.99659137159179,65.15875066291775,65.01021780507116,65.15572489679668,65.38267690385781,65.4578064328068,65.67466663453536,65.70447230831876,65.60481188949971
3,72.45172975172974,67.22553418803419,67.68820716320715,66.73082773707777,65.81878103378112,65.50408441866777,65.06476612012328,64.5166800213676,64.46572886989568,64.59239417989428,64.9206686831688,65.18646469271482,65.69291819291834,65.6925787836503,66.16933523266869,66.96442116910883,66.86037821111367,66.4452400737124,66.18652828652837,66.23836640211644,66.80506279434847,67.72489709364706,68.1093030560422,68.1920772707231,68.75909686609693,68.82957895025216,68.97934416406646,69.06614556078847,69.18095378440204,69.40014550264557,69.63469858994057,69.63932705026461,69.83894515977856,69.9042537527832,70.11925954997389,70.32474520078692,70.50791890791898,70.41174504102143,70.40684804274554,70.06105985449743
4,64.02891229141231,61.17540445665445,60.917158458825135,61.3157890720391,61.27046601546607,61.09080518247192,61.98180708180709,61.732299933862414,61.79193800027127,62.447191697191606,62.600268250268215,62.95456094831095,63.80359099589866,64.30004506075933,64.79497117080449,65.59670870217747,65.79976358064596,65.2173732645955,64.5291334640019,64.86162825600334,65.08943228288473,65.24436535686546,65.48365362495808,65.0676002238503,65.08429548229556,64.77514205879596,64.72991452991462,64.6262460753533,64.46778118114332,64.45700108533453,64.55370583717367,64.4704414364572,64.43308127058138,64.35361631832228,64.4956343392059,64.5450033634063,64.97106612106629,65.23216923184049,65.2379006084136,65.06872163715931
5,66.45335775335772,65.82288359788357,61.992835097001766,61.873968508343516,61.60988909238914,61.28420075295077,62.42291121576845,62.79627721815235,62.47738717044283,62.89795329670344,62.96760600510616,63.375007631257795,64.87698882314278,65.29760778242925,64.70346662596668,65.10291037087914,65.01451465201467,64.65996613982725,64.23949858620908,64.68863883801377,65.39117245188675,66.33992835867836,66.7785207747164,66.73286867453521,67.0748158323157,67.05244395917458,67.09139363722683,67.34378979155751,67.33842452247616,67.54016008682657,67.91832749090794,68.06310620802792,68.04097800347789,67.91634765017113,68.00047081225654,68.0534388708,68.05075996325999,68.10277108369216,67.98129050436751,67.61898224460735
6,67.48262108262111,67.19929792429791,66.16191493691494,64.77979497354494,64.06807081807074,63.20174755799749,63.1841487877202,63.1100414631665,63.325951363451395,63.66474765974767,63.24022412772411,63.30394620811281,64.1193485645408,64.65941515495068,64.71436100936081,65.00982333638565,65.11476783020885,64.75229474743348,63.960218655613275,64.36500559625546,65.2021391747581,66.24265456765444,66.58058276264796,66.52693833943839,66.54149857549858,66.27942241163399,66.07223333936305,66.15627289377306,65.98759718889048,65.90521638854995,66.0995079890243,66.02073015237099,66.05417499167521,65.92260109171896,65.90943005407308,65.82307028105657,65.89204369204388,66.09203109268923,66.0096337779032,65.7957314560442
7,68.39813797313802,61.97890720390724,62.19316408899742,62.3346675315425,63.306689051689034,63.73061914936912,64.63630370951795,65.08636675824174,64.70387272192826,64.6327452177452,64.84164539164539,65.57228878374723,66.00622788892036,65.76240987848139,65.75681895265242,66.04231087199848,65.70905486126081,65.09476213087329,64.2704785467944,64.31640466015473,64.78232091982099,65.4683906371407,65.61613911450878,65.52805822649579,65.67651851851855,65.73594400613632,65.694292007718,65.98363404122335,66.08441434044886,66.25180979514316,66.24899891028922,66.21591005926938,66.34250533417192,66.15919626397559,66.22546528867954,66.24455340184504,66.33308940808935,66.43242896236312,66.38393405028012,66.10836627492871
8,71.42839845339846,66.0240562678063,66.67622269705606,65.59450295075303,65.51506003256011,65.86295957129299,66.88712933891506,65.89341931216934,65.40077556188672,65.43712098087107,65.0538392163393,65.57139295889299,66.4526846373,66.77756628292342,67.27852462352463,68.0599597451161,68.36153367329841,67.92975314294758,67.09741929610347,67.4393119149369,67.68162490067252,68.57860357235349,68.88970841959963,68.73020939323013,68.7728223443223,68.37770890078566,68.09101188591912,68.01316246584092,67.56901849746664,67.66354242979233,68.08509246130205,68.2890291132478,68.56542886126209,68.5646500694294,68.91078943543219,69.03259507981727,68.9006399256399,68.83786871023705,68.6937216273754,68.36384793447284
9,65.20130748880747,61.43647232397231,61.50710215710213,62.81622659747662,63.1510744810745,62.89949633699635,62.92060148845867,63.23254540598302,62.56916123999466,62.634004884004945,62.6227860102861,63.560438288563375,65.05765121630515,65.35500828536556,66.03648860398874,65.86514073310968,65.52452716129206,65.34913258038274,64.92815050446652,65.45878510378535,66.13772094307832,66.87855963480983,67.12331448744511,67.24473400827574,67.52313715913718,67.71072954822958,67.97940954792804,67.98387460753536,68.14188946430326,68.17029778863115,68.21280131159165,68.10367492750305,67.98328523328522,67.85264789676552,67.90184734577593,67.95061897978566,67.9781843656844,67.98536217680959,68.02685576531736,67.87290928978433
10,69.3657203907204,66.79567307692305,65.77850529100525,66.684464031339,66.69975172975171,66.19877645502655,65.72101066922495,64.79860220797715,64.35164439469996,64.64552248677248,64.30028813778813,64.65578067765571,65.41512436993206,65.56769761323332,65.78521571021565,66.09802573005689,65.84264466470349,65.67803384886717,65.49732343679709,65.83675289987787,66.71228487121347,67.45855371480377,67.83920077507038,67.61477241893917,67.66700691900701,67.44504516139145,67.2982919172736,67.31032509157528,67.29958124570216,67.22500186541876,67.34334554334578,67.32578204492286,67.45531598031614,67.30280560942346,67.4633680737254,67.70112773029459,67.89276116776136,67.90822662960835,67.78459673043022,67.63615562678078
11,58.8092948717949,60.87579873829875,62.20809761226425,64.34681267806268,66.3182305657306,67.47512633970972,68.023810250596,68.83690921347174,69.4294696558586,69.72427146927154,69.8982438857439,70.17149979649977,70.99274404370563,71.09180693644986,71.4269342694343,72.39344506766388,72.40301090521686,72.10701510423736,71.71186272304696,71.9016575091576,72.22602646471718,72.77281121656151,73.20471434764931,73.35031924094444,73.39377391127407,73.25356908049226,73.15295734786488,73.01075825629407,72.57085175361047,72.57293599918602,72.73399290375097,72.52101600656286,72.46696020029344,72.08651033062785,72.11543650793635,72.08938506195432,72.03759432509416,71.99580695863574,71.87715318869148,71.50159289784274
12,62.55598290598292,59.26900183150186,57.962415208248515,58.1221802503053,58.81017501017509,58.68546584588254,60.52294537473107,60.20697242572241,60.198187717632145,60.909558913308956,61.310879398379505,62.312746320038016,63.121167934629554,63.20619076690504,63.610813322479984,63.61343832671956,63.49264556249849,63.32114338850447,63.02114768759508,63.19000763125767,63.66005896660665,64.67424334924334,64.73058519580265,64.55808404558415,65.07910195360199,65.31134357095897,65.34387407859629,65.39390426042215,65.44299538265062,65.86438135938141,66.37063311539126,66.37740909264359,66.58622226538898,66.42111419354073,66.63861910576202,66.70771929973327,66.84595708345714,66.96262370670271,66.92486159377191,66.80347502035006
13,64.21928164428165,62.798855311355396,62.68024182607521,63.40411960724465,62.83366605616611,62.97608194274865,63.4029398511542,63.374444826007455,62.9563000271335,62.84211996337014,63.244557294557474,63.98894824311505,65.39668646880196,65.54112448398166,65.79579602496268,66.31335056725688,66.87291292585417,66.9761251865419,66.32755232097344,66.31557158119666,66.47750886679466,66.86123043623051,67.02787974907544,66.9098275759735,67.12593549043554,67.16594932844946,67.09307402131488,67.20894328885412,67.14707994751106,67.32297517297529,67.79914497091929,67.9641900055964,67.97695699362382,67.89691502669457,67.9096033199606,67.82438271604954,67.86023551023561,67.81819412312838,67.58095016332202,67.25828601953613
14,64.501048026048,62.09751475376478,65.13150861484196,66.027235958486,65.51226292226305,65.02676875593556,64.71475449154029,64.88983198514453,64.54525561886682,64.55087962962965,65.10185601435606,65.283632648216,65.84979493441037,65.75777080062795,65.55270689187354,65.87836474867731,65.5549929373459,65.2805787319677,64.72662103977899,64.78727742165248,65.07556616663761,65.81078134828135,66.43520199607157,66.24015949328458,66.43405636955644,66.18790308694156,66.10771190400818,66.22029351270423,66.08563042959598,66.12976224392892,66.2956541218638,66.20098586309528,66.2203066994734,66.18760818429934,66.31171812314669,66.34427895920948,66.58995080245082,66.76694728273678,66.63174955386498,66.29854624542126
15,64.34864672364675,64.79317256817252,61.34510751594082,61.04283552096045,61.29236568986568,60.04898334689997,61.69225754404323,63.24531059218555,63.17174117035219,62.8418777981277,63.50360102860098,64.57376416022238,65.85165656992568,66.45627834467109,66.82113485280144,67.48441919770038,67.78132496588374,67.85914394247725,67.7481152132467,67.97877391127383,68.61726699226693,69.16543317793311,69.47698788731384,69.38993309930798,69.53346296296279,69.23261521242274,68.90046767361564,68.92144746787586,68.68923080431686,68.62489909781559,68.8399531621304,68.73457945411059,68.634805780639,68.44300333381206,68.57902552473969,68.48806980056976,68.54450343200338,68.51622472313252,68.33307530551112,68.04508038258028
16,73.02608872608872,69.5119251119251,65.9081484873152,64.69315603378107,63.707803215303215,63.27672551214223,64.53781760567473,63.667177960927965,62.94807353140684,63.36381155881152,64.04118797868794,65.12217134717132,66.44164709933936,67.04970819524394,67.13024284357616,67.46280779405777,67.83783487754073,67.45953652828645,67.0975529100528,67.39130214692705,67.57667984572744,67.9065647315647,67.98433291748495,67.75924823633149,67.865925111925,67.9564857862934,67.8422681228236,67.83667727774862,67.67754340168126,67.47695309320304,67.7182523271232,67.67346214260262,67.65638219804875,67.51933192080243,67.69000043607176,67.84425323904483,67.8445357445357,67.89974334875649,67.8448095707711,67.65927032458286
17,63.15128205128203,60.61922313797313,60.0581060914394,59.18734355921852,59.844592999592955,59.97569359652694,60.221930780859296,60.594467974155464,61.093769502102795,62.101448412698446,62.55433085433088,63.29673339777506,64.74588577377042,64.3078256730043,64.33131562881567,64.64661935286946,64.44153798271454,64.23497914122918,63.73194149904683,63.932167785917876,64.19200559141045,65.12340113590123,65.55271186140762,65.51854501594099,65.55118192918206,65.40885715068417,65.26458813819939,65.52703445694533,65.82803548622532,66.11476648351663,66.65336546667214,66.89147556725707,67.27226723893418,67.37145730086935,67.53682786789962,67.69548950278146,67.71282298782327,67.67847222222252,67.62786439581335,67.50233834452607
18,77.06711945461947,72.14782254782259,71.04779032695699,70.44689280626778,69.70212250712252,68.2283390991725,67.53999069713363,66.67840926434677,65.86100823045267,65.2836177248677,65.09488289488287,65.30240511803017,65.9929815910586,65.74777567009713,65.8242643467644,66.54561488858373,66.32950274126749,65.75559540767877,65.08808131439712,65.4668080993081,65.83612152838339,66.8584489584489,67.4232793173011,67.5417046109755,67.97460256410268,68.05918529476239,67.89666335036723,67.93088551659999,67.9674801411872,68.10122897164574,68.23659869103429,68.08902052808314,68.11002315585664,67.8547873422875,67.79399136577729,67.73087847080929,67.85722466972486,67.68729516097956,67.5091923390002,67.27534289784309
19,76.10425824175822,73.36868386243381,72.0126051417718,70.16818655881164,68.31656796906805,66.93167480667489,67.55170576777725,67.03484305046815,66.88515918238146,67.03487484737487,66.76265910015908,66.52977207977202,67.0824484987946,66.96072845804984,66.65855820105814,67.01880214692709,66.76706558691852,66.18177938316833,65.795364479575,66.42483058608057,66.92990701978793,67.59242840492827,68.08474544778875,68.12513439492581,68.48356817256796,68.1716132869978,68.0043362501695,68.23137100994232,68.05049594403026,68.09366029032678,68.1495050349887,68.10433042073647,68.16133927800576,67.96465351097689,67.91286673643808,67.97745302536964,68.32779826529821,68.46163592742535,68.35951506945088,68.14709401709393
20,76.65027472527476,72.02513736263737,71.31754850088184,70.73404939967439,70.07355616605616,69.33679792429791,68.58886999244145,68.72549285205538,67.60791954958623,66.9482488807489,66.91032393532394,67.30592863926196,67.79760848126234,67.73310330542475,67.48374643874642,67.77996858465609,67.42857023151143,67.12332536290872,66.39110489899961,67.20653159340657,67.8014833711262,68.66450239575231,68.8956676576241,68.76561630884547,68.82419291819292,68.4260411774834,68.09345238095226,67.94641040176747,67.81300243498508,67.90334316917638,68.17161894258653,68.22309202660736,68.35971636388282,68.25598275635015,68.38826065468896,68.40498504838759,68.48958807708779,68.4737652089623,68.36220127213697,68.1669515669513
21,72.68597883597884,70.3696911884412,69.9311168769502,68.54182437932437,67.75562067562068,67.16517517975852,66.98978647014356,67.02480794668291,66.58141534391531,66.51492114367106,66.01614820364816,66.3700676638177,67.56500892270127,67.10240857026572,67.072093677927,67.3408501221001,67.33903493021133,66.97625067833394,66.24116112931893,66.13872964997952,66.34485144485137,66.7759744884744,67.19939215373986,67.12420422941247,67.45868152218148,67.48417688081145,67.44531874161504,67.1980756512006,67.08409891513334,67.13236670736667,67.46695878792652,67.37045336029716,67.33052133052134,67.24478725250783,67.36949037734753,67.44696346606071,67.61219777469778,67.67519720776305,67.57299956690986,67.33451325295081
22,75.31237281237283,74.31099409849405,73.51491486908152,72.72600732600726,72.73238603988598,72.3337250712251,72.42194022908305,72.33995917277163,72.1962527698638,72.391779100529,71.93139915639908,71.25532788970287,71.46238181334333,70.97632602186172,70.73968389635051,70.91633979446475,70.397557099763,69.79678215303224,68.82381086262674,69.04340074277583,69.1214566738377,69.14510674510686,69.08433291748514,68.76904231956324,68.88311253561265,68.70763869321569,68.64767256063553,68.57007929240072,68.48887766129153,68.58525335775343,68.96653767379586,69.07119502314825,69.0595930304265,68.7853430474755,68.81426972498414,68.83558653280883,68.95712759462765,68.90989305528778,68.81762924871893,68.68049068986565
23,82.79324888074883,71.89152676027673,70.82455229955228,69.36873346560843,69.23398148148146,67.62801265092935,67.18861052968202,66.08194571632075,64.96062044950935,64.6658791208791,64.54130915380918,64.7209715438883,65.59774466986018,65.54872049247057,65.60060710894052,65.54693668599919,65.1630874572051,64.64083457694568,64.07968666323936,64.4013466625968,64.5482651607653,65.1049314111815,65.33619936826469,65.15051341405518,65.44623606023622,65.45709296045843,65.4517476522107,65.53460793505441,65.60234393639574,65.6674469203637,66.19738879698576,66.22734820156714,66.52741687325046,66.46843936292487,66.71114701436157,66.81665550241969,66.85704138204173,66.98641234496533,66.88705334314344,66.78600223850249
24,68.76058709808709,68.13402269027273,64.73826482159826,64.34878408628417,64.3955932030933,64.05245132953475,64.84786106750393,64.49652650590149,64.20960407904848,64.01115333740331,64.18566063566058,64.68209791751457,65.09383042171501,65.28784122623411,65.2703568036902,65.37535199175824,65.29508337523043,64.97085877085881,64.33918262536683,64.65146545584044,65.26944614027944,66.14435587560583,66.47760524499654,66.42601962081129,66.60109645909645,66.34230925769381,66.22282575106645,66.37175035612532,66.19071144372879,66.26834706959725,66.41194890832013,66.39584350834376,66.44232156732178,66.3019328030359,66.46925184603766,66.66674481639771,66.8841081466083,66.87281464880165,66.86949910251208,66.71721306471318
25,67.55591676841676,65.96182590557595,65.69976597476605,65.93021342083843,65.95527981277984,65.51483431691774,65.40402058259203,65.52514817358569,65.95213957852853,66.505723951974,66.03037425537428,66.35956790123468,66.60235825428144,66.31410329088912,66.15733041649716,66.10117298789173,65.88318459862583,66.0530688961245,65.89681093760042,66.49172669922666,67.05563138360756,68.29177697302696,68.94819924439484,68.9941854056437,69.13915120065128,69.26705468676633,69.01467782902976,68.93976939066233,68.63347385373262,68.4143435422604,68.48523901427144,68.32575310973762,68.32870786620792,68.22213558500327,68.40121140764,68.60381930312491,68.67029845779847,68.71951018036546,68.65722008286112,68.42847031440785
26,67.89790903540903,66.2364417989418,65.10184167684173,64.10626399063902,63.6913827838828,62.92964065255736,62.87940868655152,62.641570004069955,62.12307013973678,62.547783374033365,62.6062752062752,62.69084164292504,63.36270702232244,63.46734076109072,63.7736406186406,64.50384106634094,64.95039353348169,64.35189424772744,63.716774575327065,64.11874262311747,64.9219002558287,65.993166093166,66.47486507051715,66.71263587878157,67.20423585673572,67.33252931185606,67.34481319435007,67.3887215463107,67.39070126871835,67.56375152625141,67.70999563459237,67.45492534086283,67.42896609563272,67.28805872776456,67.24488313274021,67.35022229570832,67.64697252197243,67.80332575562824,67.6721575195933,67.46427414021151
27,64.36862535612535,59.39028795278795,59.38266517433181,60.725490944240896,59.84316341066334,59.482928876678834,60.29388990638987,61.175058506308446,61.07559354226012,61.41465761090759,61.90084730084725,62.69051349884682,64.12963197770898,64.34315040118628,64.44963369963389,65.49335635429402,65.52967870909066,65.3525881268939,64.75945927853851,65.17399928774952,65.89708219470148,67.04206279831304,67.55176934579137,67.5940575820787,67.83677330077349,67.66625888356671,67.42374696633976,67.536509390081,67.12398863907502,67.06777133360494,67.32738571166018,67.353521507428,67.21374335541027,67.16472443678349,67.23444081051248,67.39783583186389,67.53289443289474,67.5423107715874,67.47495643008496,67.18743691493724
28,69.99914021164021,65.72736568986574,63.725763125763116,63.39009971509982,62.557747252747326,62.183438475105206,62.8644637769638,62.71545774827026,62.026206869262495,61.969398656898726,61.60294289044295,62.49017857142865,63.77562224100679,63.59307299843012,63.40467304300634,63.71192956349212,63.62682162608639,63.086667910279125,62.40126384336919,62.95583129833136,63.47700593057746,64.11673881673887,64.617401479358,64.65360661714827,64.94690048840046,64.9627508531354,64.90168942854122,64.84894379760452,64.95936293910435,65.28651607651608,65.78908254230835,65.8840681598494,66.17952880452883,66.10170506236682,66.3103982789697,66.41157449803282,66.64031215281221,66.74287468136161,66.69624176867778,66.47943528693538
29,75.79533475783478,70.0992902930403,67.01345136345141,64.2648733211233,63.61344932844937,62.560715981549315,63.24220230827364,63.51139346764333,63.068678492289536,63.239444444444395,63.25171541421533,64.44012006511997,65.42516710497462,65.61034071748335,65.77146180979496,65.92753103378085,65.70506356388695,65.52014934653809,65.18807060385993,65.49183811558801,66.2246511425082,66.84547235172224,67.2877461910069,67.3560723612805,67.53213553113534,67.60755044456947,67.54072020229412,67.73734210564554,67.69105230656946,67.6955650522316,67.94171721349129,68.0098959923178,67.83167958584617,67.64007981397683,67.72177103319952,67.77880941075381,67.88624324874324,67.7508193560825,67.63101069158752,67.39568299755794
30,75.01297822547826,69.17815170940173,67.60896248812915,68.14944037444036,67.55938644688642,66.27256054131048,65.91635705564272,66.41760912698402,65.59399674399666,64.83124949124945,64.91499611499609,65.62685142789302,66.52459926113771,66.13973123437408,65.89685727852394,65.95874891890516,65.96761473820295,65.62122478858589,65.36955663731977,65.98885505698001,66.74953727929916,67.78466117216115,68.12468634425164,68.20084049823633,68.34065445665455,67.83496485708035,67.74217918569784,67.65709470754139,67.43132218994306,67.34898080314765,67.45355025798585,67.34373235271686,67.291934916935,67.15738930187474,67.21017660910537,67.18994256772051,67.3595845845848,67.52546617612423,67.46720059380335,67.22283501221018
31,71.44177859177857,71.22585215710214,70.82960080043416,71.88947140822138,72.12273606023602,72.64430708180699,73.04960535496237,72.5339769027268,71.74120879120876,71.28212148962145,70.40557405557398,69.49952177452164,69.76637628752992,68.89601793708916,68.51865723782377,68.6320115359176,68.48295745648673,68.00454455523881,67.14655308142139,67.47525844525835,68.02378384402184,68.82219955969944,69.19587137902349,69.1589455297787,69.31275600325601,69.28204149838764,69.52206997392175,69.624940766905,69.75881436571082,69.78829110704103,69.90112384628503,70.07453099562458,70.28872053872041,70.43511425937884,70.8228949357519,70.95935380206197,71.26895604395588,71.46600729923081,71.40712694238324,71.23660485347973
32,74.82452177452176,71.65601343101338,71.38170194003521,71.01221637159134,71.06628205128199,70.41051587301585,69.97713675213667,68.9503612128612,68.22694229638675,68.10344729344729,68.03709531209535,68.66133877696383,69.13269739519741,68.86640429676156,68.5876248134583,68.83312697140849,68.42862020876761,67.81021147062843,66.90912136109532,67.09937728937757,66.97558118689099,67.26402763902792,67.38673952858757,67.15686982770333,66.93093569393585,66.7842207116247,66.94616703598203,67.12537901912918,67.186863886433,67.30396757563446,67.57091735922398,67.66024877899898,67.70264072347423,67.55887949196794,67.65771890807628,67.91356611495523,68.19225599225615,68.24411563095785,68.1155528943992,67.90685821123333
33,63.48520553520553,62.71090506715508,61.09404422737754,62.407781339031345,62.58019129019129,62.82453449328451,64.23122783301359,64.97479777167283,64.91733652150323,65.10056878306885,64.3923322048323,64.96968186134868,65.83724719013192,65.86469416826566,66.0455501288836,66.03322522385044,65.92601181498259,65.73646921494162,65.16967846967864,65.26848773911287,65.6345335000098,66.6300396362898,67.14103161331433,66.93025624067305,66.79179629629645,66.51449136689533,66.57042068014302,66.72697213500795,66.96198247793092,67.1383602971104,67.27068776504272,66.98991624694766,66.90004285837634,66.89527909454397,66.90762820512838,66.94154046827678,67.05035337535361,67.04680718891268,67.06836354528683,66.82509119352892
34,74.93288054538051,70.89263583638588,71.03538698955366,70.40778515466017,69.14258852258855,68.80967049925388,68.43305061340779,67.89796626984128,67.04214376158822,66.92087708587711,67.08167943167948,67.24299704924711,68.13220155912468,68.6316359236002,68.68050400217066,68.78970575142456,68.47546086810803,68.08191363677483,67.63816458882259,67.61955586080596,67.51344966761646,67.81515960890977,67.8132186653927,67.42558675892033,67.47463410663431,67.3369386133811,67.16285970545245,67.17908126926001,66.76218141692293,66.75954975579987,66.8199571336669,66.7727007656696,66.9484328942663,66.86061238598009,66.9656209663353,66.8772817460318,66.97422106172111,66.95800197609417,66.95258288719836,66.72999160561669
35,70.81309015059017,68.77359839234839,67.49147334147331,67.17371158933655,67.92236060236061,68.48113129154795,67.61927728356298,67.61098137973138,67.36892891059557,67.8107748270249,67.56770313020326,67.62785536223049,68.14640430794289,68.15472738240614,68.11982872066223,68.14046887718781,67.70812624194996,67.53588217338235,66.8432952038217,66.86717490842504,67.02650250983594,67.49253177378183,67.44305887349373,67.31789763091852,67.36768233618244,67.04837180269887,66.93215906178878,66.87655386941114,66.55386492498582,66.4130530118032,66.73065812622282,66.68961385836404,66.70361043277727,66.57708363259846,66.65241947206242,66.75480656175115,66.8930202180204,67.08648865754152,67.00123809002044,66.84540216727746
36,71.05258445258445,69.34282407407406,69.05696649029974,69.18626119251114,68.7764417989417,67.99080094288419,67.4694386301528,67.84753891941389,67.26999276443716,67.02305657305655,67.05154058904056,66.92487154049662,67.70265450361619,67.70807459736046,67.42185795685813,67.32001901455048,67.33330610021802,66.70078375842277,65.99096967846984,66.38994581807101,67.04956295908694,67.38809477559494,67.6574658031181,67.37713696411627,67.1779175824177,66.79995636486035,66.54943302582205,66.66679149223798,66.64734256803227,66.80232838149513,67.25090426300112,67.49760632885642,67.71786176786178,67.843893796835,68.07782894354325,68.04911873106323,68.1542167167168,68.32921446243824,68.14866042077585,67.96834872303621
37,65.18246336996333,59.52873931623928,59.15099545516211,59.770580229955236,59.37946072446075,59.1032772011939,59.84000886679459,61.30110589641842,61.141301496857096,61.32836029711035,61.34689384689388,62.27567155067154,63.73386165116934,64.35720281702423,64.87792056708717,65.27943789428159,65.43311726399953,65.15739016641783,64.65831860634484,65.23640160765153,65.88421177587838,66.65118585118574,67.24705853727575,67.4517908017906,68.01013268213241,68.43125802260393,68.46223789927473,68.59241253125161,68.41480516609805,68.16442121150429,68.2809167684165,68.3295383725069,68.23574773991419,68.12003818621442,68.17482208267903,68.0380288178897,68.15235482735457,68.20870686331189,68.1979136011185,67.92455344424077
38,66.0801434676435,65.2584605209605,63.90346628679965,63.04894307081811,62.69073972323977,61.649325057658416,62.609469300540766,63.078388278388246,62.588356961968046,62.98445716320715,62.75908165908166,63.13763227513226,64.24340776744617,64.53922502761783,64.58237281237274,64.7420743030118,64.7199636692284,64.18606758467877,63.33807863676288,63.73955433455435,64.14052585421635,65.00055823805823,65.43115919909395,65.68126377865951,65.93694159544147,65.88678266178249,65.81470891933839,65.96341393394951,65.96862763673097,66.05329212454191,66.13842855173476,66.13380885607422,66.334000259,66.16703431372524,66.46059334845025,66.66989016641777,66.92629566379543,66.87479730308657,66.77533407950058,66.70876259157495
39,74.78365893365896,68.69198463573463,65.60503493420161,64.45931649369152,63.35570105820112,62.701451634784945,62.635675039246436,62.359422059422066,61.997084294306475,61.657238502238435,61.26591140341135,61.4491923585673,61.698555539901676,61.813487702773386,61.98977140143811,62.42676536426545,62.70333291436236,62.52960899697016,62.14484421523898,62.99641076516084,63.696381088047836,64.74220455470461,64.95200779494262,64.7595456433999,65.0714055759057,64.85796351084817,64.84453715009275,64.98340092447242,64.86931392362436,64.77347086555433,64.62697329552182,64.60389909569614,64.75798029131377,64.82996331011051,65.04032443746745,65.07948520101321,65.27632357632378,65.3167242358034,65.40813779050983,65.42437042124565
40,69.12199837199834,67.34659137159136,64.96209978293311,66.46611212861208,67.76158628408622,66.88762549179212,66.24802386766666,66.02159200752943,65.15351998824211,64.94868793243779,64.87961205461193,64.11096950888594,64.91303066591507,64.53802619338315,64.61664428164413,64.78290725478206,64.6552883119057,64.34528727445371,63.91446618683439,64.47159086284067,65.22950244200223,65.82331857956835,66.19959078763407,66.3005613213944,66.5964326414325,66.40632083372459,66.30325261158583,66.425126279144,66.3490221464358,66.59726733143386,66.97116155946789,67.15213484432219,67.25286349452998,67.21499751610033,67.27499825571245,67.34097377673756,67.55007026257015,67.57061965811954,67.53940807530539,67.36706845238078
41,67.90742775742778,68.42857397232393,64.45292870709537,63.68151709401709,64.05571225071226,63.214876712793384,63.7092483574627,63.865457112332116,64.05205082982866,64.26277574277582,63.93566156066164,64.09208850563023,64.9915711781097,64.74568288854016,64.60633360466706,64.60004387973146,64.60360973449207,64.46722346583455,64.0673765075081,64.7843060643061,65.27469378064616,65.93865231990232,66.49410889030452,66.68091337674674,67.06809177859184,66.79249592999598,66.83569638523345,66.87210321094247,66.52535963398024,66.52354226020877,66.46596705266049,66.24770871489605,66.14399720649705,65.99354814575389,66.02125574161272,66.14958664021144,66.22904044154028,66.28346681340092,66.30832276697647,66.11719500406987
42,63.93766280016278,62.57651607651606,62.308596187762774,61.08339183964183,61.82536731786733,61.79293260751595,62.90898090005234,64.33230247761497,63.87471792610677,63.82751170126168,63.812907462907404,64.28020706145703,64.87608950878179,65.12429174661317,64.90527404694076,64.94676275691909,64.79238161076398,64.49854893049339,64.41090386221966,64.73486848799347,65.59756889935463,66.75340169090171,66.88319884624228,67.0975548178673,67.28966625966616,66.92323287467511,66.82221035137697,66.66443506889935,66.49341641755433,66.49480718355707,66.79067657253134,66.85247077864258,66.85807063307055,66.71862101678266,66.7389564800278,66.80721931103865,66.82494719994709,66.85948632264419,66.86590810661319,66.67906924094417
43,60.40211640211641,59.04735449735455,59.40864536697874,60.402640415140475,61.414920634920676,61.4981227106227,61.97319611605323,62.28649966931208,62.43098290598284,62.768576007326,63.05645465645463,63.64398063356392,64.29041318368243,64.22166041630325,64.362039411206,64.72072585978826,64.64968337762444,64.33032774838318,63.79418819484594,64.42721153846136,65.29676071283194,66.3315205627703,67.00473757321559,67.24857274284335,67.41338298738285,67.45703836761513,67.6642619725952,67.86474849555195,67.82188609602397,67.64745658662324,67.56418970814134,67.47377073158317,67.57423070756396,67.5684224544518,67.5254850572707,67.58712818816977,67.83348472098464,67.86830216567049,67.68479279504909,67.53451706857946
44,73.1555352055352,70.18567104192105,72.19471408221405,72.86493309930803,72.84368233618228,72.9850376475376,72.22939996511424,72.21607270044768,72.43036562203221,72.58739163614163,72.16637159137153,71.96566570004062,71.88905951598251,71.45453151346003,71.10849172432499,70.94228607041096,70.45355018075605,69.87470238095231,69.29145781119456,69.38101012413502,69.61083226737978,69.94331802456784,69.87405836916687,69.55456370404264,69.82355229955208,69.6073522275444,69.53422289301906,69.71349151840208,69.70387474913323,69.70946428571415,70.04440358029056,70.19397877874435,70.33877465127458,70.2763809583662,70.5922198965056,70.58244683557182,70.54007730257726,70.50233221943748,70.28772241528651,70.01858185795682
45,64.85154660154664,60.301330382580446,59.74020485687153,61.7545863858364,61.89078856328854,61.369709842626456,62.36385836385833,62.66254642348392,62.24336928503592,62.335715303215274,62.2917781292781,63.1429559252476,63.88747456247462,63.811264826443484,64.05739180572519,63.85201846764353,63.91596489022965,63.59265194681868,63.22004262793742,63.538443732193784,63.70708422970334,63.98168174418178,64.2262225495922,64.1723292718085,64.72377289377297,64.63061308349783,64.54764523884909,64.78142588231894,64.79584228032529,65.02550620675639,65.56477509945269,66.02234432234448,66.22336105252789,66.21024728267386,66.33442162335035,66.43746495274297,66.56659750409773,66.61170005676604,66.63754657023907,66.38875928469702
46,65.06563899063896,64.07260632885627,63.0413461538461,63.25020604395597,63.26074074074068,63.60429046262379,64.46376388162105,64.47411986161988,63.8207344096233,63.811115181115156,64.25822048322048,64.69126178605346,65.08177420869733,65.20079728472585,65.43591982091974,65.89873511904753,65.9933177117,65.5942994505493,65.11192645074212,65.49556267806254,66.06260102331517,66.83145350020337,66.80948355187468,66.5514643535475,66.47857305657291,66.27958345073715,66.06286667721837,66.11438383045503,66.16395572817964,66.13970865554174,66.13561187916004,66.17995316315611,66.05764204930855,65.98019868203673,65.95683150183132,65.92740992289585,66.01011451011433,66.15543479425045,66.1360036212599,66.21245166870153
47,72.62807285307287,66.17290394790402,64.2545668837336,63.53964438339438,63.1690628815629,63.40708011124679,63.67057532414677,63.49405842999598,63.434205557816675,63.27798941798947,62.610819273319315,62.88628323836661,63.419030008453035,63.7579306936449,64.04148589065245,64.06520146520134,64.19760737628371,63.92419334780433,63.47758846903574,63.957504578754495,64.87194095586946,65.89015105265099,66.59241607828557,66.8485294990503,67.35162108262102,67.4691607181992,67.65288781862856,67.89365152043727,67.98750105258729,68.20323548365214,68.66293391495003,68.69495017424704,69.0606455273122,69.20277747851279,69.56661564625854,69.82307127029353,69.83415049665051,69.72100229205493,69.63687306283461,69.44788143569394
48,68.80537240537238,64.02070105820107,60.22282254782255,60.726181573056564,61.49691697191696,61.40639838556498,62.752239229024795,63.7328080484329,63.48599918599902,63.56641788766772,63.63623367373352,64.61449684574671,65.91712649885716,66.35068935693923,67.15079263329255,67.99508737789988,67.64928116545767,67.45463076018639,66.69233527194058,66.83666132478642,67.05171400469033,67.56087222962239,67.9736721611722,68.0334408068783,68.35828510378515,68.24133950095487,68.10520319872171,67.99248520989593,67.80218008364557,67.5561541853208,67.49421681961994,67.28657709478013,67.37756071089392,67.33983471593756,67.64672510029645,67.75992558110605,67.80731266981256,67.83025030525019,67.71927212151562,67.53954237891729
49,67.35458384208383,65.96596204721205,66.01547449464115,66.74793447293447,65.83642958892953,65.65545465337132,66.10486583522307,65.41087327024837,64.7343090037535,64.98574175824177,65.09026066526067,65.8812902760819,67.06845120691268,67.16385582010575,67.03789411206077,67.36623009513643,67.3262578108167,67.11380409713747,66.41364656298867,66.29874109686611,66.26342277651808,66.56697584822595,66.43341672417765,66.20307454890799,66.29390476190486,66.15138751917608,65.97350804202667,65.99542724140952,66.13515851964131,66.24268755935427,66.74993058017255,66.84797549094425,66.90113065946396,66.74731708922877,66.93876417233552,67.11616540609593,67.31245696245698,67.46847286485446,67.43008672239442,67.13977869352871
50,66.6010225885226,62.583872608872625,64.00940001356666,64.0033806471306,64.44292328042322,65.12471340388002,64.39749622071045,64.12742038054525,63.37799484466137,63.269133597883425,63.560657398157225,63.943237857820954,64.42274936601842,64.37521694575251,64.58093881427206,65.15320417429783,65.4248006895064,65.22684959073835,64.50001981449337,64.84225096662585,65.18758382270273,65.65833310208293,65.98701469625361,66.1001078975035,66.07473992673971,66.0039430121158,66.07192903118802,66.23577896970727,66.35752389373053,66.45480447022095,66.86071477805336,66.99400771392946,67.11704345037661,66.99457402619151,67.13168599918583,67.08164541220076,67.2278617903616,67.31362567744131,67.2359737484736,67.04482753357732
51,59.87997049247046,58.84869251119247,58.14738841405505,58.94901429588926,59.70347171347168,60.09397300230635,61.830591168091196,62.122521749084235,62.10543232487675,62.11404202279206,61.88116235616237,61.908398622981956,62.64408049215744,62.64758089133089,62.823053520553586,63.3244403744404,63.24616132777906,62.91710871433104,62.26392316260751,62.68335292022812,62.86772438320071,63.71341829466841,64.09630669250247,64.13874453093207,64.39218498168496,64.26378361666816,64.4492114367113,64.692382551311,64.89227120261589,65.17787172703827,65.71604713983736,65.92145782458276,66.18739948323272,66.15292366946767,66.27364992150692,66.3148844853704,66.3458190333188,66.55317567422804,66.51171404568814,66.30701363451337
52,63.4910052910053,60.628978428978485,61.80387159137164,62.780785765160836,64.4208913308914,64.61644620811295,64.70766687016696,64.1840525793652,63.466718672274354,63.2999282661784,63.204765142265245,62.67554309116815,63.41173609154381,63.37754302575727,63.52320919820918,63.84167970339843,63.95370041178862,63.79382885632881,63.20314354261722,63.645312372812405,64.06438261914458,64.74944846819845,65.3832176478916,65.72237442341611,66.16730118030125,66.22458693372162,66.22827277318024,66.19416899238323,66.03096553829305,65.81012243928907,65.78458715716773,65.74671172288346,65.69297091797078,65.54240390600673,65.73238415024116,65.99651647221079,66.24439893189879,66.3668939978149,66.3629030869414,66.29262413512397
53,77.71357855107856,72.8258572446073,70.54082214082217,72.05516254578757,73.24246743996744,72.44745963912625,71.68804290947135,71.11161413817648,70.81365147198464,70.68245268620255,70.1961251711251,69.98707434540756,70.2491460818383,69.64025779115057,69.29821801655129,69.16334102818475,68.9662001125236,68.58763199249303,68.06883314054356,68.24219398656894,68.31246874818301,68.5541063103562,68.4237767868201,68.06913983007719,68.06900325600319,67.98567436836652,67.94577341382883,67.93610366154994,67.79655961854225,67.90163190204846,67.70902933685181,67.54584319037438,67.62948625448612,67.5172521786492,67.6311542822257,67.62924156604709,67.78827013827015,68.00454434697853,68.03509282740046,67.79026951058196
54,66.33714896214899,62.67513736263739,60.656133835300544,60.074420024420036,60.53244912494914,60.47208231583229,61.42249113320533,61.87319266381759,61.302616108171605,61.45172161172156,62.113481888481864,62.4075409544159,63.06031041607961,62.930236859701076,63.31165411748735,63.54842160154653,63.14158526658519,62.75262571790346,62.15020724889141,62.72372481684974,63.08521716378854,63.888809801309755,64.1884690591212,64.25491834554337,64.29821387871387,63.90586491499946,64.05669892521745,64.14556642101275,64.1038775560327,64.32035392077057,64.798362479814,65.09961191875246,65.44947752864414,65.62462427278598,65.84409049944756,65.9765936609686,66.19568895818892,66.33298216160054,66.3592676079855,66.21493348087095
55,66.11637159137156,65.82049247049248,66.51204551621223,65.45275106837612,65.11486365486367,64.78572191697188,64.45389920925628,64.7025621947496,64.50449396282718,64.56018772893762,65.06833953083945,65.53689967439958,66.45459088632155,66.59726510262219,66.75215981549314,66.8895687067562,66.84433251933248,66.76115633337852,66.4307156780841,66.61659289784279,67.47931299300338,68.11306101306091,68.780364221125,68.8476773419481,69.05847028897018,68.87249831720986,68.803928307632,68.94365442758298,69.01135075014388,69.1616773504273,69.30961735397211,69.48557406135517,69.58823306323288,69.64914514951266,69.65777152741421,69.55756102179689,69.68541384791362,69.63838174496048,69.44581441825007,69.29219157000381
56,60.330932030932054,57.81678876678875,55.89265873015875,58.801584757834796,59.16484533984537,59.76856261022931,60.85156622478054,61.15030334249086,61.15006613756612,61.76527065527062,62.090572390572376,63.312145570478904,64.4454095050249,64.74940621547768,64.95561524894866,64.94591727716728,64.98137614019969,64.60968830552163,63.9826888267678,64.40882453194945,64.98566946721704,65.79002386502384,66.05082550299934,66.15203563797313,66.36221041921038,66.19485359725745,66.15450451468969,66.20851521164019,66.05484383113699,65.88789088997427,65.93174734465059,65.79508753688445,65.9456284456285,65.73809598625783,65.89995493924073,66.1839658797993,66.35349951599966,66.43715793222385,66.48351283094888,66.29535243691512
57,62.95101241351243,58.309348290598315,58.58908051824724,58.64481456043961,59.20632173382184,59.30789665581338,60.43918105703826,61.21539351851856,61.46792497625835,61.980317969068025,62.13841436341441,63.039678300095005,64.4566176700793,65.09169210419223,65.21313865147208,65.54699074074087,65.20784373578506,64.70046889838572,64.45595880727471,64.6161670736672,65.26191711727435,66.15632099382107,66.66458875263235,66.79704606735865,67.17455189255197,67.38962912087922,67.56603864242754,67.91995810076168,67.974476864132,68.19481227106222,68.52415744351224,68.78913134030321,69.06105129438465,69.24735404845708,69.56264957264968,69.67086993510617,69.8904851279852,70.04639510100041,69.95751724533784,69.61062474562485
58,62.73722018722016,60.98547008547006,62.19870777370778,61.82500635938134,61.43534289784283,61.362385531135494,61.79913439734862,63.1126259157508,63.71390358612564,63.863974358974204,63.86425888925881,64.27355175688503,65.41387597445285,65.99047110297106,66.8434595034595,67.68820080382577,67.7113256841198,67.78905847239184,67.3540180579655,67.79853963166472,68.2657375913329,68.91124685499685,69.06003145405325,69.28469530084116,69.3800911680911,69.24590573244411,69.24998794072863,69.32119490958773,69.32250080698347,69.3666902387735,69.58380729187178,69.70540658704722,69.75540570540566,69.45244095501441,69.4101271876271,69.55345187220179,69.74103017853015,69.86393614913352,69.81704509877588,69.54869454619451
59,73.25125661375662,71.82250457875459,72.18451363451366,71.87756155881154,70.56930402930398,70.23413800705468,70.57941886156175,70.86477920227922,70.81567912540136,70.81984839234835,70.19457995707995,70.0887137939222,70.36899361322442,70.3703547444619,70.41968016551348,70.1902272206959,69.90085559864963,69.15418023334682,68.63463627016247,68.87020197395182,69.49457453921728,70.28208573833558,70.52353170179232,70.60653235653216,70.82063207163182,70.80057860586683,70.89348252913052,70.93811413454253,70.95362932087063,71.12589268755927,71.39298515104959,71.57860322547816,72.00660681910672,71.75024360171413,71.74906811442517,71.73372874553417,71.77462187462176,71.85386650386639,71.61993349717694,71.29596471815206
60,71.84553317053316,67.40901251526252,67.07278863112197,67.68906695156691,67.03864163614152,66.53199701533023,66.09135124135118,65.2396443833943,64.3704076787409,64.17338726088715,64.02230917230905,63.92980854022513,64.5178845371152,64.3703354846211,64.37275471442126,64.71275596509963,64.61204302233705,64.01419159544147,63.4376949317737,63.63318096255577,63.920909403647336,64.34486416361398,64.29376846985518,64.2008120929994,64.38084635734609,64.17935686108736,64.09410527743839,64.10538821297727,64.0747445721581,64.1311621557452,64.39323772106003,64.42425706527241,64.7214513881178,64.66990157173956,64.76542328042305,65.01226244177612,65.25437676687662,65.51939557761912,65.48868408419673,65.36181662087898
61,69.91725681725678,68.83219881969879,67.45057997558001,65.65938008750506,64.9939489214489,63.79489553656218,63.94057067271346,64.4298032407406,64.09381302853514,64.36771621896617,64.86169293669286,65.0368292972459,65.90118538868535,66.03830709634283,66.06171957671961,66.60623346560848,66.78821584189232,66.65017523628634,66.41602189233765,66.72491198616196,67.31302885826692,68.16790269915262,68.83613123993557,68.88540225206881,69.0895917785917,68.99462348548879,68.84358371395406,69.10422662654805,69.1413310667621,69.29443325193321,69.45261366471033,69.7791777955839,70.08539639372962,70.08596058081336,70.37986598058015,70.32808006037163,70.2690846065845,70.31723405736555,70.1902527315988,69.81359152421646
62,71.33196479446477,67.30544363044362,68.64161070411079,69.83585164835172,70.0483374033375,69.56071174196187,70.3762914995059,70.45867546805061,70.19868007506918,70.54680250305267,70.81793114293127,70.87384979989154,71.36364586268444,71.13790300308172,70.73894519061201,70.67049851190482,70.23785702315112,69.72586487586487,68.97323088704668,68.7838097781848,69.00345804988663,69.56472393347393,69.96708185132088,69.74354840761079,69.72806837606826,69.32221498231092,69.20425616907082,69.30569982266398,69.25864314484984,69.32039784289763,69.5927944516652,69.60714381104982,69.54214735881376,69.29058168139024,69.21412553055387,69.27981023606003,69.3488929863927,69.39681053595501,69.31626044895252,69.10834465303196
63,64.09650997151002,61.624796499796474,60.13773232939899,60.04630392755397,61.70776251526253,61.77450735992403,62.76243676957963,63.102289377289395,63.10789863428763,63.53285307285323,64.02180134680151,64.69823463573479,65.55113138286231,65.56693884818897,65.41495760412441,65.81686666921057,65.44030590868839,65.09859584859595,64.70084613242523,64.84094576719592,64.76779875767987,65.29552646427662,65.62952146484771,65.60005193494791,65.83003276353303,65.87155008453112,65.94599481451363,66.18635803680466,66.22474158982794,66.48734907068254,66.8899446282512,67.12498903006723,67.24730732230742,67.28178583399178,67.60333057154494,67.84499361235483,67.8549864424866,67.88365250733689,67.75297527733441,67.50370090557607
64,65.38299247049248,61.73387769637776,61.29177689594362,60.65353963166466,61.10508954008953,61.6229887396554,62.354955229955095,63.05657878001614,62.922029462307094,63.55845848595832,64.1562733562732,64.42440476190457,64.99012476127841,64.60930504680488,64.4659781576447,64.45140192562056,64.31708653546877,63.951293639487986,63.58420704539114,64.17899140211632,64.50018411923169,65.53963860213858,66.20392932349448,66.07784285544696,66.10512596662589,65.67687298456515,65.62223654260677,65.78623539159246,65.77025634008383,65.70285849952501,65.80471660955514,65.68251869658107,65.76877597710913,65.81396370514,66.00848174312443,66.12515319043078,66.33066816816793,66.45619725060489,66.456201146906,66.32934498371972
65,67.92174908424909,61.16942155067155,59.55750746167417,59.41746540496548,60.566718559218685,60.75174162257496,61.701649078434855,61.97122570716321,61.741352371907944,62.457785917785934,62.43730713730714,63.53254349816849,64.80353542468919,64.77877492877482,64.71673551756875,64.91919324888066,64.51481571260972,64.13843299190515,63.79506163914057,64.62431013431012,65.43992698218885,66.01526205276204,66.34531485020614,66.17281216083302,66.41421957671965,66.47112175573717,66.29211304813164,66.35642152160015,66.40794194630404,66.53109669651333,66.84549493218853,66.75519211691083,66.84641469641467,66.82256682587561,67.0161711436711,67.14239361461576,67.47143049643046,67.52868603131755,67.49645818331717,67.19534022690274
66,62.982697395197384,61.205453805453786,61.63951804368471,60.76965048840051,61.41160052910051,61.214904694071336,61.76043738008028,62.808988985551494,63.0997665400443,63.04829670329668,62.971831409331415,63.244776828110254,64.62320685013002,64.96812351008785,65.08159306742648,65.3228419439358,65.14180791974918,64.83710402252076,64.48855204249948,65.05501373626382,65.72252311180891,66.8624632312133,67.56278799702716,67.87440645773981,68.23349267399264,68.22263724523332,68.2918978655089,68.46824561020982,68.44703503712113,68.49667735042729,68.54092733729829,68.47397423178674,68.60868606701936,68.43418279705033,68.52313608349306,68.43497645615683,68.62410844910823,68.70299560332431,68.64744659424119,68.39204517704488
67,64.98907203907203,60.67112586487584,58.742940238773535,59.031356837606786,59.67384004884,60.92740215031875,60.827203616489264,61.449322089947,61.82407181296063,61.686877289377215,61.43530543530535,61.784257139465396,62.35647639397637,62.230719445897996,62.24382309048977,62.77138755341883,62.853830592065876,62.77581400081399,62.38595072081911,62.91633216320714,63.017895662538535,63.71810458060461,63.92369162640907,63.739136904762034,63.99479039479061,63.791322281707124,63.71904931488286,63.94048563870013,63.84352553576713,63.82255850630864,64.11875549778789,64.06665665064118,64.2169036210704,64.15295239890835,64.3736034071749,64.5289549699272,64.8941569316569,65.06649623524619,64.98378051198561,64.75470098188848
68,67.45572853072852,62.22961436711447,60.452769298602654,60.08188848188851,60.355355107855154,61.08024267399274,62.13918759811614,61.71010314916562,61.412281237281235,62.4306603581603,63.17812927812921,63.922522808981135,65.29422802980493,65.91596059363903,66.60648114231431,67.25067600223835,67.5340467811055,67.42850529100527,67.06225687080949,67.36423433048438,67.61470385875155,67.96976287601298,68.3042637716552,68.16192701973965,68.36940679690693,67.98012546570257,67.62036829768329,67.57913577824311,67.26122566769142,67.12049993216685,67.28527446269409,67.21755077966043,67.13252226168916,67.07250787066987,67.2360231699519,67.30260211753283,67.37036597036612,67.37460411177531,67.39749629525288,67.26698425417187
69,72.89233821733824,69.64120879120875,67.73755087505086,66.70159366096863,66.71042938542935,66.67277421652419,66.99137885923595,66.92996286121279,67.13361201555642,66.87015567765566,66.6952663077663,66.44227504748342,66.60124565605345,66.50893583929302,66.1404120879121,66.0437506359382,65.62346506978874,65.28542797223368,64.74216095795057,64.80413461538474,65.31414617128922,65.97503561253582,66.26133518253104,66.24677770146542,66.3174306064308,66.36440018315041,66.35521657697603,66.49461051514642,66.17517157172348,66.10163970288986,66.2904456654458,66.31638796677875,66.4123973248975,66.17810173214605,66.26502049537785,66.23762944874082,66.37843709093734,66.43671143671172,66.3837181574364,66.24445067663845
70,60.576673789173796,60.66450702075697,59.48149335232669,60.18059498372003,61.05104599104603,60.81029880613216,61.80952817024244,62.34746960215714,62.42306053000504,63.033499185999304,63.35949097199107,64.47782441324124,65.59618789330344,65.68312329205207,65.66905745489102,66.35660421754197,66.4083138811082,66.51420601003954,66.3377444680078,66.77083638583657,67.46453379072442,68.27280520405536,68.61135022385042,68.69550603717288,69.17205962555977,68.9960018080212,68.889275916128,68.94493193645002,68.79465548819013,68.98389550264568,69.12537483424599,69.2523458167991,69.41755004255022,69.43936636620478,69.57625414268291,69.43878728010682,69.51147287397295,69.3830872587452,69.29225994802928,68.9736497761499
71,69.23026556776558,64.93838268213277,63.997400284900344,63.73412444037443,63.06496540496542,63.01475291683629,63.09422786208507,63.004527243589784,62.52043424682317,62.91553164428172,63.259793447293525,64.17795075295082,64.99324066247141,65.61891934124074,66.14808777642104,66.51807367979232,66.14551252124768,65.50221673902215,65.23359413490984,65.4436902218151,65.74492824195191,66.39310388685375,66.50722580559533,66.13394277404687,66.31525661375659,66.17407074762842,65.9507105548772,65.92585797139368,65.67640958977162,65.73563899063895,65.69021278900308,65.53722209503461,65.58566757316764,65.48193322200683,65.64438179545324,65.67212018948129,65.75107277607276,65.86570606537713,65.90815318347364,65.74971662596656
72,65.77993487993488,61.66242877492873,59.98733719983717,60.75869581807085,60.92802604802606,61.07907424365763,61.278298883656014,61.63641190984938,61.55864310586531,62.080533679283654,62.73387908387906,62.816163427621696,63.70143624182076,63.506916826559554,64.05892585809244,64.30765065374436,64.50317879288455,64.36838002532433,63.72303033224073,64.12685770248257,64.56851367327546,65.14333883708875,65.12652625152617,64.93972451159944,65.27698840048835,65.42490666384884,65.43149184491767,65.68522443165295,65.67929420515628,65.83410900827566,65.86219376501636,65.91439080306273,66.1175649967317,66.06253815628823,66.31585949764529,66.26563347917521,66.39210859210863,66.6115266799478,66.63569119626817,66.35483885327643
73,70.15634920634916,63.66698717948714,64.43051655134987,63.8083473239723,64.12724358974359,63.757093677926996,64.98991438455725,65.23787011599512,65.61508388730613,65.45345746845749,65.39759083509091,65.27336055148565,66.05320004070015,65.9791681202395,66.05735585402246,66.24330007376876,66.06190146998968,65.66723844571061,65.16954726559982,65.49796041921037,65.96867865379771,66.42132450882448,66.51452349984962,66.27617266992273,66.50572344322352,66.1291099214176,66.00922515413258,66.16387671521612,66.06901533970516,66.13898690815377,66.4221550999779,66.54882510429411,66.79751452251477,66.80349302114028,66.8968415314846,66.97222109166572,67.3122625372627,67.38914714671307,67.25908719722837,67.04327215608478
74,70.10396316646316,68.94328703703705,70.02131325464669,69.24199989824999,68.6769037444038,66.46438237688238,66.51572838537126,65.41038804945055,64.30334305612085,64.17498626373627,64.58409969659967,64.91199718491383,65.80113451363451,65.9538243502529,65.9652207977208,66.60701948514453,66.80572284469343,66.68795476642697,66.29358947582632,66.786616045991,67.29266842064456,67.98217500092491,68.3943426943427,68.28950172127259,68.3457590557591,68.39528760057618,68.13961941693428,67.98221153846164,67.63208321053162,67.45065866232542,67.56522312812643,67.52828144078157,67.44216693800044,67.24557865881411,67.31148802255966,67.34410570139755,67.61796178046198,67.65804762975833,67.80280817235962,67.6321231430608
75,65.06428571428569,61.187550875050945,59.267779134445846,60.00003179690679,60.14116096866094,60.992959740876394,61.7409725856155,61.70441913410667,61.58375729209069,62.16592999593003,62.48888935138943,62.79709206688381,64.15536457844162,64.22479831676264,64.4690204856872,64.76491624694745,64.9764819603054,64.62273945190607,64.29616214682004,64.78099282661776,65.43146815706335,66.30692108817104,66.66471859460995,66.84364994573325,67.15230301180297,67.1565536849191,67.0585652858801,67.04707868190009,66.85245691409484,66.63524810066485,66.6078823506244,66.68514082850028,66.66265570848911,66.4838272702244,66.5850117739404,66.64291197485653,66.59654970904984,66.72425053017174,66.64437556745263,66.356055911681
76,66.0182387057387,61.76045227920227,60.43817833401165,61.64371820309316,61.04899267399264,61.17057641432642,62.46339685446821,62.43803291615781,61.74865972504845,61.87638583638576,61.99539072039062,62.68632351444844,64.23092342130789,64.74684429327267,65.32271672771653,65.77827698921435,65.78326569944196,65.45851422240293,64.94264266435306,65.407536121286,65.63711044246745,66.30508426758414,66.73661145617669,66.99853310269982,67.46207814407816,67.57735962399428,67.73989395378288,67.96628001628004,67.86280489944293,67.94865605073954,68.39237317342165,68.7861863107958,69.16737860904541,69.29246256194796,69.57508765044487,69.81654428390543,70.13980807730812,70.28468125441812,70.20441869384182,69.90833435083437
77,80.32663308913311,74.1800061050062,73.0428232261566,73.05365664428169,72.42485449735454,70.93787986704649,71.51064088028365,71.3403490028489,71.10682008320887,70.24445004069995,70.03457144707134,70.43696793175947,71.37153149556984,70.75591822198949,70.2205447022112,69.97088420838402,69.65123596447117,68.90050281508599,68.01648057108562,67.812120217745,68.01670058336703,68.4999498186997,69.04144237405096,68.83322140822138,68.9789458689458,68.78418627312846,68.96918460483266,68.91608941653578,68.60123801804826,68.48924569257899,68.52243458453134,68.2768116287647,68.20781594948257,68.1085633184897,68.24173251351812,68.24932873196757,68.3337385462385,68.33107863140755,68.19355595733799,67.88495510276762
78,64.54264855514856,64.09334554334556,65.6442697734364,65.91655601343105,66.59904660154663,65.87535358160352,66.11752790859933,67.00517208485955,67.17326233437342,66.91165038665035,67.17599437599435,68.0242266992267,69.01609608340384,69.2488658497587,69.17768620268626,69.87162825600333,69.85904408772062,69.2264996834442,68.54101091403729,68.86444978632483,69.33606677713827,70.14709896584898,70.85585040965475,70.94094296906796,71.33750264550271,71.29549266616576,71.17875872412905,71.25388867085289,71.22517578207226,71.25598951973942,71.17705157745468,71.0702662355005,71.01939541939524,70.74781461729974,70.65279769172611,70.55643103038922,70.45644848144833,70.34501437889581,70.29006044999622,70.05188784595023
79,66.11943426943428,60.31587555962553,59.735370031203395,59.72043650793655,59.1617368742369,59.63305860805864,60.740689138903434,61.23920431420431,61.49921652421655,61.88598188848194,61.77184990934989,62.88652998236328,64.13884036191719,64.30334866852715,64.85748473748464,64.77170425061044,64.56128378701902,64.25552050829823,63.48718564573826,63.905832061457104,64.88104298699542,65.69415283790286,65.80062952345557,65.68978980124818,65.74275111925107,65.54533847562685,65.4078637754562,65.25250632304183,65.02325954696629,65.19756545923198,65.54205676342752,65.56494200244177,65.74335710585686,65.52669563551895,65.5981439327866,65.64174071812945,65.69221639221622,65.80025303643711,65.80314668712093,65.65088090150573
80,59.880214692714695,60.06871693121696,57.916020553520625,59.6559205840456,59.40728632478638,59.19384835843175,60.24910532589112,60.13407038563288,59.535591620313845,59.954454110704184,60.19610065860074,60.348125678334085,61.104999452114946,60.94688499331369,60.683506986840406,61.02933264652022,61.48735425794259,61.400745036856314,61.15340916393561,61.374550773300896,61.877968680349724,62.63637936137943,63.01098724142205,62.966900903880095,63.17513553113551,62.98823886227735,62.970454219991346,63.05059959881398,63.062834021023775,63.31699548907895,63.66140356059726,63.9404620408528,64.2857728691064,64.36680821901435,64.52518736554478,64.5477277223808,64.92088750838775,65.3528143274856,65.34873816828966,65.13390109890129
81,75.52359584859585,69.09414682539685,70.04540428707098,68.40776862026861,69.27355514855513,69.0392814746982,69.25164471771613,69.40038792226296,68.45343915343916,68.16635073260079,67.44690078440084,67.15866359720526,67.13521844964147,66.94710848014417,66.84878849545518,66.82119645400898,66.40296032943098,66.10676157690052,65.32413030439352,65.44013863451366,66.0327320386844,66.91700475450469,67.04436149599181,66.89816489451896,66.92257590557577,66.70972378760827,66.25071903405215,66.11249509419133,65.92463124359652,66.05878171211477,66.13205669778226,66.18418628535797,66.23493435576742,66.06947077976464,66.38739432525122,66.51956795776218,66.73418679668654,66.83663780176913,66.76595154607949,66.60986810643035
82,73.83860907610907,70.39535765160765,70.92133869217207,71.73113044363049,70.76122812372815,69.2982337878171,69.01103334496185,69.04762413512405,68.0377402432958,68.64932183557184,68.47179903429901,68.08284408492742,68.39721870010337,68.24600267457413,67.93361789445117,68.15522359584857,67.93038856568266,67.4385076086465,66.98094836450097,67.47848163410657,67.95381054131045,68.45013343138339,69.03077476066598,68.86377929555009,68.81273178673169,68.80204909051051,68.63091394202499,68.76255269201684,68.83512431055524,68.96829415954404,69.26898870245633,69.40865797975167,69.60944626361288,69.73002989657392,69.96059015059001,70.01617558110604,69.95619726869711,69.9877948075315,69.90495327322232,69.64274076617816
83,61.07622608872609,58.48571428571427,59.387113349613365,60.67970467032967,62.21658221408221,61.612699260615884,61.71089234839231,61.70267411986161,61.6899629177407,62.614754782254785,62.73827792577789,64.01875593542259,64.51625731818042,63.823481743124674,63.64299789716464,63.8504766356329,64.0387703799468,64.02518456337894,63.58886960992217,64.0324028286528,64.57163522103994,65.46422975172968,65.69822711507493,65.66438364875867,65.71859137159144,65.43368671926379,65.28807017742217,65.43561071864657,65.25821018062413,65.33385819427494,65.4723216747411,65.51341034544166,65.60348447848453,65.59121028753387,65.73958878423167,65.94246540496542,66.20733274483271,66.24217555105709,66.25634672782101,66.13956298331294
84,77.91109076109082,70.00141687016696,67.9206739248407,68.31458333333342,68.89768722018725,68.43231074481083,68.6703805453806,68.84041450447701,68.1945620223398,68.44676485551484,68.76345830095829,69.16176782322617,70.26062779812787,69.69123568230727,69.59112467779151,69.69083994709003,69.4297574157869,68.83666649708326,68.07341751815446,68.14316671754182,68.51717372134048,69.12072372072383,69.27829891525555,69.05531262718776,69.36232214082226,69.43758237844787,69.60153642653658,69.89102146200368,69.88572446072452,69.88456552706559,70.07903389919522,70.30641629782255,70.57410721994054,70.46442681773568,70.66896142217578,70.57500960973188,70.79033319033321,70.85855089111668,70.69543194222678,70.39290178571423
85,68.12185083435081,63.91339540089541,62.92399436982766,64.4729064916565,65.36968152218151,65.29776912901914,65.73464881679175,65.23854993386244,64.45906593406598,63.94243080993084,64.1518994893995,64.68390440577944,66.19513634513646,67.05834895924191,67.2373141364809,67.55316856176243,67.1095543345544,66.46220520734411,66.09188435833178,66.03299196174197,66.16564553171698,66.71758611758612,67.07051326290461,66.86676481311895,66.95321265771267,66.8129527879528,66.76688373355039,66.80863349613352,66.74576631861117,66.6014175485009,66.65334692189535,66.54246254324391,66.50428460428473,66.39949633699645,66.61603087388812,66.83630740401591,67.09726622226633,67.2090047501233,67.1197896120974,66.92752874440382
86,62.70368844118845,59.27596408221402,59.85881834215163,61.53824023199016,61.735891330891285,61.09091032424363,61.448409791266855,62.423789809727175,62.32638945416713,62.75020095645086,62.948452935952865,63.76833621625286,64.87091708149413,65.61251598930183,65.41599308099323,65.3895747481686,65.03522438890101,64.61092796092817,64.0790962448859,64.09769281644299,64.18384910944452,64.79995351870369,64.93733675744556,64.7845401319361,65.07930199430213,65.12950381171547,65.11718879542958,64.95315007413234,64.9317069105863,64.99512973137986,64.99118351779653,64.95253675722435,64.91482745649427,64.8815553999379,65.10723675795123,65.34563280084129,65.5260084260086,65.71684004348492,65.71621126973707,65.49115575396843
87,68.86192002442003,64.5644510582011,64.76019366436039,64.34462250712255,64.55184981684984,64.84547805589473,64.55939298796446,64.40816290191295,64.26050400217066,63.93988095238095,63.99437136937137,64.82649063899065,65.4138955417802,65.44829895633475,65.43511972595307,65.8058636675824,65.58120136943667,65.15905915072581,64.61439469399993,64.31700905575903,64.35231433029055,64.81913364413364,65.23668798994892,65.2806725681726,65.74792450142449,65.76922333364638,65.89755027208727,66.13812812518165,66.24229085091143,66.55609449192778,66.94921389840736,67.03763227513224,67.35070793404118,67.26842843975182,67.68455607884164,67.92897998349375,68.27287136037124,68.52888939763928,68.53084580424311,68.3837744200243
88,69.34253154253157,68.42837555962556,68.88694885361548,69.56025386650384,70.50552910052913,69.2662138787139,69.71070120355836,69.6305472883598,69.3768292407181,69.50147639397639,69.7816017316017,70.53367546805049,71.1185466954697,71.26641774231044,71.47597205263848,71.88101279507507,71.80062606239056,71.61101868810182,71.18596009253885,71.30623473748454,71.83140613795356,72.48631438006419,72.71099675284434,72.6139707129288,72.79482478632453,72.78282888763628,72.75821971238616,72.71498433775193,72.73184427322332,72.8796476054807,73.11734593065216,73.34811921296277,73.54945394112043,73.77015445066898,74.05882071632057,74.23923215416261,74.11671767921763,73.94936821219714,73.80045774500896,73.44564624033366
89,62.10782967032968,58.763899063899096,57.58590591507261,56.93563034188029,56.881435693935714,56.77935660018995,57.95192016977729,58.37777841371591,58.49937423687423,59.15535256410257,59.75465830465833,60.42395494166333,61.43171394132942,61.46253524914252,61.86261938678613,62.346856875763244,62.45059793148039,62.458602405824735,62.296985519353974,62.83627136752138,63.656420189158304,64.38605052355054,65.13573264497177,65.41839387464395,65.88315160765168,66.01173961366274,66.10695085093239,66.33090695679984,66.25840824245998,66.2477280898115,66.59853726023086,66.76841247583441,66.89693855527196,66.82460736431328,66.97844409558701,67.22893744629862,67.32084997085002,67.40131016644177,67.47258565271389,67.2488447547823
90,63.15508241758243,62.18914326414326,60.866108736942046,62.33586945461948,63.22372405372412,63.50581247456252,63.477489970347115,63.74873957061455,64.13425360647577,64.65548127798124,64.45520035520032,64.5306085504003,65.19558913308921,65.02912269608707,64.95468321801663,65.31483611874242,65.42696766740895,65.12051310315212,64.73564466722371,65.14526658526667,65.78726645929035,66.50742336367338,67.10545579621669,66.96184646757571,66.87115282865291,66.65976096553032,66.4859292799109,66.65093155852098,66.90144292170164,66.81143230226576,67.10558690115161,66.95109397257849,66.80884069634085,66.70028175800243,66.77790918076644,66.73884380794121,66.85990207240229,66.96359086819632,66.98587734677491,66.86225211131472
91,63.725386650386696,62.50804588929589,60.600875050875025,60.3944787851037,60.3422527472527,59.45651963776961,60.34615457294023,61.11040839947085,61.62818308234967,61.91551078551075,62.277028064528025,62.7707722832722,63.40045435333889,63.59722149543568,63.48868301451623,64.01716365231982,63.81921969642548,63.689307760141,63.49973143328399,63.92110297110294,64.52942152644532,65.4176855551855,65.94477911380073,65.92692986026299,66.1665002035,66.32016960959244,66.53922014199767,66.73523533344941,66.64995035296742,66.88375271333588,67.21942097627556,67.4065660612533,67.4952618369283,67.438735964471,67.4868637711493,67.54057497286644,67.46384681384662,67.56863968146843,67.57017848011418,67.43279329466813
92,72.03746438746435,66.77918956043953,65.16052435219096,64.26410637973129,64.28307488807482,63.56729751729747,63.63979155764871,64.3759907916158,64.42120980870988,64.85381155881156,64.94766946016948,65.4404842456925,66.17084663911578,66.43357862375714,66.43582451499118,66.86305739977604,66.46692583016097,65.90818212137644,65.4931562346035,65.81097171347162,66.37349191813468,67.21725542975533,67.72142458990285,67.55878272961606,67.67330891330889,67.45251577126571,67.0393348935015,66.88131940810511,66.66922287482635,66.8004934879935,67.0712475547153,67.07100805733617,67.31915692332358,67.28322589719653,67.42730638409215,67.33489180572515,67.36524684024687,67.45923074245444,67.34032500026088,67.07238642144888
93,63.42311762311763,58.80655779405776,60.51903405236736,61.089089845339814,61.793219373219344,60.984817188983854,60.748342200127915,60.74755291005292,61.025564713064696,61.168911782661795,61.49440281940278,62.359051095509415,63.07805172035941,63.19479875283445,63.37670974087643,63.73811749592999,63.88267435179197,63.660301632523804,63.18152646573697,63.426926129426164,64.10259995736193,64.87252423502427,65.41438768558339,65.61327054504136,65.92967785917784,66.3814090823706,66.68056328102624,66.84680195796271,66.99268715001477,67.14748626373625,67.46240891724766,67.8875392691799,68.24285452202116,68.52574771361535,68.84864963079244,69.00294453488894,69.34580033330035,69.62539066683807,69.74701350406481,69.77602347883604
94,65.23983516483518,61.3075524013024,62.89403913987248,62.08802401302409,62.43369251119257,61.78212844254514,62.188009477295104,62.55500801282046,62.2785086826753,62.73851241351234,63.08507464757457,63.7606341575091,64.31222723145787,64.2401084365369,64.20088251254907,64.37531828703695,64.3931983049629,64.0199588477365,63.38955454876492,63.671347425722246,64.28123074015915,64.98850616975601,65.47108129390732,65.52200748711164,66.10523036223042,66.14183768510702,66.23166067471635,66.31671463457188,66.11482358637538,66.25030694614034,66.57923756351182,66.69483284366105,67.06015728099068,67.27811475017364,67.53033679283686,67.54291720368118,67.77846981596993,68.07714304457745,68.13631578535448,68.0522760225887
95,72.4317053317053,69.50602360602363,69.36380918464259,70.21184752747263,70.7789936914938,71.16974291140964,71.65636374207806,71.2498359279609,71.41600868267531,71.22190781440777,71.20891515891512,71.67173678944509,72.5879782254782,72.86654783708352,72.95571733821724,73.61853028337396,73.35106837606827,73.12687078867627,72.64297094231293,72.67364646927136,73.21780941721404,73.73371697746684,73.84409407018089,73.74500852157081,73.84163532763513,73.54778086941522,73.10803863489024,72.80870617477734,72.44059443111153,72.19360042735028,72.14002996704595,71.79169830458876,71.58362224195545,71.34726531638282,71.18660096517226,71.02578291050507,71.14530478280471,71.07810217316795,70.96150780605906,70.71306700244199
96,54.812393162393185,53.39324379324382,56.855089200922556,58.90448845136346,60.508030118030106,60.784890109890114,62.2855493051921,62.65030143467639,62.620149346538206,63.27509208384202,63.413874088874,63.40985407339564,63.973271030963126,63.92634128437679,63.92628781712098,64.11457919973525,64.08582680935606,64.0530807669695,63.96596218109361,64.78486518111507,65.47507001376043,66.33506817256814,66.5949832775919,66.49656360229277,66.51939438339444,66.13408060956151,66.0228184024482,66.08300246380617,65.91509129440182,65.91696208112897,66.01332877099028,66.01310350529116,66.30239112739125,66.31429005362844,66.40490333740351,66.66426720142019,66.71226459976484,66.74232094659747,66.74179228890787,66.58068121693145
97,64.63485449735447,62.20705382580385,61.00957298873964,59.93042328042331,60.59259564509565,61.13953330619998,62.56285539856964,62.8212555962555,62.540561547505874,62.784890109890036,63.00757899507896,63.845109635734644,64.9569283992361,65.27226510262223,65.37791140957806,65.7134904736467,65.47669024874904,65.18388137068689,64.70908387421541,64.92268162393154,65.26021280306983,65.83409183409177,65.93620158022325,65.9086750440917,66.27552869352864,66.46376913684601,66.63944549963067,66.84370493924058,66.951308015101,67.11919430877757,67.29853643966544,67.60127219424092,67.82850575350571,67.92642839186958,68.24643874643871,68.44222007416452,68.71598315348318,69.08108827089085,69.30195921125402,69.31156567969064
98,77.60727004477003,72.7921754171754,71.54245522995521,69.82965506715506,68.91433455433456,67.25872337539008,67.21825469504043,66.39507084350838,66.32812768507215,66.53118080993083,66.71871693121693,66.6248571258988,67.20845425941582,67.01478138263852,66.66953364536687,66.67067530270646,66.31838744044619,65.7932115723782,65.11909287106651,65.53421169108664,65.58989766846899,66.00552965552956,66.30942891649397,66.55831446716847,66.77426190476172,66.98782755705821,67.0637183632553,67.14564436885846,67.04100423841787,67.01491876950195,67.21252478107301,67.0604333600426,66.92036019536,66.93523635950093,67.0026141054711,67.12083813819912,67.10560986810967,66.97515798042087,66.81188545547491,66.53522702991425
99,69.4241707366707,63.031929181929165,60.689813118979764,59.77014270451771,59.65045787545783,59.274294532627856,60.70096807953951,61.75741185897436,62.17074967213852,63.02941391941389,63.794080919080905,64.61514168701667,65.80788563288564,66.26715942787376,66.87581196581205,67.21367108007738,67.10549450549453,66.50652161624383,65.95361962598801,66.35394230769222,67.03655178595643,67.51454725829711,67.87670851692582,67.69319842965668,67.80409768009761,67.7196880576687,67.45062972007392,67.34750476045095,67.24393429048575,67.03366995658635,67.06285743826035,66.96111142907992,67.10311293644601,66.90947278484019,66.81394674108935,66.84896172500318,67.05576785576764,67.34472773814858,67.29806818300392,67.01547237484715
