"[35, 15, 52, 48, 15, 25, 12, 64, 41, 23, 44, 20, 21, 28, 52]",34.80534552845521
"[35, 15, 52, 48, 15, 25, 12, 64, 41, 23, 44, 20, 21, 28, 52]",34.727945121951215
"[35, 15, 52, 48, 15, 25, 12, 63, 40, 25, 45, 20, 21, 28, 51]",35.50991598915995
"[35, 14, 53, 48, 15, 25, 12, 64, 40, 24, 43, 21, 21, 27, 53]",33.78060365853656
"[37, 18, 46, 48, 16, 25, 12, 64, 41, 23, 44, 20, 21, 28, 52]",37.18064566395663
"[36, 15, 51, 48, 15, 25, 12, 63, 42, 23, 44, 20, 21, 28, 52]",36.41915887533864
"[34, 16, 52, 48, 15, 25, 12, 64, 41, 23, 44, 20, 21, 28, 52]",32.93517852303513
"[36, 13, 54, 47, 15, 26, 12, 63, 42, 22, 43, 20, 21, 30, 51]",32.51107994579944
"[33, 16, 52, 48, 16, 25, 12, 64, 41, 23, 44, 20, 21, 28, 52]",34.55907215447149
"[34, 13, 55, 48, 15, 25, 12, 64, 41, 23, 44, 20, 21, 28, 52]",36.44636551490521
"[36, 15, 51, 48, 15, 25, 12, 64, 41, 23, 44, 20, 21, 28, 52]",33.66591632791329
"[35, 16, 51, 48, 15, 25, 12, 64, 41, 23, 43, 20, 21, 28, 53]",34.92708502710019
"[37, 13, 53, 47, 15, 25, 12, 64, 41, 23, 44, 20, 21, 27, 53]",34.555070460704485
"[35, 14, 54, 47, 15, 25, 12, 61, 42, 25, 44, 20, 21, 28, 52]",35.26332079945805
"[36, 15, 51, 47, 16, 25, 12, 66, 40, 22, 44, 20, 21, 28, 52]",35.43623136856366
"[34, 16, 52, 48, 15, 25, 12, 64, 41, 23, 44, 20, 21, 28, 52]",34.35942479674816
"[35, 15, 52, 48, 15, 25, 12, 64, 41, 23, 45, 21, 21, 29, 49]",38.46369376693775
"[35, 18, 49, 48, 15, 25, 13, 61, 41, 25, 42, 21, 21, 28, 53]",35.21389261517606
"[35, 16, 52, 47, 15, 25, 12, 64, 41, 23, 44, 20, 21, 28, 52]",36.22712228997301
"[35, 14, 54, 47, 15, 25, 12, 64, 41, 23, 44, 20, 21, 28, 52]",37.474529132791254
"[35, 15, 52, 48, 15, 25, 12, 64, 41, 23, 44, 20, 21, 28, 52]",33.77433638211389
"[35, 15, 52, 48, 15, 25, 12, 64, 41, 23, 44, 20, 21, 28, 52]",35.07621239837391
"[35, 15, 52, 48, 15, 25, 12, 63, 40, 25, 45, 20, 21, 28, 51]",33.78001490514912
"[35, 14, 53, 48, 15, 25, 12, 64, 40, 24, 43, 21, 21, 27, 53]",33.4301483739837
"[37, 18, 46, 48, 16, 25, 12, 64, 41, 23, 44, 20, 21, 28, 52]",34.92410162601608
"[36, 15, 51, 48, 15, 25, 12, 63, 42, 23, 44, 20, 21, 28, 52]",35.63148983739836
"[34, 16, 52, 48, 15, 25, 12, 64, 41, 23, 44, 20, 21, 28, 52]",31.627873644986458
"[36, 13, 54, 47, 15, 26, 12, 63, 42, 22, 43, 20, 21, 30, 51]",33.71063617886168
"[33, 16, 52, 48, 16, 25, 12, 64, 41, 23, 44, 20, 21, 28, 52]",33.574682249322535
"[34, 13, 55, 48, 15, 25, 12, 64, 41, 23, 44, 20, 21, 28, 52]",32.51637601626014
"[36, 15, 51, 48, 15, 25, 12, 64, 41, 23, 44, 20, 21, 28, 52]",34.36806334688342
"[35, 16, 51, 48, 15, 25, 12, 64, 41, 23, 43, 20, 21, 28, 53]",36.31104945799464
"[37, 13, 53, 47, 15, 25, 12, 64, 41, 23, 44, 20, 21, 27, 53]",34.42756131436317
"[35, 14, 54, 47, 15, 25, 12, 61, 42, 25, 44, 20, 21, 28, 52]",35.08917479674794
"[36, 15, 51, 47, 16, 25, 12, 66, 40, 22, 44, 20, 21, 28, 52]",33.964337398373964
"[34, 16, 52, 48, 15, 25, 12, 64, 41, 23, 44, 20, 21, 28, 52]",34.9865965447155
"[35, 15, 52, 48, 15, 25, 12, 64, 41, 23, 45, 21, 21, 29, 49]",34.72754878048781
"[35, 18, 49, 48, 15, 25, 13, 61, 41, 25, 42, 21, 21, 28, 53]",33.59308841463416
"[35, 16, 52, 47, 15, 25, 12, 64, 41, 23, 44, 20, 21, 28, 52]",32.69947188346887
"[35, 14, 54, 47, 15, 25, 12, 64, 41, 23, 44, 20, 21, 28, 52]",35.21691802168022
"[35, 15, 52, 48, 15, 25, 12, 64, 41, 23, 44, 20, 21, 28, 52]",34.952573848238536
"[35, 15, 52, 48, 15, 25, 12, 64, 41, 23, 44, 20, 21, 28, 52]",36.86545663956644
"[35, 15, 52, 48, 15, 25, 12, 63, 40, 25, 45, 20, 21, 28, 51]",33.36040921409214
"[35, 14, 53, 48, 15, 25, 12, 64, 40, 24, 43, 21, 21, 27, 53]",35.38204369918701
"[37, 18, 46, 48, 16, 25, 12, 64, 41, 23, 44, 20, 21, 28, 52]",32.89362906504071
"[36, 15, 51, 48, 15, 25, 12, 63, 42, 23, 44, 20, 21, 28, 52]",34.425154810298196
"[34, 16, 52, 48, 15, 25, 12, 64, 41, 23, 44, 20, 21, 28, 52]",34.06355216802175
"[36, 13, 54, 47, 15, 26, 12, 63, 42, 22, 43, 20, 21, 30, 51]",31.936033197831943
"[33, 16, 52, 48, 16, 25, 12, 64, 41, 23, 44, 20, 21, 28, 52]",32.60349254742539
"[34, 13, 55, 48, 15, 25, 12, 64, 41, 23, 44, 20, 21, 28, 52]",30.250804200542
"[36, 15, 51, 48, 15, 25, 12, 64, 41, 23, 44, 20, 21, 28, 52]",34.52436924119266
"[35, 16, 51, 48, 15, 25, 12, 64, 41, 23, 43, 20, 21, 28, 53]",34.99732249322487
"[37, 13, 53, 47, 15, 25, 12, 64, 41, 23, 44, 20, 21, 27, 53]",32.561955623306375
"[35, 14, 54, 47, 15, 25, 12, 61, 42, 25, 44, 20, 21, 28, 52]",32.942128726287265
"[36, 15, 51, 47, 16, 25, 12, 66, 40, 22, 44, 20, 21, 28, 52]",34.556871612466175
"[34, 16, 52, 48, 15, 25, 12, 64, 41, 23, 44, 20, 21, 28, 52]",34.33876998644969
"[35, 15, 52, 48, 15, 25, 12, 64, 41, 23, 45, 21, 21, 29, 49]",35.387627371273766
"[35, 18, 49, 48, 15, 25, 13, 61, 41, 25, 42, 21, 21, 28, 53]",30.96667344173434
"[35, 16, 52, 47, 15, 25, 12, 64, 41, 23, 44, 20, 21, 28, 52]",31.21299661246615
"[35, 14, 54, 47, 15, 25, 12, 64, 41, 23, 44, 20, 21, 28, 52]",35.85704336043356
"[35, 15, 52, 48, 15, 25, 12, 64, 41, 23, 44, 20, 21, 28, 52]",32.64547052845528
"[35, 15, 52, 48, 15, 25, 12, 64, 41, 23, 44, 20, 21, 28, 52]",34.752157520325156
"[35, 15, 52, 48, 15, 25, 12, 63, 40, 25, 45, 20, 21, 28, 51]",33.23016971544709
"[35, 14, 53, 48, 15, 25, 12, 64, 40, 24, 43, 21, 21, 27, 53]",31.188918021680244
"[37, 18, 46, 48, 16, 25, 12, 64, 41, 23, 44, 20, 21, 28, 52]",32.86982046070449
"[36, 15, 51, 48, 15, 25, 12, 63, 42, 23, 44, 20, 21, 28, 52]",34.005906165311686
"[34, 16, 52, 48, 15, 25, 12, 64, 41, 23, 44, 20, 21, 28, 52]",33.76059146341469
"[36, 13, 54, 47, 15, 26, 12, 63, 42, 22, 43, 20, 21, 30, 51]",31.32703861788618
"[33, 16, 52, 48, 16, 25, 12, 64, 41, 23, 44, 20, 21, 28, 52]",31.71505352303539
"[34, 13, 55, 48, 15, 25, 12, 64, 41, 23, 44, 20, 21, 28, 52]",33.126184959349466
"[36, 15, 51, 48, 15, 25, 12, 64, 41, 23, 44, 20, 21, 28, 52]",32.056583672086674
"[35, 16, 51, 48, 15, 25, 12, 64, 41, 23, 43, 20, 21, 28, 53]",33.46232249322494
"[37, 13, 53, 47, 15, 25, 12, 64, 41, 23, 44, 20, 21, 27, 53]",32.8849901761517
"[35, 14, 54, 47, 15, 25, 12, 61, 42, 25, 44, 20, 21, 28, 52]",35.12976558265568
"[36, 15, 51, 47, 16, 25, 12, 66, 40, 22, 44, 20, 21, 28, 52]",34.32597493224931
"[34, 16, 52, 48, 15, 25, 12, 64, 41, 23, 44, 20, 21, 28, 52]",29.83247289972909
"[35, 15, 52, 48, 15, 25, 12, 64, 41, 23, 45, 21, 21, 29, 49]",35.524223915989275
"[35, 18, 49, 48, 15, 25, 13, 61, 41, 25, 42, 21, 21, 28, 53]",30.50643394308941
"[35, 16, 52, 47, 15, 25, 12, 64, 41, 23, 44, 20, 21, 28, 52]",31.4421182249323
"[35, 14, 54, 47, 15, 25, 12, 64, 41, 23, 44, 20, 21, 28, 52]",33.22044275067746
"[35, 15, 52, 48, 15, 25, 12, 64, 41, 23, 44, 20, 21, 28, 52]",31.885110094851008
"[35, 15, 52, 48, 15, 25, 12, 64, 41, 23, 44, 20, 21, 28, 52]",34.63445697831982
"[35, 15, 52, 48, 15, 25, 12, 63, 40, 25, 45, 20, 21, 28, 51]",33.76304369918691
"[35, 14, 53, 48, 15, 25, 12, 64, 40, 24, 43, 21, 21, 27, 53]",32.122202574525815
"[37, 18, 46, 48, 16, 25, 12, 64, 41, 23, 44, 20, 21, 28, 52]",30.26134214092132
"[36, 15, 51, 48, 15, 25, 12, 63, 42, 23, 44, 20, 21, 28, 52]",35.54009349593493
"[34, 16, 52, 48, 15, 25, 12, 64, 41, 23, 44, 20, 21, 28, 52]",36.216775745257486
"[36, 13, 54, 47, 15, 26, 12, 63, 42, 22, 43, 20, 21, 30, 51]",30.953530826558303
"[33, 16, 52, 48, 16, 25, 12, 64, 41, 23, 44, 20, 21, 28, 52]",30.96224661246621
"[34, 13, 55, 48, 15, 25, 12, 64, 41, 23, 44, 20, 21, 28, 52]",30.026353319783233
"[36, 15, 51, 48, 15, 25, 12, 64, 41, 23, 44, 20, 21, 28, 52]",32.63187296747963
"[35, 16, 51, 48, 15, 25, 12, 64, 41, 23, 43, 20, 21, 28, 53]",32.451425813008214
"[37, 13, 53, 47, 15, 25, 12, 64, 41, 23, 44, 20, 21, 27, 53]",30.398046747967555
"[35, 14, 54, 47, 15, 25, 12, 61, 42, 25, 44, 20, 21, 28, 52]",34.20878489159902
"[36, 15, 51, 47, 16, 25, 12, 66, 40, 22, 44, 20, 21, 28, 52]",34.64668902439035
"[34, 16, 52, 48, 15, 25, 12, 64, 41, 23, 44, 20, 21, 28, 52]",31.75244444444447
"[35, 15, 52, 48, 15, 25, 12, 64, 41, 23, 45, 21, 21, 29, 49]",32.33561111111114
"[35, 18, 49, 48, 15, 25, 13, 61, 41, 25, 42, 21, 21, 28, 53]",33.83408773712739
"[35, 16, 52, 47, 15, 25, 12, 64, 41, 23, 44, 20, 21, 28, 52]",29.616517276422762
"[35, 14, 54, 47, 15, 25, 12, 64, 41, 23, 44, 20, 21, 28, 52]",33.69631707317065
"[35, 15, 52, 48, 15, 25, 12, 64, 41, 23, 44, 20, 21, 28, 52]",31.840258807588004
"[35, 15, 52, 48, 15, 25, 12, 64, 41, 23, 44, 20, 21, 28, 52]",31.668168360433683
"[35, 15, 52, 48, 15, 25, 12, 63, 40, 25, 45, 20, 21, 28, 51]",31.63852981029816
"[35, 14, 53, 48, 15, 25, 12, 64, 40, 24, 43, 21, 21, 27, 53]",30.805325203252043
"[37, 18, 46, 48, 16, 25, 12, 64, 41, 23, 44, 20, 21, 28, 52]",32.39014397018973
"[36, 15, 51, 48, 15, 25, 12, 63, 42, 23, 44, 20, 21, 28, 52]",31.101751016260096
"[34, 16, 52, 48, 15, 25, 12, 64, 41, 23, 44, 20, 21, 28, 52]",29.666554878048775
"[36, 13, 54, 47, 15, 26, 12, 63, 42, 22, 43, 20, 21, 30, 51]",31.744787940379446
"[33, 16, 52, 48, 16, 25, 12, 64, 41, 23, 44, 20, 21, 28, 52]",30.970090108401156
"[34, 13, 55, 48, 15, 25, 12, 64, 41, 23, 44, 20, 21, 28, 52]",31.77699695121949
"[36, 15, 51, 48, 15, 25, 12, 64, 41, 23, 44, 20, 21, 28, 52]",33.340027777777706
"[35, 16, 51, 48, 15, 25, 12, 64, 41, 23, 43, 20, 21, 28, 53]",31.007393631436248
"[37, 13, 53, 47, 15, 25, 12, 64, 41, 23, 44, 20, 21, 27, 53]",31.22015006775067
"[35, 14, 54, 47, 15, 25, 12, 61, 42, 25, 44, 20, 21, 28, 52]",33.46826084010836
"[36, 15, 51, 47, 16, 25, 12, 66, 40, 22, 44, 20, 21, 28, 52]",33.966954945799316
"[34, 16, 52, 48, 15, 25, 12, 64, 41, 23, 44, 20, 21, 28, 52]",35.34286551490513
"[35, 15, 52, 48, 15, 25, 12, 64, 41, 23, 45, 21, 21, 29, 49]",32.008440379403694
"[35, 18, 49, 48, 15, 25, 13, 61, 41, 25, 42, 21, 21, 28, 53]",29.9664427506775
"[35, 16, 52, 47, 15, 25, 12, 64, 41, 23, 44, 20, 21, 28, 52]",29.83814803523035
"[35, 14, 54, 47, 15, 25, 12, 64, 41, 23, 44, 20, 21, 28, 52]",32.40270663956643
"[35, 15, 52, 48, 15, 25, 12, 64, 41, 23, 44, 20, 21, 28, 52]",32.739759146341406
"[35, 15, 52, 48, 15, 25, 12, 64, 41, 23, 44, 20, 21, 28, 52]",30.213439363143678
"[35, 15, 52, 48, 15, 25, 12, 63, 40, 25, 45, 20, 21, 28, 51]",31.22156910569098
"[35, 14, 53, 48, 15, 25, 12, 64, 40, 24, 43, 21, 21, 27, 53]",31.12488821138213
"[37, 18, 46, 48, 16, 25, 12, 64, 41, 23, 44, 20, 21, 28, 52]",30.306816734417254
"[36, 15, 51, 48, 15, 25, 12, 63, 42, 23, 44, 20, 21, 28, 52]",31.62089871273712
"[34, 16, 52, 48, 15, 25, 12, 64, 41, 23, 44, 20, 21, 28, 52]",31.411815718157264
"[36, 13, 54, 47, 15, 26, 12, 63, 42, 22, 43, 20, 21, 30, 51]",30.81340311653117
"[33, 16, 52, 48, 16, 25, 12, 64, 41, 23, 44, 20, 21, 28, 52]",31.188224932249295
"[34, 13, 55, 48, 15, 25, 12, 64, 41, 23, 44, 20, 21, 28, 52]",30.92885738482395
"[36, 15, 51, 48, 15, 25, 12, 64, 41, 23, 44, 20, 21, 28, 52]",31.890190718157193
"[35, 16, 51, 48, 15, 25, 12, 64, 41, 23, 43, 20, 21, 28, 53]",31.403140582655848
"[37, 13, 53, 47, 15, 25, 12, 64, 41, 23, 44, 20, 21, 27, 53]",30.935922086720854
"[35, 14, 54, 47, 15, 25, 12, 61, 42, 25, 44, 20, 21, 28, 52]",31.439423102980932
"[36, 15, 51, 47, 16, 25, 12, 66, 40, 22, 44, 20, 21, 28, 52]",34.46711856368565
"[34, 16, 52, 48, 15, 25, 12, 64, 41, 23, 44, 20, 21, 28, 52]",32.18055555555547
"[35, 15, 52, 48, 15, 25, 12, 64, 41, 23, 45, 21, 21, 29, 49]",31.26893191056901
"[35, 18, 49, 48, 15, 25, 13, 61, 41, 25, 42, 21, 21, 28, 53]",30.80923678861792
"[35, 16, 52, 47, 15, 25, 12, 64, 41, 23, 44, 20, 21, 28, 52]",31.548764227642366
"[35, 14, 54, 47, 15, 25, 12, 64, 41, 23, 44, 20, 21, 28, 52]",32.237592479674795
"[35, 15, 52, 48, 15, 25, 12, 64, 41, 23, 44, 20, 21, 28, 52]",32.343326219512136
"[35, 15, 52, 48, 15, 25, 12, 64, 41, 23, 44, 20, 21, 28, 52]",31.04500304878052
"[35, 15, 52, 48, 15, 25, 12, 63, 40, 25, 45, 20, 21, 28, 51]",30.294245257452562
"[35, 14, 53, 48, 15, 25, 12, 64, 40, 24, 43, 21, 21, 27, 53]",29.83674661246626
"[37, 18, 46, 48, 16, 25, 12, 64, 41, 23, 44, 20, 21, 28, 52]",32.84232249322501
"[36, 15, 51, 48, 15, 25, 12, 63, 42, 23, 44, 20, 21, 28, 52]",29.904465785907963
"[34, 16, 52, 48, 15, 25, 12, 64, 41, 23, 44, 20, 21, 28, 52]",31.476260162601562
"[36, 13, 54, 47, 15, 26, 12, 63, 42, 22, 43, 20, 21, 30, 51]",30.58627303523035
"[33, 16, 52, 48, 16, 25, 12, 64, 41, 23, 44, 20, 21, 28, 52]",33.103693428184336
"[34, 13, 55, 48, 15, 25, 12, 64, 41, 23, 44, 20, 21, 28, 52]",31.296026761517574
"[36, 15, 51, 48, 15, 25, 12, 64, 41, 23, 44, 20, 21, 28, 52]",30.218482384823737
"[35, 16, 51, 48, 15, 25, 12, 64, 41, 23, 43, 20, 21, 28, 53]",33.015269647696485
"[37, 13, 53, 47, 15, 25, 12, 64, 41, 23, 44, 20, 21, 27, 53]",33.151379065040615
"[35, 14, 54, 47, 15, 25, 12, 61, 42, 25, 44, 20, 21, 28, 52]",34.056777100271
"[36, 15, 51, 47, 16, 25, 12, 66, 40, 22, 44, 20, 21, 28, 52]",32.41372154471544
"[34, 16, 52, 48, 15, 25, 12, 64, 41, 23, 44, 20, 21, 28, 52]",31.21244783197833
"[35, 15, 52, 48, 15, 25, 12, 64, 41, 23, 45, 21, 21, 29, 49]",31.04643936314358
"[35, 18, 49, 48, 15, 25, 13, 61, 41, 25, 42, 21, 21, 28, 53]",31.220585027100178
"[35, 16, 52, 47, 15, 25, 12, 64, 41, 23, 44, 20, 21, 28, 52]",29.578577235772325
"[35, 14, 54, 47, 15, 25, 12, 64, 41, 23, 44, 20, 21, 28, 52]",30.725209010840203
"[35, 15, 52, 48, 15, 25, 12, 64, 41, 23, 44, 20, 21, 28, 52]",31.803330284552775
"[35, 15, 52, 48, 15, 25, 12, 64, 41, 23, 44, 20, 21, 28, 52]",31.641265243902417
"[35, 15, 52, 48, 15, 25, 12, 63, 40, 25, 45, 20, 21, 28, 51]",31.598691734417287
"[35, 14, 53, 48, 15, 25, 12, 64, 40, 24, 43, 21, 21, 27, 53]",32.72772662601627
"[37, 18, 46, 48, 16, 25, 12, 64, 41, 23, 44, 20, 21, 28, 52]",33.086599932249285
"[36, 15, 51, 48, 15, 25, 12, 63, 42, 23, 44, 20, 21, 28, 52]",31.710654132791408
"[34, 16, 52, 48, 15, 25, 12, 64, 41, 23, 44, 20, 21, 28, 52]",33.19572967479673
"[36, 13, 54, 47, 15, 26, 12, 63, 42, 22, 43, 20, 21, 30, 51]",30.77265040650406
"[33, 16, 52, 48, 16, 25, 12, 64, 41, 23, 44, 20, 21, 28, 52]",30.981323848238397
"[34, 13, 55, 48, 15, 25, 12, 64, 41, 23, 44, 20, 21, 28, 52]",33.27140684281842
"[36, 15, 51, 48, 15, 25, 12, 64, 41, 23, 44, 20, 21, 28, 52]",31.822571476964697
"[35, 16, 51, 48, 15, 25, 12, 64, 41, 23, 43, 20, 21, 28, 53]",31.535294376693802
"[37, 13, 53, 47, 15, 25, 12, 64, 41, 23, 44, 20, 21, 27, 53]",33.0006412601625
"[35, 14, 54, 47, 15, 25, 12, 61, 42, 25, 44, 20, 21, 28, 52]",30.92742140921402
"[36, 15, 51, 47, 16, 25, 12, 66, 40, 22, 44, 20, 21, 28, 52]",32.69787161246619
"[34, 16, 52, 48, 15, 25, 12, 64, 41, 23, 44, 20, 21, 28, 52]",30.46382249322499
"[35, 15, 52, 48, 15, 25, 12, 64, 41, 23, 45, 21, 21, 29, 49]",31.344638550135507
"[35, 18, 49, 48, 15, 25, 13, 61, 41, 25, 42, 21, 21, 28, 53]",32.17560060975617
"[35, 16, 52, 47, 15, 25, 12, 64, 41, 23, 44, 20, 21, 28, 52]",32.9791375338752
"[35, 14, 54, 47, 15, 25, 12, 64, 41, 23, 44, 20, 21, 28, 52]",32.86008502710014
"[35, 15, 52, 48, 15, 25, 12, 64, 41, 23, 44, 20, 21, 28, 52]",32.183045392953886
"[35, 15, 52, 48, 15, 25, 12, 64, 41, 23, 44, 20, 21, 28, 52]",34.493338075880736
"[35, 15, 52, 48, 15, 25, 12, 63, 40, 25, 45, 20, 21, 28, 51]",32.14491666666663
"[35, 14, 53, 48, 15, 25, 12, 64, 40, 24, 43, 21, 21, 27, 53]",31.9983993902439
"[37, 18, 46, 48, 16, 25, 12, 64, 41, 23, 44, 20, 21, 28, 52]",32.719902100270986
"[36, 15, 51, 48, 15, 25, 12, 63, 42, 23, 44, 20, 21, 28, 52]",31.42718699186997
"[34, 16, 52, 48, 15, 25, 12, 64, 41, 23, 44, 20, 21, 28, 52]",32.58085433604323
"[36, 13, 54, 47, 15, 26, 12, 63, 42, 22, 43, 20, 21, 30, 51]",29.85154708672086
"[33, 16, 52, 48, 16, 25, 12, 64, 41, 23, 44, 20, 21, 28, 52]",31.782151761517653
"[34, 13, 55, 48, 15, 25, 12, 64, 41, 23, 44, 20, 21, 28, 52]",32.695147696476916
"[36, 15, 51, 48, 15, 25, 12, 64, 41, 23, 44, 20, 21, 28, 52]",32.53246239837392
"[35, 16, 51, 48, 15, 25, 12, 64, 41, 23, 43, 20, 21, 28, 53]",32.07366158536592
"[37, 13, 53, 47, 15, 25, 12, 64, 41, 23, 44, 20, 21, 27, 53]",32.108629742547436
"[35, 14, 54, 47, 15, 25, 12, 61, 42, 25, 44, 20, 21, 28, 52]",30.843819105691143
"[36, 15, 51, 47, 16, 25, 12, 66, 40, 22, 44, 20, 21, 28, 52]",32.14741192411923
"[34, 16, 52, 48, 15, 25, 12, 64, 41, 23, 44, 20, 21, 28, 52]",31.359576219512135
"[35, 15, 52, 48, 15, 25, 12, 64, 41, 23, 45, 21, 21, 29, 49]",33.81851693766941
"[35, 18, 49, 48, 15, 25, 13, 61, 41, 25, 42, 21, 21, 28, 53]",31.548403455284557
"[35, 16, 52, 47, 15, 25, 12, 64, 41, 23, 44, 20, 21, 28, 52]",31.601599932249403
"[35, 14, 54, 47, 15, 25, 12, 64, 41, 23, 44, 20, 21, 28, 52]",33.73479505420052
"[35, 15, 52, 48, 15, 25, 12, 64, 41, 23, 44, 20, 21, 28, 52]",32.51020799457994
"[35, 15, 52, 48, 15, 25, 12, 64, 41, 23, 44, 20, 21, 28, 52]",32.46217310298104
"[35, 15, 52, 48, 15, 25, 12, 63, 40, 25, 45, 20, 21, 28, 51]",31.849144308943092
"[35, 14, 53, 48, 15, 25, 12, 64, 40, 24, 43, 21, 21, 27, 53]",31.75598001355014
"[37, 18, 46, 48, 16, 25, 12, 64, 41, 23, 44, 20, 21, 28, 52]",33.63479979674797
"[36, 15, 51, 48, 15, 25, 12, 63, 42, 23, 44, 20, 21, 28, 52]",31.271459349593517
"[34, 16, 52, 48, 15, 25, 12, 64, 41, 23, 44, 20, 21, 28, 52]",31.011462059620655
"[36, 13, 54, 47, 15, 26, 12, 63, 42, 22, 43, 20, 21, 30, 51]",29.89594952574537
"[33, 16, 52, 48, 16, 25, 12, 64, 41, 23, 44, 20, 21, 28, 52]",31.371716124661326
"[34, 13, 55, 48, 15, 25, 12, 64, 41, 23, 44, 20, 21, 28, 52]",34.747114498645075
"[36, 15, 51, 48, 15, 25, 12, 64, 41, 23, 44, 20, 21, 28, 52]",31.96368428184271
"[35, 16, 51, 48, 15, 25, 12, 64, 41, 23, 43, 20, 21, 28, 53]",33.067507452574574
"[37, 13, 53, 47, 15, 25, 12, 64, 41, 23, 44, 20, 21, 27, 53]",32.10844308943089
"[35, 14, 54, 47, 15, 25, 12, 61, 42, 25, 44, 20, 21, 28, 52]",30.835435975609855
"[36, 15, 51, 47, 16, 25, 12, 66, 40, 22, 44, 20, 21, 28, 52]",31.30646375338755
"[34, 16, 52, 48, 15, 25, 12, 64, 41, 23, 44, 20, 21, 28, 52]",34.22269647696486
"[35, 15, 52, 48, 15, 25, 12, 64, 41, 23, 45, 21, 21, 29, 49]",34.46301117886167
"[35, 18, 49, 48, 15, 25, 13, 61, 41, 25, 42, 21, 21, 28, 53]",31.22280894308939
"[35, 16, 52, 47, 15, 25, 12, 64, 41, 23, 44, 20, 21, 28, 52]",31.424333672086657
"[35, 14, 54, 47, 15, 25, 12, 64, 41, 23, 44, 20, 21, 28, 52]",33.51170223577239
"[35, 15, 52, 48, 15, 25, 12, 64, 41, 23, 44, 20, 21, 28, 52]",30.15596951219509
"[35, 15, 52, 48, 15, 25, 12, 64, 41, 23, 44, 20, 21, 28, 52]",30.490310975609702
"[35, 15, 52, 48, 15, 25, 12, 63, 40, 25, 45, 20, 21, 28, 51]",30.93243157181577
"[35, 14, 53, 48, 15, 25, 12, 64, 40, 24, 43, 21, 21, 27, 53]",30.574843495934964
"[37, 18, 46, 48, 16, 25, 12, 64, 41, 23, 44, 20, 21, 28, 52]",33.178331639566316
"[36, 15, 51, 48, 15, 25, 12, 63, 42, 23, 44, 20, 21, 28, 52]",30.95796680216797
"[34, 16, 52, 48, 15, 25, 12, 64, 41, 23, 44, 20, 21, 28, 52]",31.512090785907855
"[36, 13, 54, 47, 15, 26, 12, 63, 42, 22, 43, 20, 21, 30, 51]",30.18354810298102
"[33, 16, 52, 48, 16, 25, 12, 64, 41, 23, 44, 20, 21, 28, 52]",34.39053997289976
"[34, 13, 55, 48, 15, 25, 12, 64, 41, 23, 44, 20, 21, 28, 52]",32.44006436314364
"[36, 15, 51, 48, 15, 25, 12, 64, 41, 23, 44, 20, 21, 28, 52]",31.670944783197793
"[35, 16, 51, 48, 15, 25, 12, 64, 41, 23, 43, 20, 21, 28, 53]",33.83721714092146
"[37, 13, 53, 47, 15, 25, 12, 64, 41, 23, 44, 20, 21, 27, 53]",31.163963753387577
"[35, 14, 54, 47, 15, 25, 12, 61, 42, 25, 44, 20, 21, 28, 52]",33.22494275067758
"[36, 15, 51, 47, 16, 25, 12, 66, 40, 22, 44, 20, 21, 28, 52]",31.967270663956562
"[34, 16, 52, 48, 15, 25, 12, 64, 41, 23, 44, 20, 21, 28, 52]",31.706569783197775
"[35, 15, 52, 48, 15, 25, 12, 64, 41, 23, 45, 21, 21, 29, 49]",31.26191327913267
"[35, 18, 49, 48, 15, 25, 13, 61, 41, 25, 42, 21, 21, 28, 53]",33.322120596205956
"[35, 16, 52, 47, 15, 25, 12, 64, 41, 23, 44, 20, 21, 28, 52]",30.771765921409106
"[35, 14, 54, 47, 15, 25, 12, 64, 41, 23, 44, 20, 21, 28, 52]",32.88204911924119
"[35, 15, 52, 48, 15, 25, 12, 64, 41, 23, 44, 20, 21, 28, 52]",33.066921070460744
"[35, 15, 52, 48, 15, 25, 12, 64, 41, 23, 44, 20, 21, 28, 52]",29.690088075880848
"[35, 15, 52, 48, 15, 25, 12, 63, 40, 25, 45, 20, 21, 28, 51]",30.83242852303515
"[35, 14, 53, 48, 15, 25, 12, 64, 40, 24, 43, 21, 21, 27, 53]",30.62438075880753
"[37, 18, 46, 48, 16, 25, 12, 64, 41, 23, 44, 20, 21, 28, 52]",30.524301490514933
"[36, 15, 51, 48, 15, 25, 12, 63, 42, 23, 44, 20, 21, 28, 52]",30.925128048780508
"[34, 16, 52, 48, 15, 25, 12, 64, 41, 23, 44, 20, 21, 28, 52]",31.04194173441731
"[36, 13, 54, 47, 15, 26, 12, 63, 42, 22, 43, 20, 21, 30, 51]",32.79069749322493
"[33, 16, 52, 48, 16, 25, 12, 64, 41, 23, 44, 20, 21, 28, 52]",31.6988502710027
"[34, 13, 55, 48, 15, 25, 12, 64, 41, 23, 44, 20, 21, 28, 52]",31.445885501354944
"[36, 15, 51, 48, 15, 25, 12, 64, 41, 23, 44, 20, 21, 28, 52]",32.28361720867201
"[35, 16, 51, 48, 15, 25, 12, 64, 41, 23, 43, 20, 21, 28, 53]",34.368835704606994
"[37, 13, 53, 47, 15, 25, 12, 64, 41, 23, 44, 20, 21, 27, 53]",31.951431233062323
"[35, 14, 54, 47, 15, 25, 12, 61, 42, 25, 44, 20, 21, 28, 52]",32.467193089431106
"[36, 15, 51, 47, 16, 25, 12, 66, 40, 22, 44, 20, 21, 28, 52]",30.73448475609761
"[34, 16, 52, 48, 15, 25, 12, 64, 41, 23, 44, 20, 21, 28, 52]",31.580677168021683
"[35, 15, 52, 48, 15, 25, 12, 64, 41, 23, 45, 21, 21, 29, 49]",29.357553523035183
"[35, 18, 49, 48, 15, 25, 13, 61, 41, 25, 42, 21, 21, 28, 53]",32.4195064363144
"[35, 16, 52, 47, 15, 25, 12, 64, 41, 23, 44, 20, 21, 28, 52]",29.509524728997366
"[35, 14, 54, 47, 15, 25, 12, 64, 41, 23, 44, 20, 21, 28, 52]",32.470505758807484
"[35, 15, 52, 48, 15, 25, 12, 64, 41, 23, 44, 20, 21, 28, 52]",30.854105352303552
"[35, 15, 52, 48, 15, 25, 12, 64, 41, 23, 44, 20, 21, 28, 52]",29.891284891599014
"[35, 15, 52, 48, 15, 25, 12, 63, 40, 25, 45, 20, 21, 28, 51]",34.0513065718156
"[35, 14, 53, 48, 15, 25, 12, 64, 40, 24, 43, 21, 21, 27, 53]",29.602487804877956
"[37, 18, 46, 48, 16, 25, 12, 64, 41, 23, 44, 20, 21, 28, 52]",31.23815481029811
"[36, 15, 51, 48, 15, 25, 12, 63, 42, 23, 44, 20, 21, 28, 52]",30.719775406504176
"[34, 16, 52, 48, 15, 25, 12, 64, 41, 23, 44, 20, 21, 28, 52]",30.07302472899746
"[36, 13, 54, 47, 15, 26, 12, 63, 42, 22, 43, 20, 21, 30, 51]",30.34239464769647
"[33, 16, 52, 48, 16, 25, 12, 64, 41, 23, 44, 20, 21, 28, 52]",31.908112127371293
"[34, 13, 55, 48, 15, 25, 12, 64, 41, 23, 44, 20, 21, 28, 52]",32.532212737127345
"[36, 15, 51, 48, 15, 25, 12, 64, 41, 23, 44, 20, 21, 28, 52]",32.50368800813007
"[35, 16, 51, 48, 15, 25, 12, 64, 41, 23, 43, 20, 21, 28, 53]",30.570574186991973
"[37, 13, 53, 47, 15, 25, 12, 64, 41, 23, 44, 20, 21, 27, 53]",30.70270223577245
"[35, 14, 54, 47, 15, 25, 12, 61, 42, 25, 44, 20, 21, 28, 52]",31.10692547425475
"[36, 15, 51, 47, 16, 25, 12, 66, 40, 22, 44, 20, 21, 28, 52]",31.22306605691054
"[34, 16, 52, 48, 15, 25, 12, 64, 41, 23, 44, 20, 21, 28, 52]",30.340767953929664
"[35, 15, 52, 48, 15, 25, 12, 64, 41, 23, 45, 21, 21, 29, 49]",30.673378387533816
"[35, 18, 49, 48, 15, 25, 13, 61, 41, 25, 42, 21, 21, 28, 53]",33.306892953929385
"[35, 16, 52, 47, 15, 25, 12, 64, 41, 23, 44, 20, 21, 28, 52]",29.222366531165292
"[35, 14, 54, 47, 15, 25, 12, 64, 41, 23, 44, 20, 21, 28, 52]",31.102870257452658
"[35, 15, 52, 48, 15, 25, 12, 64, 41, 23, 44, 20, 21, 28, 52]",30.616636517615188
"[35, 15, 52, 48, 15, 25, 12, 64, 41, 23, 44, 20, 21, 28, 52]",31.579632791327896
"[35, 15, 52, 48, 15, 25, 12, 63, 40, 25, 45, 20, 21, 28, 51]",33.5043739837399
"[35, 14, 53, 48, 15, 25, 12, 64, 40, 24, 43, 21, 21, 27, 53]",30.39499966124662
"[37, 18, 46, 48, 16, 25, 12, 64, 41, 23, 44, 20, 21, 28, 52]",30.141295392953847
"[36, 15, 51, 48, 15, 25, 12, 63, 42, 23, 44, 20, 21, 28, 52]",30.4185074525744
"[34, 16, 52, 48, 15, 25, 12, 64, 41, 23, 44, 20, 21, 28, 52]",31.781042682926845
"[36, 13, 54, 47, 15, 26, 12, 63, 42, 22, 43, 20, 21, 30, 51]",29.84459993224934
"[33, 16, 52, 48, 16, 25, 12, 64, 41, 23, 44, 20, 21, 28, 52]",32.356369579945806
"[34, 13, 55, 48, 15, 25, 12, 64, 41, 23, 44, 20, 21, 28, 52]",33.062336043360645
"[36, 15, 51, 48, 15, 25, 12, 64, 41, 23, 44, 20, 21, 28, 52]",30.798363482384946
"[35, 16, 51, 48, 15, 25, 12, 64, 41, 23, 43, 20, 21, 28, 53]",30.97761991869931
"[37, 13, 53, 47, 15, 25, 12, 64, 41, 23, 44, 20, 21, 27, 53]",31.73695765582653
"[35, 14, 54, 47, 15, 25, 12, 61, 42, 25, 44, 20, 21, 28, 52]",29.870024728997247
"[36, 15, 51, 47, 16, 25, 12, 66, 40, 22, 44, 20, 21, 28, 52]",30.48386686991885
"[34, 16, 52, 48, 15, 25, 12, 64, 41, 23, 44, 20, 21, 28, 52]",31.239309281842758
"[35, 15, 52, 48, 15, 25, 12, 64, 41, 23, 45, 21, 21, 29, 49]",30.789535230352346
"[35, 18, 49, 48, 15, 25, 13, 61, 41, 25, 42, 21, 21, 28, 53]",30.270115176151673
"[35, 16, 52, 47, 15, 25, 12, 64, 41, 23, 44, 20, 21, 28, 52]",30.650460365853665
"[35, 14, 54, 47, 15, 25, 12, 64, 41, 23, 44, 20, 21, 28, 52]",32.97521646341458
"[35, 15, 52, 48, 15, 25, 12, 64, 41, 23, 44, 20, 21, 28, 52]",30.40016429539303
"[35, 15, 52, 48, 15, 25, 12, 64, 41, 23, 44, 20, 21, 28, 52]",32.46010941734417
"[35, 15, 52, 48, 15, 25, 12, 63, 40, 25, 45, 20, 21, 28, 51]",33.00221815718156
"[35, 14, 53, 48, 15, 25, 12, 64, 40, 24, 43, 21, 21, 27, 53]",32.352812669376725
"[37, 18, 46, 48, 16, 25, 12, 64, 41, 23, 44, 20, 21, 28, 52]",30.771472560975546
"[36, 15, 51, 48, 15, 25, 12, 63, 42, 23, 44, 20, 21, 28, 52]",31.425525067750705
"[34, 16, 52, 48, 15, 25, 12, 64, 41, 23, 44, 20, 21, 28, 52]",31.544180216802108
"[36, 13, 54, 47, 15, 26, 12, 63, 42, 22, 43, 20, 21, 30, 51]",31.640375000000045
"[33, 16, 52, 48, 16, 25, 12, 64, 41, 23, 44, 20, 21, 28, 52]",33.24810535230339
"[34, 13, 55, 48, 15, 25, 12, 64, 41, 23, 44, 20, 21, 28, 52]",31.39032283197817
"[36, 15, 51, 48, 15, 25, 12, 64, 41, 23, 44, 20, 21, 28, 52]",31.884914295393017
"[35, 16, 51, 48, 15, 25, 12, 64, 41, 23, 43, 20, 21, 28, 53]",31.080331639566396
"[37, 13, 53, 47, 15, 25, 12, 64, 41, 23, 44, 20, 21, 27, 53]",30.406404810298167
"[35, 14, 54, 47, 15, 25, 12, 61, 42, 25, 44, 20, 21, 28, 52]",31.634922425474407
"[36, 15, 51, 47, 16, 25, 12, 66, 40, 22, 44, 20, 21, 28, 52]",30.620256775067762
"[34, 16, 52, 48, 15, 25, 12, 64, 41, 23, 44, 20, 21, 28, 52]",31.411924119241288
"[35, 15, 52, 48, 15, 25, 12, 64, 41, 23, 45, 21, 21, 29, 49]",31.205760501355112
"[35, 18, 49, 48, 15, 25, 13, 61, 41, 25, 42, 21, 21, 28, 53]",31.249989159891644
"[35, 16, 52, 47, 15, 25, 12, 64, 41, 23, 44, 20, 21, 28, 52]",32.12936619241196
"[35, 14, 54, 47, 15, 25, 12, 64, 41, 23, 44, 20, 21, 28, 52]",31.220990176151645
"[35, 15, 52, 48, 15, 25, 12, 64, 41, 23, 44, 20, 21, 28, 52]",32.49414701897009
"[35, 15, 52, 48, 15, 25, 12, 64, 41, 23, 44, 20, 21, 28, 52]",32.4931744579946
"[35, 15, 52, 48, 15, 25, 12, 63, 40, 25, 45, 20, 21, 28, 51]",32.73908943089424
"[35, 14, 53, 48, 15, 25, 12, 64, 40, 24, 43, 21, 21, 27, 53]",31.50489363143633
"[37, 18, 46, 48, 16, 25, 12, 64, 41, 23, 44, 20, 21, 28, 52]",31.661561653116436
"[36, 15, 51, 48, 15, 25, 12, 63, 42, 23, 44, 20, 21, 28, 52]",32.745990514905245
"[34, 16, 52, 48, 15, 25, 12, 64, 41, 23, 44, 20, 21, 28, 52]",31.338978658536625
"[36, 13, 54, 47, 15, 26, 12, 63, 42, 22, 43, 20, 21, 30, 51]",33.50468462059629
"[33, 16, 52, 48, 16, 25, 12, 64, 41, 23, 44, 20, 21, 28, 52]",33.278165311653055
"[34, 13, 55, 48, 15, 25, 12, 64, 41, 23, 44, 20, 21, 28, 52]",33.48083096205964
"[36, 15, 51, 48, 15, 25, 12, 64, 41, 23, 44, 20, 21, 28, 52]",34.06244749322496
"[35, 16, 51, 48, 15, 25, 12, 64, 41, 23, 43, 20, 21, 28, 53]",31.367074186991918
"[37, 13, 53, 47, 15, 25, 12, 64, 41, 23, 44, 20, 21, 27, 53]",31.152048441734376
"[35, 14, 54, 47, 15, 25, 12, 61, 42, 25, 44, 20, 21, 28, 52]",32.10217411924126
"[36, 15, 51, 47, 16, 25, 12, 66, 40, 22, 44, 20, 21, 28, 52]",29.46181436314352
"[34, 16, 52, 48, 15, 25, 12, 64, 41, 23, 44, 20, 21, 28, 52]",30.756273712737077
"[35, 15, 52, 48, 15, 25, 12, 64, 41, 23, 45, 21, 21, 29, 49]",31.718718495935004
"[35, 18, 49, 48, 15, 25, 13, 61, 41, 25, 42, 21, 21, 28, 53]",31.482691056910614
"[35, 16, 52, 47, 15, 25, 12, 64, 41, 23, 44, 20, 21, 28, 52]",30.231073170731776
"[35, 14, 54, 47, 15, 25, 12, 64, 41, 23, 44, 20, 21, 28, 52]",30.507066395664108
"[35, 15, 52, 48, 15, 25, 12, 64, 41, 23, 44, 20, 21, 28, 52]",32.137636178861804
"[35, 15, 52, 48, 15, 25, 12, 64, 41, 23, 44, 20, 21, 28, 52]",31.834898373983766
"[35, 15, 52, 48, 15, 25, 12, 63, 40, 25, 45, 20, 21, 28, 51]",31.34836111111112
"[35, 14, 53, 48, 15, 25, 12, 64, 40, 24, 43, 21, 21, 27, 53]",29.541954268292717
"[37, 18, 46, 48, 16, 25, 12, 64, 41, 23, 44, 20, 21, 28, 52]",31.871174119241097
"[36, 15, 51, 48, 15, 25, 12, 63, 42, 23, 44, 20, 21, 28, 52]",30.040913617886176
"[34, 16, 52, 48, 15, 25, 12, 64, 41, 23, 44, 20, 21, 28, 52]",30.237470867208646
"[36, 13, 54, 47, 15, 26, 12, 63, 42, 22, 43, 20, 21, 30, 51]",32.23677540650416
"[33, 16, 52, 48, 16, 25, 12, 64, 41, 23, 44, 20, 21, 28, 52]",31.44292479674789
"[34, 13, 55, 48, 15, 25, 12, 64, 41, 23, 44, 20, 21, 28, 52]",33.31019817073176
"[36, 15, 51, 48, 15, 25, 12, 64, 41, 23, 44, 20, 21, 28, 52]",32.03918766937679
"[35, 16, 51, 48, 15, 25, 12, 64, 41, 23, 43, 20, 21, 28, 53]",33.470076897018934
"[37, 13, 53, 47, 15, 25, 12, 64, 41, 23, 44, 20, 21, 27, 53]",30.15608705962054
"[35, 14, 54, 47, 15, 25, 12, 61, 42, 25, 44, 20, 21, 28, 52]",33.072740514905085
"[36, 15, 51, 47, 16, 25, 12, 66, 40, 22, 44, 20, 21, 28, 52]",32.06781978319773
"[34, 16, 52, 48, 15, 25, 12, 64, 41, 23, 44, 20, 21, 28, 52]",31.539838414633966
"[35, 15, 52, 48, 15, 25, 12, 64, 41, 23, 45, 21, 21, 29, 49]",31.376364837398448
"[35, 18, 49, 48, 15, 25, 13, 61, 41, 25, 42, 21, 21, 28, 53]",31.552633468834674
"[35, 16, 52, 47, 15, 25, 12, 64, 41, 23, 44, 20, 21, 28, 52]",30.54025067750676
"[35, 14, 54, 47, 15, 25, 12, 64, 41, 23, 44, 20, 21, 28, 52]",30.293361449864467
"[35, 15, 52, 48, 15, 25, 12, 64, 41, 23, 44, 20, 21, 28, 52]",29.62992378048792
"[35, 15, 52, 48, 15, 25, 12, 64, 41, 23, 44, 20, 21, 28, 52]",31.682775745257462
"[35, 15, 52, 48, 15, 25, 12, 63, 40, 25, 45, 20, 21, 28, 51]",30.707288617886213
"[35, 14, 53, 48, 15, 25, 12, 64, 40, 24, 43, 21, 21, 27, 53]",32.611508130081354
"[37, 18, 46, 48, 16, 25, 12, 64, 41, 23, 44, 20, 21, 28, 52]",32.03571985094862
"[36, 15, 51, 48, 15, 25, 12, 63, 42, 23, 44, 20, 21, 28, 52]",32.43506233062334
"[34, 16, 52, 48, 15, 25, 12, 64, 41, 23, 44, 20, 21, 28, 52]",30.365462398373882
"[36, 13, 54, 47, 15, 26, 12, 63, 42, 22, 43, 20, 21, 30, 51]",32.4126561653116
"[33, 16, 52, 48, 16, 25, 12, 64, 41, 23, 44, 20, 21, 28, 52]",31.756317411924165
"[34, 13, 55, 48, 15, 25, 12, 64, 41, 23, 44, 20, 21, 28, 52]",31.7520562330625
"[36, 15, 51, 48, 15, 25, 12, 64, 41, 23, 44, 20, 21, 28, 52]",33.547262195122
"[35, 16, 51, 48, 15, 25, 12, 64, 41, 23, 43, 20, 21, 28, 53]",31.10318123306236
"[37, 13, 53, 47, 15, 25, 12, 64, 41, 23, 44, 20, 21, 27, 53]",29.908848915989147
"[35, 14, 54, 47, 15, 25, 12, 61, 42, 25, 44, 20, 21, 28, 52]",30.3232462737127
"[36, 15, 51, 47, 16, 25, 12, 66, 40, 22, 44, 20, 21, 28, 52]",32.95897493224939
"[34, 16, 52, 48, 15, 25, 12, 64, 41, 23, 44, 20, 21, 28, 52]",30.97912364498643
"[35, 15, 52, 48, 15, 25, 12, 64, 41, 23, 45, 21, 21, 29, 49]",30.78135772357716
"[35, 18, 49, 48, 15, 25, 13, 61, 41, 25, 42, 21, 21, 28, 53]",33.31317039295384
"[35, 16, 52, 47, 15, 25, 12, 64, 41, 23, 44, 20, 21, 28, 52]",30.535184281842756
"[35, 14, 54, 47, 15, 25, 12, 64, 41, 23, 44, 20, 21, 28, 52]",31.3015877371274
"[35, 15, 52, 48, 15, 25, 12, 64, 41, 23, 44, 20, 21, 28, 52]",30.36226016260161
"[35, 15, 52, 48, 15, 25, 12, 64, 41, 23, 44, 20, 21, 28, 52]",30.28568902439043
"[35, 15, 52, 48, 15, 25, 12, 63, 40, 25, 45, 20, 21, 28, 51]",30.97437398373982
"[35, 14, 53, 48, 15, 25, 12, 64, 40, 24, 43, 21, 21, 27, 53]",30.090093495934873
"[37, 18, 46, 48, 16, 25, 12, 64, 41, 23, 44, 20, 21, 28, 52]",32.3468526422764
"[36, 15, 51, 48, 15, 25, 12, 63, 42, 23, 44, 20, 21, 28, 52]",32.106853997290074
"[34, 16, 52, 48, 15, 25, 12, 64, 41, 23, 44, 20, 21, 28, 52]",32.09147493224932
"[36, 13, 54, 47, 15, 26, 12, 63, 42, 22, 43, 20, 21, 30, 51]",29.58808705962061
"[33, 16, 52, 48, 16, 25, 12, 64, 41, 23, 44, 20, 21, 28, 52]",29.979349254742626
"[34, 13, 55, 48, 15, 25, 12, 64, 41, 23, 44, 20, 21, 28, 52]",30.392292682926822
"[36, 15, 51, 48, 15, 25, 12, 64, 41, 23, 44, 20, 21, 28, 52]",31.87246036585367
"[35, 16, 51, 48, 15, 25, 12, 64, 41, 23, 43, 20, 21, 28, 53]",31.954343495934967
"[37, 13, 53, 47, 15, 25, 12, 64, 41, 23, 44, 20, 21, 27, 53]",32.64844308943095
"[35, 14, 54, 47, 15, 25, 12, 61, 42, 25, 44, 20, 21, 28, 52]",30.60465752032507
"[36, 15, 51, 47, 16, 25, 12, 66, 40, 22, 44, 20, 21, 28, 52]",30.678387533875256
"[34, 16, 52, 48, 15, 25, 12, 64, 41, 23, 44, 20, 21, 28, 52]",31.112024728997334
"[35, 15, 52, 48, 15, 25, 12, 64, 41, 23, 45, 21, 21, 29, 49]",30.372428184281848
"[35, 18, 49, 48, 15, 25, 13, 61, 41, 25, 42, 21, 21, 28, 53]",34.34101050135495
"[35, 16, 52, 47, 15, 25, 12, 64, 41, 23, 44, 20, 21, 28, 52]",31.06772154471542
"[35, 14, 54, 47, 15, 25, 12, 64, 41, 23, 44, 20, 21, 28, 52]",29.563691734417418
"[35, 15, 52, 48, 15, 25, 12, 64, 41, 23, 44, 20, 21, 28, 52]",30.991952913279103
"[35, 15, 52, 48, 15, 25, 12, 64, 41, 23, 44, 20, 21, 28, 52]",29.919029132791387
"[35, 15, 52, 48, 15, 25, 12, 63, 40, 25, 45, 20, 21, 28, 51]",32.391611788617986
"[35, 14, 53, 48, 15, 25, 12, 64, 40, 24, 43, 21, 21, 27, 53]",32.02801422764232
"[37, 18, 46, 48, 16, 25, 12, 64, 41, 23, 44, 20, 21, 28, 52]",30.44195392953932
"[36, 15, 51, 48, 15, 25, 12, 63, 42, 23, 44, 20, 21, 28, 52]",30.788338075880798
"[34, 16, 52, 48, 15, 25, 12, 64, 41, 23, 44, 20, 21, 28, 52]",31.289369918699165
"[36, 13, 54, 47, 15, 26, 12, 63, 42, 22, 43, 20, 21, 30, 51]",30.318060975609765
"[33, 16, 52, 48, 16, 25, 12, 64, 41, 23, 44, 20, 21, 28, 52]",30.893829268292826
"[34, 13, 55, 48, 15, 25, 12, 64, 41, 23, 44, 20, 21, 28, 52]",32.07844715447161
"[36, 15, 51, 48, 15, 25, 12, 64, 41, 23, 44, 20, 21, 28, 52]",29.99775474254739
"[35, 16, 51, 48, 15, 25, 12, 64, 41, 23, 43, 20, 21, 28, 53]",30.94379268292678
"[37, 13, 53, 47, 15, 25, 12, 64, 41, 23, 44, 20, 21, 27, 53]",33.37203353658531
"[35, 14, 54, 47, 15, 25, 12, 61, 42, 25, 44, 20, 21, 28, 52]",30.85900304878051
"[36, 15, 51, 47, 16, 25, 12, 66, 40, 22, 44, 20, 21, 28, 52]",30.613134823848117
"[34, 16, 52, 48, 15, 25, 12, 64, 41, 23, 44, 20, 21, 28, 52]",30.50519749322493
"[35, 15, 52, 48, 15, 25, 12, 64, 41, 23, 45, 21, 21, 29, 49]",30.463401084010847
"[35, 18, 49, 48, 15, 25, 13, 61, 41, 25, 42, 21, 21, 28, 53]",32.96724830623302
"[35, 16, 52, 47, 15, 25, 12, 64, 41, 23, 44, 20, 21, 28, 52]",31.176793021680307
"[35, 14, 54, 47, 15, 25, 12, 64, 41, 23, 44, 20, 21, 28, 52]",29.642123983739904
"[35, 15, 52, 48, 15, 25, 12, 64, 41, 23, 44, 20, 21, 28, 52]",31.906877032520207
"[35, 15, 52, 48, 15, 25, 12, 64, 41, 23, 44, 20, 21, 28, 52]",30.629455623306285
"[35, 15, 52, 48, 15, 25, 12, 63, 40, 25, 45, 20, 21, 28, 51]",34.74367649051483
"[35, 14, 53, 48, 15, 25, 12, 64, 40, 24, 43, 21, 21, 27, 53]",32.76260806233049
"[37, 18, 46, 48, 16, 25, 12, 64, 41, 23, 44, 20, 21, 28, 52]",29.840699864498582
"[36, 15, 51, 48, 15, 25, 12, 63, 42, 23, 44, 20, 21, 28, 52]",33.08072222222216
"[34, 16, 52, 48, 15, 25, 12, 64, 41, 23, 44, 20, 21, 28, 52]",30.935278116531187
"[36, 13, 54, 47, 15, 26, 12, 63, 42, 22, 43, 20, 21, 30, 51]",32.4939569783199
"[33, 16, 52, 48, 16, 25, 12, 64, 41, 23, 44, 20, 21, 28, 52]",32.17973848238476
"[34, 13, 55, 48, 15, 25, 12, 64, 41, 23, 44, 20, 21, 28, 52]",33.07651388888882
"[36, 15, 51, 48, 15, 25, 12, 64, 41, 23, 44, 20, 21, 28, 52]",31.56583705962052
"[35, 16, 51, 48, 15, 25, 12, 64, 41, 23, 43, 20, 21, 28, 53]",31.31139261517621
"[37, 13, 53, 47, 15, 25, 12, 64, 41, 23, 44, 20, 21, 27, 53]",32.555730352303556
"[35, 14, 54, 47, 15, 25, 12, 61, 42, 25, 44, 20, 21, 28, 52]",31.93781944444439
"[36, 15, 51, 47, 16, 25, 12, 66, 40, 22, 44, 20, 21, 28, 52]",30.37800609756093
"[34, 16, 52, 48, 15, 25, 12, 64, 41, 23, 44, 20, 21, 28, 52]",30.40783130081299
"[35, 15, 52, 48, 15, 25, 12, 64, 41, 23, 45, 21, 21, 29, 49]",32.11819004065035
"[35, 18, 49, 48, 15, 25, 13, 61, 41, 25, 42, 21, 21, 28, 53]",30.81791361788615
"[35, 16, 52, 47, 15, 25, 12, 64, 41, 23, 44, 20, 21, 28, 52]",30.755163617886097
"[35, 14, 54, 47, 15, 25, 12, 64, 41, 23, 44, 20, 21, 28, 52]",31.825309959349667
"[35, 15, 52, 48, 15, 25, 12, 64, 41, 23, 44, 20, 21, 28, 52]",31.38947662601623
"[35, 15, 52, 48, 15, 25, 12, 64, 41, 23, 44, 20, 21, 28, 52]",32.902896002709994
"[35, 15, 52, 48, 15, 25, 12, 63, 40, 25, 45, 20, 21, 28, 51]",31.492864498644938
"[35, 14, 53, 48, 15, 25, 12, 64, 40, 24, 43, 21, 21, 27, 53]",30.959119241192408
"[37, 18, 46, 48, 16, 25, 12, 64, 41, 23, 44, 20, 21, 28, 52]",35.04934688346886
"[36, 15, 51, 48, 15, 25, 12, 63, 42, 23, 44, 20, 21, 28, 52]",33.56950677506776
"[34, 16, 52, 48, 15, 25, 12, 64, 41, 23, 44, 20, 21, 28, 52]",30.270270663956563
"[36, 13, 54, 47, 15, 26, 12, 63, 42, 22, 43, 20, 21, 30, 51]",32.59222527100271
"[33, 16, 52, 48, 16, 25, 12, 64, 41, 23, 44, 20, 21, 28, 52]",33.002214430894306
"[34, 13, 55, 48, 15, 25, 12, 64, 41, 23, 44, 20, 21, 28, 52]",32.59513143631443
"[36, 15, 51, 48, 15, 25, 12, 64, 41, 23, 44, 20, 21, 28, 52]",30.5527764227641
"[35, 16, 51, 48, 15, 25, 12, 64, 41, 23, 43, 20, 21, 28, 53]",30.46141971544715
"[37, 13, 53, 47, 15, 25, 12, 64, 41, 23, 44, 20, 21, 27, 53]",30.56533197831967
"[35, 14, 54, 47, 15, 25, 12, 61, 42, 25, 44, 20, 21, 28, 52]",33.893257452574616
"[36, 15, 51, 47, 16, 25, 12, 66, 40, 22, 44, 20, 21, 28, 52]",31.512419037940443
"[34, 16, 52, 48, 15, 25, 12, 64, 41, 23, 44, 20, 21, 28, 52]",29.96455216802177
"[35, 15, 52, 48, 15, 25, 12, 64, 41, 23, 45, 21, 21, 29, 49]",32.300327235772386
"[35, 18, 49, 48, 15, 25, 13, 61, 41, 25, 42, 21, 21, 28, 53]",30.368726964769504
"[35, 16, 52, 47, 15, 25, 12, 64, 41, 23, 44, 20, 21, 28, 52]",31.15092378048782
"[35, 14, 54, 47, 15, 25, 12, 64, 41, 23, 44, 20, 21, 28, 52]",31.005907859078587
"[35, 15, 52, 48, 15, 25, 12, 64, 41, 23, 44, 20, 21, 28, 52]",33.700265243902415
"[35, 15, 52, 48, 15, 25, 12, 64, 41, 23, 44, 20, 21, 28, 52]",31.22960230352305
"[35, 15, 52, 48, 15, 25, 12, 63, 40, 25, 45, 20, 21, 28, 51]",31.72040650406496
"[35, 14, 53, 48, 15, 25, 12, 64, 40, 24, 43, 21, 21, 27, 53]",31.08070562330622
"[37, 18, 46, 48, 16, 25, 12, 64, 41, 23, 44, 20, 21, 28, 52]",30.75261822493212
"[36, 15, 51, 48, 15, 25, 12, 63, 42, 23, 44, 20, 21, 28, 52]",32.700479336043344
"[34, 16, 52, 48, 15, 25, 12, 64, 41, 23, 44, 20, 21, 28, 52]",28.95047899729002
"[36, 13, 54, 47, 15, 26, 12, 63, 42, 22, 43, 20, 21, 30, 51]",32.03617378048767
"[33, 16, 52, 48, 16, 25, 12, 64, 41, 23, 44, 20, 21, 28, 52]",31.677293699187054
"[34, 13, 55, 48, 15, 25, 12, 64, 41, 23, 44, 20, 21, 28, 52]",31.231301490514962
"[36, 15, 51, 48, 15, 25, 12, 64, 41, 23, 44, 20, 21, 28, 52]",29.625301490514886
"[35, 16, 51, 48, 15, 25, 12, 64, 41, 23, 43, 20, 21, 28, 53]",30.712680555555625
"[37, 13, 53, 47, 15, 25, 12, 64, 41, 23, 44, 20, 21, 27, 53]",29.307651761517583
"[35, 14, 54, 47, 15, 25, 12, 61, 42, 25, 44, 20, 21, 28, 52]",33.83864803523032
"[36, 15, 51, 47, 16, 25, 12, 66, 40, 22, 44, 20, 21, 28, 52]",31.28938143631426
"[34, 16, 52, 48, 15, 25, 12, 64, 41, 23, 44, 20, 21, 28, 52]",30.05761957994582
"[35, 15, 52, 48, 15, 25, 12, 64, 41, 23, 45, 21, 21, 29, 49]",31.32222899729003
"[35, 18, 49, 48, 15, 25, 13, 61, 41, 25, 42, 21, 21, 28, 53]",30.438023712737177
"[35, 16, 52, 47, 15, 25, 12, 64, 41, 23, 44, 20, 21, 28, 52]",30.274075880758716
"[35, 14, 54, 47, 15, 25, 12, 64, 41, 23, 44, 20, 21, 28, 52]",32.29408773712726
"[35, 15, 52, 48, 15, 25, 12, 64, 41, 23, 44, 20, 21, 28, 52]",30.70895291327917
"[35, 15, 52, 48, 15, 25, 12, 64, 41, 23, 44, 20, 21, 28, 52]",29.935884823848223
"[35, 15, 52, 48, 15, 25, 12, 63, 40, 25, 45, 20, 21, 28, 51]",29.340552845528386
"[35, 14, 53, 48, 15, 25, 12, 64, 40, 24, 43, 21, 21, 27, 53]",29.275719173441765
"[37, 18, 46, 48, 16, 25, 12, 64, 41, 23, 44, 20, 21, 28, 52]",32.585972560975605
"[36, 15, 51, 48, 15, 25, 12, 63, 42, 23, 44, 20, 21, 28, 52]",30.61386890243901
"[34, 16, 52, 48, 15, 25, 12, 64, 41, 23, 44, 20, 21, 28, 52]",30.60201151761533
"[36, 13, 54, 47, 15, 26, 12, 63, 42, 22, 43, 20, 21, 30, 51]",31.314244241192483
"[33, 16, 52, 48, 16, 25, 12, 64, 41, 23, 44, 20, 21, 28, 52]",31.20738651761525
"[34, 13, 55, 48, 15, 25, 12, 64, 41, 23, 44, 20, 21, 28, 52]",32.36324695121951
"[36, 15, 51, 48, 15, 25, 12, 64, 41, 23, 44, 20, 21, 28, 52]",31.889809281842734
"[35, 16, 51, 48, 15, 25, 12, 64, 41, 23, 43, 20, 21, 28, 53]",29.796538617886192
"[37, 13, 53, 47, 15, 25, 12, 64, 41, 23, 44, 20, 21, 27, 53]",29.543043021680155
"[35, 14, 54, 47, 15, 25, 12, 61, 42, 25, 44, 20, 21, 28, 52]",31.64203082655833
"[36, 15, 51, 47, 16, 25, 12, 66, 40, 22, 44, 20, 21, 28, 52]",32.38631775067761
"[34, 16, 52, 48, 15, 25, 12, 64, 41, 23, 44, 20, 21, 28, 52]",30.905863482384817
"[35, 15, 52, 48, 15, 25, 12, 64, 41, 23, 45, 21, 21, 29, 49]",31.494477981029796
"[35, 18, 49, 48, 15, 25, 13, 61, 41, 25, 42, 21, 21, 28, 53]",32.57499153116518
"[35, 16, 52, 47, 15, 25, 12, 64, 41, 23, 44, 20, 21, 28, 52]",30.90349966124662
"[35, 14, 54, 47, 15, 25, 12, 64, 41, 23, 44, 20, 21, 28, 52]",31.60089972899725
"[35, 15, 52, 48, 15, 25, 12, 64, 41, 23, 44, 20, 21, 28, 52]",31.148767953929653
"[35, 15, 52, 48, 15, 25, 12, 64, 41, 23, 44, 20, 21, 28, 52]",29.62053116531166
"[35, 15, 52, 48, 15, 25, 12, 63, 40, 25, 45, 20, 21, 28, 51]",31.571071476964796
"[35, 14, 53, 48, 15, 25, 12, 64, 40, 24, 43, 21, 21, 27, 53]",30.174426490514904
"[37, 18, 46, 48, 16, 25, 12, 64, 41, 23, 44, 20, 21, 28, 52]",30.904759485094917
"[36, 15, 51, 48, 15, 25, 12, 63, 42, 23, 44, 20, 21, 28, 52]",29.880976626016164
"[34, 16, 52, 48, 15, 25, 12, 64, 41, 23, 44, 20, 21, 28, 52]",31.27959586720859
"[36, 13, 54, 47, 15, 26, 12, 63, 42, 22, 43, 20, 21, 30, 51]",30.81450338753374
"[33, 16, 52, 48, 16, 25, 12, 64, 41, 23, 44, 20, 21, 28, 52]",30.321138550135483
"[34, 13, 55, 48, 15, 25, 12, 64, 41, 23, 44, 20, 21, 28, 52]",32.8594596883469
"[36, 15, 51, 48, 15, 25, 12, 64, 41, 23, 44, 20, 21, 28, 52]",31.865648712737226
"[35, 16, 51, 48, 15, 25, 12, 64, 41, 23, 43, 20, 21, 28, 53]",31.530853997289917
"[37, 13, 53, 47, 15, 25, 12, 64, 41, 23, 44, 20, 21, 27, 53]",31.759371273712638
"[35, 14, 54, 47, 15, 25, 12, 61, 42, 25, 44, 20, 21, 28, 52]",29.080585704607074
"[36, 15, 51, 47, 16, 25, 12, 66, 40, 22, 44, 20, 21, 28, 52]",30.538974932249214
"[34, 16, 52, 48, 15, 25, 12, 64, 41, 23, 44, 20, 21, 28, 52]",30.560291327913358
"[35, 15, 52, 48, 15, 25, 12, 64, 41, 23, 45, 21, 21, 29, 49]",29.209344850948554
"[35, 18, 49, 48, 15, 25, 13, 61, 41, 25, 42, 21, 21, 28, 53]",31.18934247967472
"[35, 16, 52, 47, 15, 25, 12, 64, 41, 23, 44, 20, 21, 28, 52]",30.981688346883477
"[35, 14, 54, 47, 15, 25, 12, 64, 41, 23, 44, 20, 21, 28, 52]",30.185613143631368
"[35, 15, 52, 48, 15, 25, 12, 64, 41, 23, 44, 20, 21, 28, 52]",29.95916429539301
"[35, 15, 52, 48, 15, 25, 12, 64, 41, 23, 44, 20, 21, 28, 52]",28.87493462059622
"[35, 15, 52, 48, 15, 25, 12, 63, 40, 25, 45, 20, 21, 28, 51]",30.547016937669444
"[35, 14, 53, 48, 15, 25, 12, 64, 40, 24, 43, 21, 21, 27, 53]",33.679215108401095
"[37, 18, 46, 48, 16, 25, 12, 64, 41, 23, 44, 20, 21, 28, 52]",30.781110094850938
"[36, 15, 51, 48, 15, 25, 12, 63, 42, 23, 44, 20, 21, 28, 52]",31.15556673441742
"[34, 16, 52, 48, 15, 25, 12, 64, 41, 23, 44, 20, 21, 28, 52]",29.71017140921404
"[36, 13, 54, 47, 15, 26, 12, 63, 42, 22, 43, 20, 21, 30, 51]",32.57324898373976
"[33, 16, 52, 48, 16, 25, 12, 64, 41, 23, 44, 20, 21, 28, 52]",30.99843123306234
"[34, 13, 55, 48, 15, 25, 12, 64, 41, 23, 44, 20, 21, 28, 52]",30.116379403794127
"[36, 15, 51, 48, 15, 25, 12, 64, 41, 23, 44, 20, 21, 28, 52]",32.92857046070463
"[35, 16, 51, 48, 15, 25, 12, 64, 41, 23, 43, 20, 21, 28, 53]",32.324832994579836
"[37, 13, 53, 47, 15, 25, 12, 64, 41, 23, 44, 20, 21, 27, 53]",31.579303861788595
"[35, 14, 54, 47, 15, 25, 12, 61, 42, 25, 44, 20, 21, 28, 52]",30.276127710027136
"[36, 15, 51, 47, 16, 25, 12, 66, 40, 22, 44, 20, 21, 28, 52]",30.632033197831944
"[34, 16, 52, 48, 15, 25, 12, 64, 41, 23, 44, 20, 21, 28, 52]",31.755629403794075
"[35, 15, 52, 48, 15, 25, 12, 64, 41, 23, 45, 21, 21, 29, 49]",31.270576558265617
"[35, 18, 49, 48, 15, 25, 13, 61, 41, 25, 42, 21, 21, 28, 53]",31.298598915989253
"[35, 16, 52, 47, 15, 25, 12, 64, 41, 23, 44, 20, 21, 28, 52]",31.44114803523037
"[35, 14, 54, 47, 15, 25, 12, 64, 41, 23, 44, 20, 21, 28, 52]",30.554219173441602
"[35, 15, 52, 48, 15, 25, 12, 64, 41, 23, 44, 20, 21, 28, 52]",29.84194342818415
"[35, 15, 52, 48, 15, 25, 12, 64, 41, 23, 44, 20, 21, 28, 52]",30.11205420054193
"[35, 15, 52, 48, 15, 25, 12, 63, 40, 25, 45, 20, 21, 28, 51]",29.53999627371282
"[35, 14, 53, 48, 15, 25, 12, 64, 40, 24, 43, 21, 21, 27, 53]",29.644542005420057
"[37, 18, 46, 48, 16, 25, 12, 64, 41, 23, 44, 20, 21, 28, 52]",31.89862804878054
"[36, 15, 51, 48, 15, 25, 12, 63, 42, 23, 44, 20, 21, 28, 52]",30.422458672086577
"[34, 16, 52, 48, 15, 25, 12, 64, 41, 23, 44, 20, 21, 28, 52]",29.731517953929398
"[36, 13, 54, 47, 15, 26, 12, 63, 42, 22, 43, 20, 21, 30, 51]",31.81456436314362
"[33, 16, 52, 48, 16, 25, 12, 64, 41, 23, 44, 20, 21, 28, 52]",29.897063685636883
"[34, 13, 55, 48, 15, 25, 12, 64, 41, 23, 44, 20, 21, 28, 52]",29.189065379403843
"[36, 15, 51, 48, 15, 25, 12, 64, 41, 23, 44, 20, 21, 28, 52]",30.141324864498586
"[35, 16, 51, 48, 15, 25, 12, 64, 41, 23, 43, 20, 21, 28, 53]",32.559533536585306
"[37, 13, 53, 47, 15, 25, 12, 64, 41, 23, 44, 20, 21, 27, 53]",32.429533536585495
"[35, 14, 54, 47, 15, 25, 12, 61, 42, 25, 44, 20, 21, 28, 52]",31.651260840108513
"[36, 15, 51, 47, 16, 25, 12, 66, 40, 22, 44, 20, 21, 28, 52]",29.93946951219503
"[34, 16, 52, 48, 15, 25, 12, 64, 41, 23, 44, 20, 21, 28, 52]",30.189570799458025
"[35, 15, 52, 48, 15, 25, 12, 64, 41, 23, 45, 21, 21, 29, 49]",31.82376693766938
"[35, 18, 49, 48, 15, 25, 13, 61, 41, 25, 42, 21, 21, 28, 53]",30.37540718157179
"[35, 16, 52, 47, 15, 25, 12, 64, 41, 23, 44, 20, 21, 28, 52]",30.96682791327919
"[35, 14, 54, 47, 15, 25, 12, 64, 41, 23, 44, 20, 21, 28, 52]",32.08563922764232
"[35, 15, 52, 48, 15, 25, 12, 64, 41, 23, 44, 20, 21, 28, 52]",29.346091463414655
"[35, 15, 52, 48, 15, 25, 12, 64, 41, 23, 44, 20, 21, 28, 52]",31.512970867208665
"[35, 15, 52, 48, 15, 25, 12, 63, 40, 25, 45, 20, 21, 28, 51]",31.394722899728905
"[35, 14, 53, 48, 15, 25, 12, 64, 40, 24, 43, 21, 21, 27, 53]",30.894188685636898
"[37, 18, 46, 48, 16, 25, 12, 64, 41, 23, 44, 20, 21, 28, 52]",29.701911585365785
"[36, 15, 51, 48, 15, 25, 12, 63, 42, 23, 44, 20, 21, 28, 52]",30.764359417344142
"[34, 16, 52, 48, 15, 25, 12, 64, 41, 23, 44, 20, 21, 28, 52]",30.98219579945799
"[36, 13, 54, 47, 15, 26, 12, 63, 42, 22, 43, 20, 21, 30, 51]",32.572563008130096
"[33, 16, 52, 48, 16, 25, 12, 64, 41, 23, 44, 20, 21, 28, 52]",29.534507791328025
"[34, 13, 55, 48, 15, 25, 12, 64, 41, 23, 44, 20, 21, 28, 52]",30.122928523035327
"[36, 15, 51, 48, 15, 25, 12, 64, 41, 23, 44, 20, 21, 28, 52]",30.1193140243902
"[35, 16, 51, 48, 15, 25, 12, 64, 41, 23, 43, 20, 21, 28, 53]",31.265491531165257
"[37, 13, 53, 47, 15, 25, 12, 64, 41, 23, 44, 20, 21, 27, 53]",31.212573509485047
"[35, 14, 54, 47, 15, 25, 12, 61, 42, 25, 44, 20, 21, 28, 52]",29.394692750677493
"[36, 15, 51, 47, 16, 25, 12, 66, 40, 22, 44, 20, 21, 28, 52]",29.385563685636846
"[34, 16, 52, 48, 15, 25, 12, 64, 41, 23, 44, 20, 21, 28, 52]",31.063712059620716
"[35, 15, 52, 48, 15, 25, 12, 64, 41, 23, 45, 21, 21, 29, 49]",33.78248712737113
"[35, 18, 49, 48, 15, 25, 13, 61, 41, 25, 42, 21, 21, 28, 53]",30.555767953929504
"[35, 16, 52, 47, 15, 25, 12, 64, 41, 23, 44, 20, 21, 28, 52]",30.515707994579923
"[35, 14, 54, 47, 15, 25, 12, 64, 41, 23, 44, 20, 21, 28, 52]",31.57551151761522
"[35, 15, 52, 48, 15, 25, 12, 64, 41, 23, 44, 20, 21, 28, 52]",29.326665311653276
"[35, 15, 52, 48, 15, 25, 12, 64, 41, 23, 44, 20, 21, 28, 52]",28.342580284552895
"[35, 15, 52, 48, 15, 25, 12, 63, 40, 25, 45, 20, 21, 28, 51]",31.670548441734333
"[35, 14, 53, 48, 15, 25, 12, 64, 40, 24, 43, 21, 21, 27, 53]",29.196327913279045
"[37, 18, 46, 48, 16, 25, 12, 64, 41, 23, 44, 20, 21, 28, 52]",31.656652439024285
"[36, 15, 51, 48, 15, 25, 12, 63, 42, 23, 44, 20, 21, 28, 52]",29.681746612466032
"[34, 16, 52, 48, 15, 25, 12, 64, 41, 23, 44, 20, 21, 28, 52]",30.581595189701734
"[36, 13, 54, 47, 15, 26, 12, 63, 42, 22, 43, 20, 21, 30, 51]",31.342250677506676
"[33, 16, 52, 48, 16, 25, 12, 64, 41, 23, 44, 20, 21, 28, 52]",30.284599593495887
"[34, 13, 55, 48, 15, 25, 12, 64, 41, 23, 44, 20, 21, 28, 52]",29.407700880758732
"[36, 15, 51, 48, 15, 25, 12, 64, 41, 23, 44, 20, 21, 28, 52]",29.629421747967488
"[35, 16, 51, 48, 15, 25, 12, 64, 41, 23, 43, 20, 21, 28, 53]",30.772128726287274
"[37, 13, 53, 47, 15, 25, 12, 64, 41, 23, 44, 20, 21, 27, 53]",32.22658570460707
"[35, 14, 54, 47, 15, 25, 12, 61, 42, 25, 44, 20, 21, 28, 52]",29.77721409214099
"[36, 15, 51, 47, 16, 25, 12, 66, 40, 22, 44, 20, 21, 28, 52]",31.36718462059634
"[34, 16, 52, 48, 15, 25, 12, 64, 41, 23, 44, 20, 21, 28, 52]",30.926957655826527
"[35, 15, 52, 48, 15, 25, 12, 64, 41, 23, 45, 21, 21, 29, 49]",29.40641598915992
"[35, 18, 49, 48, 15, 25, 13, 61, 41, 25, 42, 21, 21, 28, 53]",30.062769986449858
"[35, 16, 52, 47, 15, 25, 12, 64, 41, 23, 44, 20, 21, 28, 52]",29.709856707317048
"[35, 14, 54, 47, 15, 25, 12, 64, 41, 23, 44, 20, 21, 28, 52]",32.883930555555615
"[35, 15, 52, 48, 15, 25, 12, 64, 41, 23, 44, 20, 21, 28, 52]",28.86758197831972
"[35, 15, 52, 48, 15, 25, 12, 64, 41, 23, 44, 20, 21, 28, 52]",30.959841124661352
"[35, 15, 52, 48, 15, 25, 12, 63, 40, 25, 45, 20, 21, 28, 51]",30.245234078590794
"[35, 14, 53, 48, 15, 25, 12, 64, 40, 24, 43, 21, 21, 27, 53]",29.819673441734437
"[37, 18, 46, 48, 16, 25, 12, 64, 41, 23, 44, 20, 21, 28, 52]",30.496858401084015
"[36, 15, 51, 48, 15, 25, 12, 63, 42, 23, 44, 20, 21, 28, 52]",29.892495596205958
"[34, 16, 52, 48, 15, 25, 12, 64, 41, 23, 44, 20, 21, 28, 52]",30.789267615176094
"[36, 13, 54, 47, 15, 26, 12, 63, 42, 22, 43, 20, 21, 30, 51]",30.277976626016304
"[33, 16, 52, 48, 16, 25, 12, 64, 41, 23, 44, 20, 21, 28, 52]",30.225961720867364
"[34, 13, 55, 48, 15, 25, 12, 64, 41, 23, 44, 20, 21, 28, 52]",31.87724898373981
"[36, 15, 51, 48, 15, 25, 12, 64, 41, 23, 44, 20, 21, 28, 52]",29.84543462059613
"[35, 16, 51, 48, 15, 25, 12, 64, 41, 23, 43, 20, 21, 28, 53]",30.560770325203283
"[37, 13, 53, 47, 15, 25, 12, 64, 41, 23, 44, 20, 21, 27, 53]",31.619123306232996
"[35, 14, 54, 47, 15, 25, 12, 61, 42, 25, 44, 20, 21, 28, 52]",29.99876727642274
"[36, 15, 51, 47, 16, 25, 12, 66, 40, 22, 44, 20, 21, 28, 52]",31.8103299457994
"[34, 16, 52, 48, 15, 25, 12, 64, 41, 23, 44, 20, 21, 28, 52]",31.739552506775016
"[35, 15, 52, 48, 15, 25, 12, 64, 41, 23, 45, 21, 21, 29, 49]",30.22211246612457
"[35, 18, 49, 48, 15, 25, 13, 61, 41, 25, 42, 21, 21, 28, 53]",31.174705962059566
"[35, 16, 52, 47, 15, 25, 12, 64, 41, 23, 44, 20, 21, 28, 52]",29.138879065040594
"[35, 14, 54, 47, 15, 25, 12, 64, 41, 23, 44, 20, 21, 28, 52]",30.40810670731709
"[35, 15, 52, 48, 15, 25, 12, 64, 41, 23, 44, 20, 21, 28, 52]",30.752527439024465
"[35, 15, 52, 48, 15, 25, 12, 64, 41, 23, 44, 20, 21, 28, 52]",28.973971544715408
"[35, 15, 52, 48, 15, 25, 12, 63, 40, 25, 45, 20, 21, 28, 51]",29.76723780487799
"[35, 14, 53, 48, 15, 25, 12, 64, 40, 24, 43, 21, 21, 27, 53]",30.464367208672122
"[37, 18, 46, 48, 16, 25, 12, 64, 41, 23, 44, 20, 21, 28, 52]",30.257254742547282
"[36, 15, 51, 48, 15, 25, 12, 63, 42, 23, 44, 20, 21, 28, 52]",29.88718157181571
"[34, 16, 52, 48, 15, 25, 12, 64, 41, 23, 44, 20, 21, 28, 52]",30.145778794037952
"[36, 13, 54, 47, 15, 26, 12, 63, 42, 22, 43, 20, 21, 30, 51]",29.620787262872675
"[33, 16, 52, 48, 16, 25, 12, 64, 41, 23, 44, 20, 21, 28, 52]",29.746094173441822
"[34, 13, 55, 48, 15, 25, 12, 64, 41, 23, 44, 20, 21, 28, 52]",30.9193241869919
"[36, 15, 51, 48, 15, 25, 12, 64, 41, 23, 44, 20, 21, 28, 52]",31.115665650406466
"[35, 16, 51, 48, 15, 25, 12, 64, 41, 23, 43, 20, 21, 28, 53]",33.35696070460705
"[37, 13, 53, 47, 15, 25, 12, 64, 41, 23, 44, 20, 21, 27, 53]",30.076489498644932
"[35, 14, 54, 47, 15, 25, 12, 61, 42, 25, 44, 20, 21, 28, 52]",30.643537262872638
"[36, 15, 51, 47, 16, 25, 12, 66, 40, 22, 44, 20, 21, 28, 52]",31.618759485094866
"[34, 16, 52, 48, 15, 25, 12, 64, 41, 23, 44, 20, 21, 28, 52]",32.30337601626015
"[35, 15, 52, 48, 15, 25, 12, 64, 41, 23, 45, 21, 21, 29, 49]",29.936222560975672
"[35, 18, 49, 48, 15, 25, 13, 61, 41, 25, 42, 21, 21, 28, 53]",30.22030928184281
"[35, 16, 52, 47, 15, 25, 12, 64, 41, 23, 44, 20, 21, 28, 52]",31.894355013550122
"[35, 14, 54, 47, 15, 25, 12, 64, 41, 23, 44, 20, 21, 28, 52]",29.435015243902512
"[35, 15, 52, 48, 15, 25, 12, 64, 41, 23, 44, 20, 21, 28, 52]",32.547012195121944
"[35, 15, 52, 48, 15, 25, 12, 64, 41, 23, 44, 20, 21, 28, 52]",31.36473848238483
"[35, 15, 52, 48, 15, 25, 12, 63, 40, 25, 45, 20, 21, 28, 51]",29.849758468834672
"[35, 14, 53, 48, 15, 25, 12, 64, 40, 24, 43, 21, 21, 27, 53]",30.898643292682888
"[37, 18, 46, 48, 16, 25, 12, 64, 41, 23, 44, 20, 21, 28, 52]",32.08557723577236
"[36, 15, 51, 48, 15, 25, 12, 63, 42, 23, 44, 20, 21, 28, 52]",29.558838753387466
"[34, 16, 52, 48, 15, 25, 12, 64, 41, 23, 44, 20, 21, 28, 52]",31.351384485094826
"[36, 13, 54, 47, 15, 26, 12, 63, 42, 22, 43, 20, 21, 30, 51]",31.75720934959341
"[33, 16, 52, 48, 16, 25, 12, 64, 41, 23, 44, 20, 21, 28, 52]",30.637487804877836
"[34, 13, 55, 48, 15, 25, 12, 64, 41, 23, 44, 20, 21, 28, 52]",30.877826897018927
"[36, 15, 51, 48, 15, 25, 12, 64, 41, 23, 44, 20, 21, 28, 52]",29.952425813008208
"[35, 16, 51, 48, 15, 25, 12, 64, 41, 23, 43, 20, 21, 28, 53]",30.66702540650406
"[37, 13, 53, 47, 15, 25, 12, 64, 41, 23, 44, 20, 21, 27, 53]",30.86149322493225
"[35, 14, 54, 47, 15, 25, 12, 61, 42, 25, 44, 20, 21, 28, 52]",31.37668462059626
"[36, 15, 51, 47, 16, 25, 12, 66, 40, 22, 44, 20, 21, 28, 52]",30.7019024390243
"[34, 16, 52, 48, 15, 25, 12, 64, 41, 23, 44, 20, 21, 28, 52]",29.76284417344165
"[35, 15, 52, 48, 15, 25, 12, 64, 41, 23, 45, 21, 21, 29, 49]",29.47280657181576
"[35, 18, 49, 48, 15, 25, 13, 61, 41, 25, 42, 21, 21, 28, 53]",30.05541903794036
"[35, 16, 52, 47, 15, 25, 12, 64, 41, 23, 44, 20, 21, 28, 52]",30.431676490515006
"[35, 14, 54, 47, 15, 25, 12, 64, 41, 23, 44, 20, 21, 28, 52]",30.429036246612526
"[35, 15, 52, 48, 15, 25, 12, 64, 41, 23, 44, 20, 21, 28, 52]",29.08726287262874
"[35, 15, 52, 48, 15, 25, 12, 64, 41, 23, 44, 20, 21, 28, 52]",30.741269308943032
"[35, 15, 52, 48, 15, 25, 12, 63, 40, 25, 45, 20, 21, 28, 51]",30.423460704607002
"[35, 14, 53, 48, 15, 25, 12, 64, 40, 24, 43, 21, 21, 27, 53]",30.02680792682927
"[37, 18, 46, 48, 16, 25, 12, 64, 41, 23, 44, 20, 21, 28, 52]",31.361777777777828
"[36, 15, 51, 48, 15, 25, 12, 63, 42, 23, 44, 20, 21, 28, 52]",30.660782520325153
"[34, 16, 52, 48, 15, 25, 12, 64, 41, 23, 44, 20, 21, 28, 52]",30.939326558265524
"[36, 13, 54, 47, 15, 26, 12, 63, 42, 22, 43, 20, 21, 30, 51]",32.40242750677509
"[33, 16, 52, 48, 16, 25, 12, 64, 41, 23, 44, 20, 21, 28, 52]",30.992444783197744
"[34, 13, 55, 48, 15, 25, 12, 64, 41, 23, 44, 20, 21, 28, 52]",31.028083333333335
"[36, 15, 51, 48, 15, 25, 12, 64, 41, 23, 44, 20, 21, 28, 52]",28.92781741192409
"[35, 16, 51, 48, 15, 25, 12, 64, 41, 23, 43, 20, 21, 28, 53]",29.61158130081288
"[37, 13, 53, 47, 15, 25, 12, 64, 41, 23, 44, 20, 21, 27, 53]",30.109101964769675
"[35, 14, 54, 47, 15, 25, 12, 61, 42, 25, 44, 20, 21, 28, 52]",30.819526761517515
"[36, 15, 51, 47, 16, 25, 12, 66, 40, 22, 44, 20, 21, 28, 52]",32.80045189701897
"[34, 16, 52, 48, 15, 25, 12, 64, 41, 23, 44, 20, 21, 28, 52]",30.717668699186962
"[35, 15, 52, 48, 15, 25, 12, 64, 41, 23, 45, 21, 21, 29, 49]",32.85345494579952
"[35, 18, 49, 48, 15, 25, 13, 61, 41, 25, 42, 21, 21, 28, 53]",30.605790650406377
"[35, 16, 52, 47, 15, 25, 12, 64, 41, 23, 44, 20, 21, 28, 52]",29.88029674796747
"[35, 14, 54, 47, 15, 25, 12, 64, 41, 23, 44, 20, 21, 28, 52]",31.176445460704578
"[35, 15, 52, 48, 15, 25, 12, 64, 41, 23, 44, 20, 21, 28, 52]",30.703983401084127
"[35, 15, 52, 48, 15, 25, 12, 64, 41, 23, 44, 20, 21, 28, 52]",30.09177574525739
"[35, 15, 52, 48, 15, 25, 12, 63, 40, 25, 45, 20, 21, 28, 51]",30.94713990514892
"[35, 14, 53, 48, 15, 25, 12, 64, 40, 24, 43, 21, 21, 27, 53]",29.670791327913275
"[37, 18, 46, 48, 16, 25, 12, 64, 41, 23, 44, 20, 21, 28, 52]",30.54607350948501
"[36, 15, 51, 48, 15, 25, 12, 63, 42, 23, 44, 20, 21, 28, 52]",30.05820054200557
"[34, 16, 52, 48, 15, 25, 12, 64, 41, 23, 44, 20, 21, 28, 52]",29.33460433604342
"[36, 13, 54, 47, 15, 26, 12, 63, 42, 22, 43, 20, 21, 30, 51]",31.265825542005516
"[33, 16, 52, 48, 16, 25, 12, 64, 41, 23, 44, 20, 21, 28, 52]",30.03337059620594
"[34, 13, 55, 48, 15, 25, 12, 64, 41, 23, 44, 20, 21, 28, 52]",29.482581639566444
"[36, 15, 51, 48, 15, 25, 12, 64, 41, 23, 44, 20, 21, 28, 52]",29.38045088075886
"[35, 16, 51, 48, 15, 25, 12, 64, 41, 23, 43, 20, 21, 28, 53]",29.994448509485117
"[37, 13, 53, 47, 15, 25, 12, 64, 41, 23, 44, 20, 21, 27, 53]",30.866968834688233
"[35, 14, 54, 47, 15, 25, 12, 61, 42, 25, 44, 20, 21, 28, 52]",30.76699966124669
"[36, 15, 51, 47, 16, 25, 12, 66, 40, 22, 44, 20, 21, 28, 52]",30.642582655826505
"[34, 16, 52, 48, 15, 25, 12, 64, 41, 23, 44, 20, 21, 28, 52]",29.45339126016267
"[35, 15, 52, 48, 15, 25, 12, 64, 41, 23, 45, 21, 21, 29, 49]",29.613827913279117
"[35, 18, 49, 48, 15, 25, 13, 61, 41, 25, 42, 21, 21, 28, 53]",31.255212059620558
"[35, 16, 52, 47, 15, 25, 12, 64, 41, 23, 44, 20, 21, 28, 52]",30.531909552845566
"[35, 14, 54, 47, 15, 25, 12, 64, 41, 23, 44, 20, 21, 28, 52]",30.802927168021753
"[35, 15, 52, 48, 15, 25, 12, 64, 41, 23, 44, 20, 21, 28, 52]",29.92357079945812
"[35, 15, 52, 48, 15, 25, 12, 64, 41, 23, 44, 20, 21, 28, 52]",29.285084688346963
"[35, 15, 52, 48, 15, 25, 12, 63, 40, 25, 45, 20, 21, 28, 51]",30.079810975609735
"[35, 14, 53, 48, 15, 25, 12, 64, 40, 24, 43, 21, 21, 27, 53]",31.691610094851008
"[37, 18, 46, 48, 16, 25, 12, 64, 41, 23, 44, 20, 21, 28, 52]",30.461801490514922
"[36, 15, 51, 48, 15, 25, 12, 63, 42, 23, 44, 20, 21, 28, 52]",30.42812533875345
"[34, 16, 52, 48, 15, 25, 12, 64, 41, 23, 44, 20, 21, 28, 52]",31.082082994579896
"[36, 13, 54, 47, 15, 26, 12, 63, 42, 22, 43, 20, 21, 30, 51]",30.131862466124705
"[33, 16, 52, 48, 16, 25, 12, 64, 41, 23, 44, 20, 21, 28, 52]",29.690124999999966
"[34, 13, 55, 48, 15, 25, 12, 64, 41, 23, 44, 20, 21, 28, 52]",29.130262533875303
"[36, 15, 51, 48, 15, 25, 12, 64, 41, 23, 44, 20, 21, 28, 52]",29.77788075880759
"[35, 16, 51, 48, 15, 25, 12, 64, 41, 23, 43, 20, 21, 28, 53]",29.95783638211378
"[37, 13, 53, 47, 15, 25, 12, 64, 41, 23, 44, 20, 21, 27, 53]",30.059753387534
"[35, 14, 54, 47, 15, 25, 12, 61, 42, 25, 44, 20, 21, 28, 52]",30.944860094850977
"[36, 15, 51, 47, 16, 25, 12, 66, 40, 22, 44, 20, 21, 28, 52]",31.85841836043363
"[34, 16, 52, 48, 15, 25, 12, 64, 41, 23, 44, 20, 21, 28, 52]",30.145506436314367
"[35, 15, 52, 48, 15, 25, 12, 64, 41, 23, 45, 21, 21, 29, 49]",30.300035907858984
"[35, 18, 49, 48, 15, 25, 13, 61, 41, 25, 42, 21, 21, 28, 53]",30.545807926829223
"[35, 16, 52, 47, 15, 25, 12, 64, 41, 23, 44, 20, 21, 28, 52]",29.346505758807595
"[35, 14, 54, 47, 15, 25, 12, 64, 41, 23, 44, 20, 21, 28, 52]",30.55305860433602
"[35, 15, 52, 48, 15, 25, 12, 64, 41, 23, 44, 20, 21, 28, 52]",30.713111449864485
"[35, 15, 52, 48, 15, 25, 12, 64, 41, 23, 44, 20, 21, 28, 52]",29.70740345528458
"[35, 15, 52, 48, 15, 25, 12, 63, 40, 25, 45, 20, 21, 28, 51]",30.50226829268279
"[35, 14, 53, 48, 15, 25, 12, 64, 40, 24, 43, 21, 21, 27, 53]",29.867640243902642
"[37, 18, 46, 48, 16, 25, 12, 64, 41, 23, 44, 20, 21, 28, 52]",30.28498543360418
"[36, 15, 51, 48, 15, 25, 12, 63, 42, 23, 44, 20, 21, 28, 52]",30.48288346883469
"[34, 16, 52, 48, 15, 25, 12, 64, 41, 23, 44, 20, 21, 28, 52]",32.805210704607155
"[36, 13, 54, 47, 15, 26, 12, 63, 42, 22, 43, 20, 21, 30, 51]",33.590114159891534
"[33, 16, 52, 48, 16, 25, 12, 64, 41, 23, 44, 20, 21, 28, 52]",30.022518631436448
"[34, 13, 55, 48, 15, 25, 12, 64, 41, 23, 44, 20, 21, 28, 52]",30.59999728997297
"[36, 15, 51, 48, 15, 25, 12, 64, 41, 23, 44, 20, 21, 28, 52]",29.849772018970228
"[35, 16, 51, 48, 15, 25, 12, 64, 41, 23, 43, 20, 21, 28, 53]",30.601853319783228
"[37, 13, 53, 47, 15, 25, 12, 64, 41, 23, 44, 20, 21, 27, 53]",29.05767682926829
"[35, 14, 54, 47, 15, 25, 12, 61, 42, 25, 44, 20, 21, 28, 52]",29.622039634146304
"[36, 15, 51, 47, 16, 25, 12, 66, 40, 22, 44, 20, 21, 28, 52]",30.543721544715517
"[34, 16, 52, 48, 15, 25, 12, 64, 41, 23, 44, 20, 21, 28, 52]",30.92050846883475
"[35, 15, 52, 48, 15, 25, 12, 64, 41, 23, 45, 21, 21, 29, 49]",29.061560636856296
"[35, 18, 49, 48, 15, 25, 13, 61, 41, 25, 42, 21, 21, 28, 53]",30.396476287262917
"[35, 16, 52, 47, 15, 25, 12, 64, 41, 23, 44, 20, 21, 28, 52]",30.150000677506913
"[35, 14, 54, 47, 15, 25, 12, 64, 41, 23, 44, 20, 21, 28, 52]",29.15494647696488
"[35, 15, 52, 48, 15, 25, 12, 64, 41, 23, 44, 20, 21, 28, 52]",30.891202913278935
"[35, 15, 52, 48, 15, 25, 12, 64, 41, 23, 44, 20, 21, 28, 52]",29.816508468834634
"[35, 15, 52, 48, 15, 25, 12, 63, 40, 25, 45, 20, 21, 28, 51]",29.49662838753386
"[35, 14, 53, 48, 15, 25, 12, 64, 40, 24, 43, 21, 21, 27, 53]",30.132430894308985
"[37, 18, 46, 48, 16, 25, 12, 64, 41, 23, 44, 20, 21, 28, 52]",29.711685298103024
"[36, 15, 51, 48, 15, 25, 12, 63, 42, 23, 44, 20, 21, 28, 52]",29.63426998644984
"[34, 16, 52, 48, 15, 25, 12, 64, 41, 23, 44, 20, 21, 28, 52]",30.55321680216814
"[36, 13, 54, 47, 15, 26, 12, 63, 42, 22, 43, 20, 21, 30, 51]",30.8652073170731
"[33, 16, 52, 48, 16, 25, 12, 64, 41, 23, 44, 20, 21, 28, 52]",30.630924796747916
"[34, 13, 55, 48, 15, 25, 12, 64, 41, 23, 44, 20, 21, 28, 52]",29.70193191056904
"[36, 15, 51, 48, 15, 25, 12, 64, 41, 23, 44, 20, 21, 28, 52]",28.94140785907859
"[35, 16, 51, 48, 15, 25, 12, 64, 41, 23, 43, 20, 21, 28, 53]",29.981974593495792
"[37, 13, 53, 47, 15, 25, 12, 64, 41, 23, 44, 20, 21, 27, 53]",29.558827913279092
"[35, 14, 54, 47, 15, 25, 12, 61, 42, 25, 44, 20, 21, 28, 52]",30.838317411924038
"[36, 15, 51, 47, 16, 25, 12, 66, 40, 22, 44, 20, 21, 28, 52]",29.674150406504005
"[34, 16, 52, 48, 15, 25, 12, 64, 41, 23, 44, 20, 21, 28, 52]",30.925680894309046
"[35, 15, 52, 48, 15, 25, 12, 64, 41, 23, 45, 21, 21, 29, 49]",29.360644986449934
"[35, 18, 49, 48, 15, 25, 13, 61, 41, 25, 42, 21, 21, 28, 53]",29.35556334688341
"[35, 16, 52, 47, 15, 25, 12, 64, 41, 23, 44, 20, 21, 28, 52]",28.913313685636737
"[35, 14, 54, 47, 15, 25, 12, 64, 41, 23, 44, 20, 21, 28, 52]",28.955092818428117
"[35, 15, 52, 48, 15, 25, 12, 64, 41, 23, 44, 20, 21, 28, 52]",29.976825542005308
"[35, 15, 52, 48, 15, 25, 12, 64, 41, 23, 44, 20, 21, 28, 52]",29.483998306233087
"[35, 15, 52, 48, 15, 25, 12, 63, 40, 25, 45, 20, 21, 28, 51]",29.47675304878054
"[35, 14, 53, 48, 15, 25, 12, 64, 40, 24, 43, 21, 21, 27, 53]",30.659503048780547
"[37, 18, 46, 48, 16, 25, 12, 64, 41, 23, 44, 20, 21, 28, 52]",29.234999661246594
"[36, 15, 51, 48, 15, 25, 12, 63, 42, 23, 44, 20, 21, 28, 52]",29.296521341463347
"[34, 16, 52, 48, 15, 25, 12, 64, 41, 23, 44, 20, 21, 28, 52]",29.129994918699108
"[36, 13, 54, 47, 15, 26, 12, 63, 42, 22, 43, 20, 21, 30, 51]",28.858265582655893
"[33, 16, 52, 48, 16, 25, 12, 64, 41, 23, 44, 20, 21, 28, 52]",30.01809586720866
"[34, 13, 55, 48, 15, 25, 12, 64, 41, 23, 44, 20, 21, 28, 52]",29.76429403794041
"[36, 15, 51, 48, 15, 25, 12, 64, 41, 23, 44, 20, 21, 28, 52]",29.980881097561046
"[35, 16, 51, 48, 15, 25, 12, 64, 41, 23, 43, 20, 21, 28, 53]",30.07304031165303
"[37, 13, 53, 47, 15, 25, 12, 64, 41, 23, 44, 20, 21, 27, 53]",29.80865684281842
"[35, 14, 54, 47, 15, 25, 12, 61, 42, 25, 44, 20, 21, 28, 52]",31.265488143631362
"[36, 15, 51, 47, 16, 25, 12, 66, 40, 22, 44, 20, 21, 28, 52]",30.082832655826653
"[34, 16, 52, 48, 15, 25, 12, 64, 41, 23, 44, 20, 21, 28, 52]",31.247417005420136
"[35, 15, 52, 48, 15, 25, 12, 64, 41, 23, 45, 21, 21, 29, 49]",29.464921409214096
"[35, 18, 49, 48, 15, 25, 13, 61, 41, 25, 42, 21, 21, 28, 53]",29.547363143631323
"[35, 16, 52, 47, 15, 25, 12, 64, 41, 23, 44, 20, 21, 28, 52]",29.310532520325232
"[35, 14, 54, 47, 15, 25, 12, 64, 41, 23, 44, 20, 21, 28, 52]",29.86775609756102
"[35, 15, 52, 48, 15, 25, 12, 64, 41, 23, 44, 20, 21, 28, 52]",30.527917344173325
"[35, 15, 52, 48, 15, 25, 12, 64, 41, 23, 44, 20, 21, 28, 52]",30.61020291327911
"[35, 15, 52, 48, 15, 25, 12, 63, 40, 25, 45, 20, 21, 28, 51]",30.064754742547397
"[35, 14, 53, 48, 15, 25, 12, 64, 40, 24, 43, 21, 21, 27, 53]",30.6369569783199
"[37, 18, 46, 48, 16, 25, 12, 64, 41, 23, 44, 20, 21, 28, 52]",30.000643292682916
"[36, 15, 51, 48, 15, 25, 12, 63, 42, 23, 44, 20, 21, 28, 52]",29.433019308943063
"[34, 16, 52, 48, 15, 25, 12, 64, 41, 23, 44, 20, 21, 28, 52]",29.97977540650413
"[36, 13, 54, 47, 15, 26, 12, 63, 42, 22, 43, 20, 21, 30, 51]",31.796992208671995
"[33, 16, 52, 48, 16, 25, 12, 64, 41, 23, 44, 20, 21, 28, 52]",29.68914972899722
"[34, 13, 55, 48, 15, 25, 12, 64, 41, 23, 44, 20, 21, 28, 52]",29.77385907859081
"[36, 15, 51, 48, 15, 25, 12, 64, 41, 23, 44, 20, 21, 28, 52]",29.64311212737136
"[35, 16, 51, 48, 15, 25, 12, 64, 41, 23, 43, 20, 21, 28, 53]",30.264037601625997
"[37, 13, 53, 47, 15, 25, 12, 64, 41, 23, 44, 20, 21, 27, 53]",33.76464769647696
"[35, 14, 54, 47, 15, 25, 12, 61, 42, 25, 44, 20, 21, 28, 52]",30.654894308943227
"[36, 15, 51, 47, 16, 25, 12, 66, 40, 22, 44, 20, 21, 28, 52]",29.718947493225
"[34, 16, 52, 48, 15, 25, 12, 64, 41, 23, 44, 20, 21, 28, 52]",32.10100372628721
"[35, 15, 52, 48, 15, 25, 12, 64, 41, 23, 45, 21, 21, 29, 49]",30.774878048780558
"[35, 18, 49, 48, 15, 25, 13, 61, 41, 25, 42, 21, 21, 28, 53]",30.622497967479596
"[35, 16, 52, 47, 15, 25, 12, 64, 41, 23, 44, 20, 21, 28, 52]",29.94746815718165
"[35, 14, 54, 47, 15, 25, 12, 64, 41, 23, 44, 20, 21, 28, 52]",30.512351626016308
