"[24, 22, 24, 48, 47, 23, 22, 27, 22, 71, 56, 14, 1, 29, 65]",84.77127913279139
"[25, 24, 23, 48, 45, 23, 22, 27, 22, 71, 56, 14, 1, 29, 65]",58.48712195121939
"[25, 24, 23, 48, 45, 23, 22, 27, 22, 71, 56, 14, 1, 29, 65]",71.84869647696473
"[24, 24, 23, 48, 46, 23, 22, 27, 22, 71, 56, 14, 1, 29, 65]",88.57692547425474
"[24, 23, 23, 48, 47, 23, 22, 27, 22, 71, 56, 14, 1, 29, 65]",68.3513875338754
"[24, 24, 23, 48, 46, 23, 22, 27, 22, 71, 56, 14, 1, 29, 65]",62.257487804878075
"[25, 24, 23, 48, 45, 23, 22, 27, 22, 71, 56, 14, 1, 29, 65]",72.94881842818425
"[24, 24, 23, 49, 45, 23, 22, 27, 22, 71, 56, 14, 1, 29, 65]",73.70542682926835
"[24, 24, 23, 48, 46, 23, 22, 27, 22, 71, 56, 14, 1, 29, 65]",576.0745704607046
"[24, 24, 23, 48, 46, 23, 22, 27, 22, 71, 56, 14, 1, 29, 65]",87.01982384823857
"[24, 23, 23, 48, 47, 23, 22, 27, 22, 71, 56, 14, 1, 29, 65]",90.54151084010836
"[25, 24, 23, 48, 45, 23, 22, 27, 22, 71, 56, 14, 1, 29, 65]",55.22249186991868
"[25, 24, 23, 48, 45, 23, 22, 27, 22, 71, 56, 14, 1, 29, 65]",58.929085365853766
"[25, 23, 23, 48, 46, 23, 22, 27, 22, 71, 56, 14, 1, 29, 65]",75.574349593496
"[25, 24, 23, 48, 45, 23, 22, 27, 22, 71, 56, 14, 1, 29, 65]",57.19924661246614
"[24, 24, 23, 48, 46, 23, 22, 27, 22, 71, 56, 14, 1, 29, 65]",95.45016395663957
"[24, 24, 23, 48, 46, 23, 22, 27, 22, 71, 56, 14, 1, 29, 65]",87.464975609756
"[24, 24, 23, 48, 46, 23, 22, 27, 22, 71, 56, 14, 1, 29, 65]",68.05828590785916
"[25, 21, 24, 48, 47, 23, 22, 27, 22, 71, 56, 14, 1, 29, 65]",43.16480894308946
"[23, 23, 23, 49, 47, 23, 22, 27, 22, 71, 56, 14, 1, 29, 65]",617.70320596206
"[24, 22, 24, 48, 47, 23, 22, 27, 22, 71, 56, 14, 1, 29, 65]",61.778321138211474
"[25, 24, 23, 48, 45, 23, 22, 27, 22, 71, 56, 14, 1, 29, 65]",47.216321138211406
"[25, 24, 23, 48, 45, 23, 22, 27, 22, 71, 56, 14, 1, 29, 65]",47.84788075880751
"[24, 24, 23, 48, 46, 23, 22, 27, 22, 71, 56, 14, 1, 29, 65]",40.209338753387485
"[24, 23, 23, 48, 47, 23, 22, 27, 22, 71, 56, 14, 1, 29, 65]",51.18895257452582
"[24, 24, 23, 48, 46, 23, 22, 27, 22, 71, 56, 14, 1, 29, 65]",39.72247018970189
"[25, 24, 23, 48, 45, 23, 22, 27, 22, 71, 56, 14, 1, 29, 65]",65.8754241192412
"[24, 24, 23, 49, 45, 23, 22, 27, 22, 71, 56, 14, 1, 29, 65]",59.47224254742541
"[24, 24, 23, 48, 46, 23, 22, 27, 22, 71, 56, 14, 1, 29, 65]",50.84415447154475
"[24, 24, 23, 48, 46, 23, 22, 27, 22, 71, 56, 14, 1, 29, 65]",59.39333197831991
"[24, 23, 23, 48, 47, 23, 22, 27, 22, 71, 56, 14, 1, 29, 65]",66.18791327913274
"[25, 24, 23, 48, 45, 23, 22, 27, 22, 71, 56, 14, 1, 29, 65]",70.5725176151763
"[25, 24, 23, 48, 45, 23, 22, 27, 22, 71, 56, 14, 1, 29, 65]",53.590852303523036
"[25, 23, 23, 48, 46, 23, 22, 27, 22, 71, 56, 14, 1, 29, 65]",36.15653116531163
"[25, 24, 23, 48, 45, 23, 22, 27, 22, 71, 56, 14, 1, 29, 65]",42.87676422764231
"[24, 24, 23, 48, 46, 23, 22, 27, 22, 71, 56, 14, 1, 29, 65]",42.703471544715484
"[24, 24, 23, 48, 46, 23, 22, 27, 22, 71, 56, 14, 1, 29, 65]",50.41304200541997
"[24, 24, 23, 48, 46, 23, 22, 27, 22, 71, 56, 14, 1, 29, 65]",47.05566802168018
"[25, 21, 24, 48, 47, 23, 22, 27, 22, 71, 56, 14, 1, 29, 65]",39.71745528455287
"[23, 23, 23, 49, 47, 23, 22, 27, 22, 71, 56, 14, 1, 29, 65]",72.268147696477
"[24, 22, 24, 48, 47, 23, 22, 27, 22, 71, 56, 14, 1, 29, 65]",46.9309891598915
"[25, 24, 23, 48, 45, 23, 22, 27, 22, 71, 56, 14, 1, 29, 65]",38.67233197831976
"[25, 24, 23, 48, 45, 23, 22, 27, 22, 71, 56, 14, 1, 29, 65]",36.40013414634144
"[24, 24, 23, 48, 46, 23, 22, 27, 22, 71, 56, 14, 1, 29, 65]",35.788054200542
"[24, 23, 23, 48, 47, 23, 22, 27, 22, 71, 56, 14, 1, 29, 65]",41.82837262872623
"[24, 24, 23, 48, 46, 23, 22, 27, 22, 71, 56, 14, 1, 29, 65]",31.397723577235773
"[25, 24, 23, 48, 45, 23, 22, 27, 22, 71, 56, 14, 1, 29, 65]",42.12325880758811
"[24, 24, 23, 49, 45, 23, 22, 27, 22, 71, 56, 14, 1, 29, 65]",48.198691056910654
"[24, 24, 23, 48, 46, 23, 22, 27, 22, 71, 56, 14, 1, 29, 65]",54.238531165311656
"[24, 24, 23, 48, 46, 23, 22, 27, 22, 71, 56, 14, 1, 29, 65]",42.911055555555485
"[24, 23, 23, 48, 47, 23, 22, 27, 22, 71, 56, 14, 1, 29, 65]",38.58928861788611
"[25, 24, 23, 48, 45, 23, 22, 27, 22, 71, 56, 14, 1, 29, 65]",43.91107181571817
"[25, 24, 23, 48, 45, 23, 22, 27, 22, 71, 56, 14, 1, 29, 65]",53.554134146341504
"[25, 23, 23, 48, 46, 23, 22, 27, 22, 71, 56, 14, 1, 29, 65]",42.74250406504067
"[25, 24, 23, 48, 45, 23, 22, 27, 22, 71, 56, 14, 1, 29, 65]",45.077542005420064
"[24, 24, 23, 48, 46, 23, 22, 27, 22, 71, 56, 14, 1, 29, 65]",45.47101490514907
"[24, 24, 23, 48, 46, 23, 22, 27, 22, 71, 56, 14, 1, 29, 65]",33.95400948509485
"[24, 24, 23, 48, 46, 23, 22, 27, 22, 71, 56, 14, 1, 29, 65]",36.39469241192412
"[25, 21, 24, 48, 47, 23, 22, 27, 22, 71, 56, 14, 1, 29, 65]",59.917692411923994
"[23, 23, 23, 49, 47, 23, 22, 27, 22, 71, 56, 14, 1, 29, 65]",58.07286178861795
"[24, 22, 24, 48, 47, 23, 22, 27, 22, 71, 56, 14, 1, 29, 65]",32.76001490514899
"[25, 24, 23, 48, 45, 23, 22, 27, 22, 71, 56, 14, 1, 29, 65]",35.16750677506775
"[25, 24, 23, 48, 45, 23, 22, 27, 22, 71, 56, 14, 1, 29, 65]",34.92521273712732
"[24, 24, 23, 48, 46, 23, 22, 27, 22, 71, 56, 14, 1, 29, 65]",29.866188346883497
"[24, 23, 23, 48, 47, 23, 22, 27, 22, 71, 56, 14, 1, 29, 65]",34.096997289972975
"[24, 24, 23, 48, 46, 23, 22, 27, 22, 71, 56, 14, 1, 29, 65]",39.05154742547432
"[25, 24, 23, 48, 45, 23, 22, 27, 22, 71, 56, 14, 1, 29, 65]",33.0601165311653
"[24, 24, 23, 49, 45, 23, 22, 27, 22, 71, 56, 14, 1, 29, 65]",36.046611111111055
"[24, 24, 23, 48, 46, 23, 22, 27, 22, 71, 56, 14, 1, 29, 65]",53.46286720867209
"[24, 24, 23, 48, 46, 23, 22, 27, 22, 71, 56, 14, 1, 29, 65]",32.334214092140925
"[24, 23, 23, 48, 47, 23, 22, 27, 22, 71, 56, 14, 1, 29, 65]",34.250539295392954
"[25, 24, 23, 48, 45, 23, 22, 27, 22, 71, 56, 14, 1, 29, 65]",30.726495934959367
"[25, 24, 23, 48, 45, 23, 22, 27, 22, 71, 56, 14, 1, 29, 65]",46.768264227642234
"[25, 23, 23, 48, 46, 23, 22, 27, 22, 71, 56, 14, 1, 29, 65]",45.348669376693834
"[25, 24, 23, 48, 45, 23, 22, 27, 22, 71, 56, 14, 1, 29, 65]",628.6254620596201
"[24, 24, 23, 48, 46, 23, 22, 27, 22, 71, 56, 14, 1, 29, 65]",41.58163550135506
"[24, 24, 23, 48, 46, 23, 22, 27, 22, 71, 56, 14, 1, 29, 65]",36.70624661246613
"[24, 24, 23, 48, 46, 23, 22, 27, 22, 71, 56, 14, 1, 29, 65]",37.45492276422771
"[25, 21, 24, 48, 47, 23, 22, 27, 22, 71, 56, 14, 1, 29, 65]",44.45858401084017
"[23, 23, 23, 49, 47, 23, 22, 27, 22, 71, 56, 14, 1, 29, 65]",35.084281842818406
"[24, 22, 24, 48, 47, 23, 22, 27, 22, 71, 56, 14, 1, 29, 65]",29.00172899728996
"[25, 24, 23, 48, 45, 23, 22, 27, 22, 71, 56, 14, 1, 29, 65]",31.512887533875354
"[25, 24, 23, 48, 45, 23, 22, 27, 22, 71, 56, 14, 1, 29, 65]",35.65922086720868
"[24, 24, 23, 48, 46, 23, 22, 27, 22, 71, 56, 14, 1, 29, 65]",29.218699186991902
"[24, 23, 23, 48, 47, 23, 22, 27, 22, 71, 56, 14, 1, 29, 65]",31.060140921409236
"[24, 24, 23, 48, 46, 23, 22, 27, 22, 71, 56, 14, 1, 29, 65]",36.329219512195195
"[25, 24, 23, 48, 45, 23, 22, 27, 22, 71, 56, 14, 1, 29, 65]",34.870833333333316
"[24, 24, 23, 49, 45, 23, 22, 27, 22, 71, 56, 14, 1, 29, 65]",40.25449593495933
"[24, 24, 23, 48, 46, 23, 22, 27, 22, 71, 56, 14, 1, 29, 65]",36.418875338753345
"[24, 24, 23, 48, 46, 23, 22, 27, 22, 71, 56, 14, 1, 29, 65]",33.4663319783198
"[24, 23, 23, 48, 47, 23, 22, 27, 22, 71, 56, 14, 1, 29, 65]",31.77493224932247
"[25, 24, 23, 48, 45, 23, 22, 27, 22, 71, 56, 14, 1, 29, 65]",31.258608401084057
"[25, 24, 23, 48, 45, 23, 22, 27, 22, 71, 56, 14, 1, 29, 65]",43.75713008130074
"[25, 23, 23, 48, 46, 23, 22, 27, 22, 71, 56, 14, 1, 29, 65]",37.471172086720884
"[25, 24, 23, 48, 45, 23, 22, 27, 22, 71, 56, 14, 1, 29, 65]",35.83401626016268
"[24, 24, 23, 48, 46, 23, 22, 27, 22, 71, 56, 14, 1, 29, 65]",42.968811653116575
"[24, 24, 23, 48, 46, 23, 22, 27, 22, 71, 56, 14, 1, 29, 65]",36.32576964769642
"[24, 24, 23, 48, 46, 23, 22, 27, 22, 71, 56, 14, 1, 29, 65]",33.36352439024388
"[25, 21, 24, 48, 47, 23, 22, 27, 22, 71, 56, 14, 1, 29, 65]",33.73493902439021
"[23, 23, 23, 49, 47, 23, 22, 27, 22, 71, 56, 14, 1, 29, 65]",47.39515853658538
"[24, 22, 24, 48, 47, 23, 22, 27, 22, 71, 56, 14, 1, 29, 65]",39.186532520325265
"[25, 24, 23, 48, 45, 23, 22, 27, 22, 71, 56, 14, 1, 29, 65]",32.20361382113818
"[25, 24, 23, 48, 45, 23, 22, 27, 22, 71, 56, 14, 1, 29, 65]",34.4494241192411
"[24, 24, 23, 48, 46, 23, 22, 27, 22, 71, 56, 14, 1, 29, 65]",35.86232655826554
"[24, 23, 23, 48, 47, 23, 22, 27, 22, 71, 56, 14, 1, 29, 65]",34.608184281842846
"[24, 24, 23, 48, 46, 23, 22, 27, 22, 71, 56, 14, 1, 29, 65]",37.835356368563694
"[25, 24, 23, 48, 45, 23, 22, 27, 22, 71, 56, 14, 1, 29, 65]",29.78093902439023
"[24, 24, 23, 49, 45, 23, 22, 27, 22, 71, 56, 14, 1, 29, 65]",38.23488617886189
"[24, 24, 23, 48, 46, 23, 22, 27, 22, 71, 56, 14, 1, 29, 65]",34.78228184281842
"[24, 24, 23, 48, 46, 23, 22, 27, 22, 71, 56, 14, 1, 29, 65]",32.31450948509487
"[24, 23, 23, 48, 47, 23, 22, 27, 22, 71, 56, 14, 1, 29, 65]",35.34340650406504
"[25, 24, 23, 48, 45, 23, 22, 27, 22, 71, 56, 14, 1, 29, 65]",35.836230352303566
"[25, 24, 23, 48, 45, 23, 22, 27, 22, 71, 56, 14, 1, 29, 65]",38.33398102981027
"[25, 23, 23, 48, 46, 23, 22, 27, 22, 71, 56, 14, 1, 29, 65]",34.13311517615176
"[25, 24, 23, 48, 45, 23, 22, 27, 22, 71, 56, 14, 1, 29, 65]",29.154990514905172
"[24, 24, 23, 48, 46, 23, 22, 27, 22, 71, 56, 14, 1, 29, 65]",41.078242547425496
"[24, 24, 23, 48, 46, 23, 22, 27, 22, 71, 56, 14, 1, 29, 65]",38.9023130081301
"[24, 24, 23, 48, 46, 23, 22, 27, 22, 71, 56, 14, 1, 29, 65]",576.7450406504068
"[25, 21, 24, 48, 47, 23, 22, 27, 22, 71, 56, 14, 1, 29, 65]",649.9236788617886
"[23, 23, 23, 49, 47, 23, 22, 27, 22, 71, 56, 14, 1, 29, 65]",33.69241327913276
"[24, 22, 24, 48, 47, 23, 22, 27, 22, 71, 56, 14, 1, 29, 65]",38.44824525745258
"[25, 24, 23, 48, 45, 23, 22, 27, 22, 71, 56, 14, 1, 29, 65]",38.96581165311651
"[25, 24, 23, 48, 45, 23, 22, 27, 22, 71, 56, 14, 1, 29, 65]",598.9156964769643
"[24, 24, 23, 48, 46, 23, 22, 27, 22, 71, 56, 14, 1, 29, 65]",33.08415582655827
"[24, 23, 23, 48, 47, 23, 22, 27, 22, 71, 56, 14, 1, 29, 65]",36.79641463414641
"[24, 24, 23, 48, 46, 23, 22, 27, 22, 71, 56, 14, 1, 29, 65]",34.35688211382114
"[25, 24, 23, 48, 45, 23, 22, 27, 22, 71, 56, 14, 1, 29, 65]",31.294934959349597
"[24, 24, 23, 49, 45, 23, 22, 27, 22, 71, 56, 14, 1, 29, 65]",32.76795392953929
"[24, 24, 23, 48, 46, 23, 22, 27, 22, 71, 56, 14, 1, 29, 65]",31.44268021680226
"[24, 24, 23, 48, 46, 23, 22, 27, 22, 71, 56, 14, 1, 29, 65]",35.899859078590765
"[24, 23, 23, 48, 47, 23, 22, 27, 22, 71, 56, 14, 1, 29, 65]",34.675892953929576
"[25, 24, 23, 48, 45, 23, 22, 27, 22, 71, 56, 14, 1, 29, 65]",30.53578184281843
"[25, 24, 23, 48, 45, 23, 22, 27, 22, 71, 56, 14, 1, 29, 65]",32.19094308943094
"[25, 23, 23, 48, 46, 23, 22, 27, 22, 71, 56, 14, 1, 29, 65]",33.76942005420049
"[25, 24, 23, 48, 45, 23, 22, 27, 22, 71, 56, 14, 1, 29, 65]",32.61983197831978
"[24, 24, 23, 48, 46, 23, 22, 27, 22, 71, 56, 14, 1, 29, 65]",32.896678861788665
"[24, 24, 23, 48, 46, 23, 22, 27, 22, 71, 56, 14, 1, 29, 65]",30.586562330623302
"[24, 24, 23, 48, 46, 23, 22, 27, 22, 71, 56, 14, 1, 29, 65]",580.2375325203257
"[25, 21, 24, 48, 47, 23, 22, 27, 22, 71, 56, 14, 1, 29, 65]",609.9846490514906
"[23, 23, 23, 49, 47, 23, 22, 27, 22, 71, 56, 14, 1, 29, 65]",35.80831436314365
"[24, 22, 24, 48, 47, 23, 22, 27, 22, 71, 56, 14, 1, 29, 65]",35.79522493224939
"[25, 24, 23, 48, 45, 23, 22, 27, 22, 71, 56, 14, 1, 29, 65]",34.144662601625974
"[25, 24, 23, 48, 45, 23, 22, 27, 22, 71, 56, 14, 1, 29, 65]",610.4834146341465
"[24, 24, 23, 48, 46, 23, 22, 27, 22, 71, 56, 14, 1, 29, 65]",36.05205962059621
"[24, 23, 23, 48, 47, 23, 22, 27, 22, 71, 56, 14, 1, 29, 65]",37.18705962059614
"[24, 24, 23, 48, 46, 23, 22, 27, 22, 71, 56, 14, 1, 29, 65]",32.783200542005424
"[25, 24, 23, 48, 45, 23, 22, 27, 22, 71, 56, 14, 1, 29, 65]",36.29210975609758
"[24, 24, 23, 49, 45, 23, 22, 27, 22, 71, 56, 14, 1, 29, 65]",32.43118157181572
"[24, 24, 23, 48, 46, 23, 22, 27, 22, 71, 56, 14, 1, 29, 65]",42.73538482384825
"[24, 24, 23, 48, 46, 23, 22, 27, 22, 71, 56, 14, 1, 29, 65]",594.1492710027104
"[24, 23, 23, 48, 47, 23, 22, 27, 22, 71, 56, 14, 1, 29, 65]",31.96766531165313
"[25, 24, 23, 48, 45, 23, 22, 27, 22, 71, 56, 14, 1, 29, 65]",31.585680216802217
"[25, 24, 23, 48, 45, 23, 22, 27, 22, 71, 56, 14, 1, 29, 65]",39.68958130081302
"[25, 23, 23, 48, 46, 23, 22, 27, 22, 71, 56, 14, 1, 29, 65]",32.30754200542001
"[25, 24, 23, 48, 45, 23, 22, 27, 22, 71, 56, 14, 1, 29, 65]",31.684474254742543
"[24, 24, 23, 48, 46, 23, 22, 27, 22, 71, 56, 14, 1, 29, 65]",592.4073956639562
"[24, 24, 23, 48, 46, 23, 22, 27, 22, 71, 56, 14, 1, 29, 65]",32.8027777777778
"[24, 24, 23, 48, 46, 23, 22, 27, 22, 71, 56, 14, 1, 29, 65]",576.8927520325202
"[25, 21, 24, 48, 47, 23, 22, 27, 22, 71, 56, 14, 1, 29, 65]",581.855761517615
"[23, 23, 23, 49, 47, 23, 22, 27, 22, 71, 56, 14, 1, 29, 65]",32.68136449864507
"[24, 22, 24, 48, 47, 23, 22, 27, 22, 71, 56, 14, 1, 29, 65]",35.20566937669377
"[25, 24, 23, 48, 45, 23, 22, 27, 22, 71, 56, 14, 1, 29, 65]",34.98760840108399
"[25, 24, 23, 48, 45, 23, 22, 27, 22, 71, 56, 14, 1, 29, 65]",579.2395067750675
"[24, 24, 23, 48, 46, 23, 22, 27, 22, 71, 56, 14, 1, 29, 65]",36.07477642276429
"[24, 23, 23, 48, 47, 23, 22, 27, 22, 71, 56, 14, 1, 29, 65]",41.27539295392955
"[24, 24, 23, 48, 46, 23, 22, 27, 22, 71, 56, 14, 1, 29, 65]",33.6259268292683
"[25, 24, 23, 48, 45, 23, 22, 27, 22, 71, 56, 14, 1, 29, 65]",37.46864092140918
"[24, 24, 23, 49, 45, 23, 22, 27, 22, 71, 56, 14, 1, 29, 65]",29.562322493224936
"[24, 24, 23, 48, 46, 23, 22, 27, 22, 71, 56, 14, 1, 29, 65]",32.27555149051493
"[24, 24, 23, 48, 46, 23, 22, 27, 22, 71, 56, 14, 1, 29, 65]",571.9241829268299
"[24, 23, 23, 48, 47, 23, 22, 27, 22, 71, 56, 14, 1, 29, 65]",34.997914634146376
"[25, 24, 23, 48, 45, 23, 22, 27, 22, 71, 56, 14, 1, 29, 65]",39.080258807588066
"[25, 24, 23, 48, 45, 23, 22, 27, 22, 71, 56, 14, 1, 29, 65]",31.92923306233062
"[25, 23, 23, 48, 46, 23, 22, 27, 22, 71, 56, 14, 1, 29, 65]",42.21356775067744
"[25, 24, 23, 48, 45, 23, 22, 27, 22, 71, 56, 14, 1, 29, 65]",33.870417344173404
"[24, 24, 23, 48, 46, 23, 22, 27, 22, 71, 56, 14, 1, 29, 65]",611.3285704607038
"[24, 24, 23, 48, 46, 23, 22, 27, 22, 71, 56, 14, 1, 29, 65]",35.137231707317085
"[24, 24, 23, 48, 46, 23, 22, 27, 22, 71, 56, 14, 1, 29, 65]",619.9381273712723
"[25, 21, 24, 48, 47, 23, 22, 27, 22, 71, 56, 14, 1, 29, 65]",622.6034674796741
"[23, 23, 23, 49, 47, 23, 22, 27, 22, 71, 56, 14, 1, 29, 65]",31.752284552845584
"[24, 22, 24, 48, 47, 23, 22, 27, 22, 71, 56, 14, 1, 29, 65]",35.4595054200542
"[25, 24, 23, 48, 45, 23, 22, 27, 22, 71, 56, 14, 1, 29, 65]",29.446165311653104
"[25, 24, 23, 48, 45, 23, 22, 27, 22, 71, 56, 14, 1, 29, 65]",30.268134146341513
"[24, 24, 23, 48, 46, 23, 22, 27, 22, 71, 56, 14, 1, 29, 65]",32.111798102981034
"[24, 23, 23, 48, 47, 23, 22, 27, 22, 71, 56, 14, 1, 29, 65]",32.400831978319744
"[24, 24, 23, 48, 46, 23, 22, 27, 22, 71, 56, 14, 1, 29, 65]",33.9776409214092
"[25, 24, 23, 48, 45, 23, 22, 27, 22, 71, 56, 14, 1, 29, 65]",35.571197831978346
"[24, 24, 23, 49, 45, 23, 22, 27, 22, 71, 56, 14, 1, 29, 65]",31.124544715447175
"[24, 24, 23, 48, 46, 23, 22, 27, 22, 71, 56, 14, 1, 29, 65]",32.572627371273704
"[24, 24, 23, 48, 46, 23, 22, 27, 22, 71, 56, 14, 1, 29, 65]",28.18350271002712
"[24, 23, 23, 48, 47, 23, 22, 27, 22, 71, 56, 14, 1, 29, 65]",32.68524390243901
"[25, 24, 23, 48, 45, 23, 22, 27, 22, 71, 56, 14, 1, 29, 65]",35.97152439024386
"[25, 24, 23, 48, 45, 23, 22, 27, 22, 71, 56, 14, 1, 29, 65]",31.874495934959395
"[25, 23, 23, 48, 46, 23, 22, 27, 22, 71, 56, 14, 1, 29, 65]",34.94437940379408
"[25, 24, 23, 48, 45, 23, 22, 27, 22, 71, 56, 14, 1, 29, 65]",37.401990514905165
"[24, 24, 23, 48, 46, 23, 22, 27, 22, 71, 56, 14, 1, 29, 65]",41.27231707317075
"[24, 24, 23, 48, 46, 23, 22, 27, 22, 71, 56, 14, 1, 29, 65]",36.19710162601623
"[24, 24, 23, 48, 46, 23, 22, 27, 22, 71, 56, 14, 1, 29, 65]",589.929628726288
"[25, 21, 24, 48, 47, 23, 22, 27, 22, 71, 56, 14, 1, 29, 65]",35.64849457994579
"[23, 23, 23, 49, 47, 23, 22, 27, 22, 71, 56, 14, 1, 29, 65]",34.060855013550054
"[24, 22, 24, 48, 47, 23, 22, 27, 22, 71, 56, 14, 1, 29, 65]",33.064280487804844
"[25, 24, 23, 48, 45, 23, 22, 27, 22, 71, 56, 14, 1, 29, 65]",38.78653794037946
"[25, 24, 23, 48, 45, 23, 22, 27, 22, 71, 56, 14, 1, 29, 65]",34.160844173441745
"[24, 24, 23, 48, 46, 23, 22, 27, 22, 71, 56, 14, 1, 29, 65]",39.40130081300814
"[24, 23, 23, 48, 47, 23, 22, 27, 22, 71, 56, 14, 1, 29, 65]",34.11865718157181
"[24, 24, 23, 48, 46, 23, 22, 27, 22, 71, 56, 14, 1, 29, 65]",602.0650067750684
"[25, 24, 23, 48, 45, 23, 22, 27, 22, 71, 56, 14, 1, 29, 65]",32.15520731707315
"[24, 24, 23, 49, 45, 23, 22, 27, 22, 71, 56, 14, 1, 29, 65]",31.640735772357704
"[24, 24, 23, 48, 46, 23, 22, 27, 22, 71, 56, 14, 1, 29, 65]",33.99886178861784
"[24, 24, 23, 48, 46, 23, 22, 27, 22, 71, 56, 14, 1, 29, 65]",40.84473170731707
"[24, 23, 23, 48, 47, 23, 22, 27, 22, 71, 56, 14, 1, 29, 65]",32.01426287262874
"[25, 24, 23, 48, 45, 23, 22, 27, 22, 71, 56, 14, 1, 29, 65]",31.789222222222236
"[25, 24, 23, 48, 45, 23, 22, 27, 22, 71, 56, 14, 1, 29, 65]",41.33585907859076
"[25, 23, 23, 48, 46, 23, 22, 27, 22, 71, 56, 14, 1, 29, 65]",34.060604336043404
"[25, 24, 23, 48, 45, 23, 22, 27, 22, 71, 56, 14, 1, 29, 65]",30.853513550135528
"[24, 24, 23, 48, 46, 23, 22, 27, 22, 71, 56, 14, 1, 29, 65]",36.17296883468839
"[24, 24, 23, 48, 46, 23, 22, 27, 22, 71, 56, 14, 1, 29, 65]",33.57639024390249
"[24, 24, 23, 48, 46, 23, 22, 27, 22, 71, 56, 14, 1, 29, 65]",33.07660840108409
"[25, 21, 24, 48, 47, 23, 22, 27, 22, 71, 56, 14, 1, 29, 65]",40.11631978319787
"[23, 23, 23, 49, 47, 23, 22, 27, 22, 71, 56, 14, 1, 29, 65]",37.336350948509434
"[24, 22, 24, 48, 47, 23, 22, 27, 22, 71, 56, 14, 1, 29, 65]",33.98665989159889
"[25, 24, 23, 48, 45, 23, 22, 27, 22, 71, 56, 14, 1, 29, 65]",34.30200271002712
"[25, 24, 23, 48, 45, 23, 22, 27, 22, 71, 56, 14, 1, 29, 65]",32.443684281842884
"[24, 24, 23, 48, 46, 23, 22, 27, 22, 71, 56, 14, 1, 29, 65]",33.682378048780485
"[24, 23, 23, 48, 47, 23, 22, 27, 22, 71, 56, 14, 1, 29, 65]",39.80099051490512
"[24, 24, 23, 48, 46, 23, 22, 27, 22, 71, 56, 14, 1, 29, 65]",588.9032140921405
"[25, 24, 23, 48, 45, 23, 22, 27, 22, 71, 56, 14, 1, 29, 65]",34.96051219512194
"[24, 24, 23, 49, 45, 23, 22, 27, 22, 71, 56, 14, 1, 29, 65]",33.99989837398365
"[24, 24, 23, 48, 46, 23, 22, 27, 22, 71, 56, 14, 1, 29, 65]",38.486752032520315
"[24, 24, 23, 48, 46, 23, 22, 27, 22, 71, 56, 14, 1, 29, 65]",30.339536585365902
"[24, 23, 23, 48, 47, 23, 22, 27, 22, 71, 56, 14, 1, 29, 65]",35.783414634146396
"[25, 24, 23, 48, 45, 23, 22, 27, 22, 71, 56, 14, 1, 29, 65]",35.268638211382125
"[25, 24, 23, 48, 45, 23, 22, 27, 22, 71, 56, 14, 1, 29, 65]",34.22676287262871
"[25, 23, 23, 48, 46, 23, 22, 27, 22, 71, 56, 14, 1, 29, 65]",35.09452710027103
"[25, 24, 23, 48, 45, 23, 22, 27, 22, 71, 56, 14, 1, 29, 65]",34.213292682926806
"[24, 24, 23, 48, 46, 23, 22, 27, 22, 71, 56, 14, 1, 29, 65]",37.95029132791327
"[24, 24, 23, 48, 46, 23, 22, 27, 22, 71, 56, 14, 1, 29, 65]",38.77473170731713
"[24, 24, 23, 48, 46, 23, 22, 27, 22, 71, 56, 14, 1, 29, 65]",39.131452574525774
"[25, 21, 24, 48, 47, 23, 22, 27, 22, 71, 56, 14, 1, 29, 65]",37.260602981029784
"[23, 23, 23, 49, 47, 23, 22, 27, 22, 71, 56, 14, 1, 29, 65]",38.463283197832034
"[24, 22, 24, 48, 47, 23, 22, 27, 22, 71, 56, 14, 1, 29, 65]",30.377085365853688
"[25, 24, 23, 48, 45, 23, 22, 27, 22, 71, 56, 14, 1, 29, 65]",35.25066395663957
"[25, 24, 23, 48, 45, 23, 22, 27, 22, 71, 56, 14, 1, 29, 65]",32.38672899729
"[24, 24, 23, 48, 46, 23, 22, 27, 22, 71, 56, 14, 1, 29, 65]",31.346285907859134
"[24, 23, 23, 48, 47, 23, 22, 27, 22, 71, 56, 14, 1, 29, 65]",35.04868563685629
"[24, 24, 23, 48, 46, 23, 22, 27, 22, 71, 56, 14, 1, 29, 65]",36.12122086720875
"[25, 24, 23, 48, 45, 23, 22, 27, 22, 71, 56, 14, 1, 29, 65]",33.28987940379403
"[24, 24, 23, 49, 45, 23, 22, 27, 22, 71, 56, 14, 1, 29, 65]",34.53971409214094
"[24, 24, 23, 48, 46, 23, 22, 27, 22, 71, 56, 14, 1, 29, 65]",37.83663143631437
"[24, 24, 23, 48, 46, 23, 22, 27, 22, 71, 56, 14, 1, 29, 65]",38.08655420054199
"[24, 23, 23, 48, 47, 23, 22, 27, 22, 71, 56, 14, 1, 29, 65]",29.734313008130083
"[25, 24, 23, 48, 45, 23, 22, 27, 22, 71, 56, 14, 1, 29, 65]",32.13942005420055
"[25, 24, 23, 48, 45, 23, 22, 27, 22, 71, 56, 14, 1, 29, 65]",40.383808943089505
"[25, 23, 23, 48, 46, 23, 22, 27, 22, 71, 56, 14, 1, 29, 65]",31.069783197831914
"[25, 24, 23, 48, 45, 23, 22, 27, 22, 71, 56, 14, 1, 29, 65]",35.29415718157185
"[24, 24, 23, 48, 46, 23, 22, 27, 22, 71, 56, 14, 1, 29, 65]",34.57800000000005
"[24, 24, 23, 48, 46, 23, 22, 27, 22, 71, 56, 14, 1, 29, 65]",36.52139972899739
"[24, 24, 23, 48, 46, 23, 22, 27, 22, 71, 56, 14, 1, 29, 65]",41.07184959349587
"[25, 21, 24, 48, 47, 23, 22, 27, 22, 71, 56, 14, 1, 29, 65]",35.194130081300834
"[23, 23, 23, 49, 47, 23, 22, 27, 22, 71, 56, 14, 1, 29, 65]",37.830318428184256
"[24, 22, 24, 48, 47, 23, 22, 27, 22, 71, 56, 14, 1, 29, 65]",41.448586720867205
"[25, 24, 23, 48, 45, 23, 22, 27, 22, 71, 56, 14, 1, 29, 65]",30.787349593495957
"[25, 24, 23, 48, 45, 23, 22, 27, 22, 71, 56, 14, 1, 29, 65]",38.47712330623302
"[24, 24, 23, 48, 46, 23, 22, 27, 22, 71, 56, 14, 1, 29, 65]",38.2613536585366
"[24, 23, 23, 48, 47, 23, 22, 27, 22, 71, 56, 14, 1, 29, 65]",33.50842276422761
"[24, 24, 23, 48, 46, 23, 22, 27, 22, 71, 56, 14, 1, 29, 65]",35.89564363143636
"[25, 24, 23, 48, 45, 23, 22, 27, 22, 71, 56, 14, 1, 29, 65]",38.678628726287265
"[24, 24, 23, 49, 45, 23, 22, 27, 22, 71, 56, 14, 1, 29, 65]",43.71995934959343
"[24, 24, 23, 48, 46, 23, 22, 27, 22, 71, 56, 14, 1, 29, 65]",36.22338753387534
"[24, 24, 23, 48, 46, 23, 22, 27, 22, 71, 56, 14, 1, 29, 65]",39.726246612466106
"[24, 23, 23, 48, 47, 23, 22, 27, 22, 71, 56, 14, 1, 29, 65]",35.670897018970194
"[25, 24, 23, 48, 45, 23, 22, 27, 22, 71, 56, 14, 1, 29, 65]",32.54788753387535
"[25, 24, 23, 48, 45, 23, 22, 27, 22, 71, 56, 14, 1, 29, 65]",34.781456639566436
"[25, 23, 23, 48, 46, 23, 22, 27, 22, 71, 56, 14, 1, 29, 65]",32.60038482384825
"[25, 24, 23, 48, 45, 23, 22, 27, 22, 71, 56, 14, 1, 29, 65]",34.91856368563688
"[24, 24, 23, 48, 46, 23, 22, 27, 22, 71, 56, 14, 1, 29, 65]",30.84062330623302
"[24, 24, 23, 48, 46, 23, 22, 27, 22, 71, 56, 14, 1, 29, 65]",33.36703252032519
"[24, 24, 23, 48, 46, 23, 22, 27, 22, 71, 56, 14, 1, 29, 65]",42.17154742547418
"[25, 21, 24, 48, 47, 23, 22, 27, 22, 71, 56, 14, 1, 29, 65]",31.463052845528463
"[23, 23, 23, 49, 47, 23, 22, 27, 22, 71, 56, 14, 1, 29, 65]",32.48323441734415
"[24, 22, 24, 48, 47, 23, 22, 27, 22, 71, 56, 14, 1, 29, 65]",37.087090785907904
"[25, 24, 23, 48, 45, 23, 22, 27, 22, 71, 56, 14, 1, 29, 65]",38.103491869918734
"[25, 24, 23, 48, 45, 23, 22, 27, 22, 71, 56, 14, 1, 29, 65]",31.646703252032474
"[24, 24, 23, 48, 46, 23, 22, 27, 22, 71, 56, 14, 1, 29, 65]",32.88119241192408
"[24, 23, 23, 48, 47, 23, 22, 27, 22, 71, 56, 14, 1, 29, 65]",36.37143089430894
"[24, 24, 23, 48, 46, 23, 22, 27, 22, 71, 56, 14, 1, 29, 65]",37.47157859078588
"[25, 24, 23, 48, 45, 23, 22, 27, 22, 71, 56, 14, 1, 29, 65]",40.03541056910565
"[24, 24, 23, 49, 45, 23, 22, 27, 22, 71, 56, 14, 1, 29, 65]",32.506521680216764
"[24, 24, 23, 48, 46, 23, 22, 27, 22, 71, 56, 14, 1, 29, 65]",31.849550135501328
"[24, 24, 23, 48, 46, 23, 22, 27, 22, 71, 56, 14, 1, 29, 65]",615.1966869918697
"[24, 23, 23, 48, 47, 23, 22, 27, 22, 71, 56, 14, 1, 29, 65]",35.07566666666671
"[25, 24, 23, 48, 45, 23, 22, 27, 22, 71, 56, 14, 1, 29, 65]",38.74492140921407
"[25, 24, 23, 48, 45, 23, 22, 27, 22, 71, 56, 14, 1, 29, 65]",30.27722764227644
"[25, 23, 23, 48, 46, 23, 22, 27, 22, 71, 56, 14, 1, 29, 65]",35.59418699186994
"[25, 24, 23, 48, 45, 23, 22, 27, 22, 71, 56, 14, 1, 29, 65]",34.935570460704625
"[24, 24, 23, 48, 46, 23, 22, 27, 22, 71, 56, 14, 1, 29, 65]",31.434638211382087
"[24, 24, 23, 48, 46, 23, 22, 27, 22, 71, 56, 14, 1, 29, 65]",33.80443224932256
"[24, 24, 23, 48, 46, 23, 22, 27, 22, 71, 56, 14, 1, 29, 65]",40.35031978319778
"[25, 21, 24, 48, 47, 23, 22, 27, 22, 71, 56, 14, 1, 29, 65]",30.07753116531164
"[23, 23, 23, 49, 47, 23, 22, 27, 22, 71, 56, 14, 1, 29, 65]",41.300440379403774
"[24, 22, 24, 48, 47, 23, 22, 27, 22, 71, 56, 14, 1, 29, 65]",42.96109756097574
"[25, 24, 23, 48, 45, 23, 22, 27, 22, 71, 56, 14, 1, 29, 65]",34.77864905149048
"[25, 24, 23, 48, 45, 23, 22, 27, 22, 71, 56, 14, 1, 29, 65]",34.30997831978317
"[24, 24, 23, 48, 46, 23, 22, 27, 22, 71, 56, 14, 1, 29, 65]",42.56687262872624
"[24, 23, 23, 48, 47, 23, 22, 27, 22, 71, 56, 14, 1, 29, 65]",34.364974254742485
"[24, 24, 23, 48, 46, 23, 22, 27, 22, 71, 56, 14, 1, 29, 65]",39.983691056910594
"[25, 24, 23, 48, 45, 23, 22, 27, 22, 71, 56, 14, 1, 29, 65]",33.65969647696475
"[24, 24, 23, 49, 45, 23, 22, 27, 22, 71, 56, 14, 1, 29, 65]",33.54345799457994
"[24, 24, 23, 48, 46, 23, 22, 27, 22, 71, 56, 14, 1, 29, 65]",40.87082791327913
"[24, 24, 23, 48, 46, 23, 22, 27, 22, 71, 56, 14, 1, 29, 65]",619.9943807588086
"[24, 23, 23, 48, 47, 23, 22, 27, 22, 71, 56, 14, 1, 29, 65]",31.029632791327916
"[25, 24, 23, 48, 45, 23, 22, 27, 22, 71, 56, 14, 1, 29, 65]",562.4477628726279
"[25, 24, 23, 48, 45, 23, 22, 27, 22, 71, 56, 14, 1, 29, 65]",31.86908807588074
"[25, 23, 23, 48, 46, 23, 22, 27, 22, 71, 56, 14, 1, 29, 65]",33.14270054200547
"[25, 24, 23, 48, 45, 23, 22, 27, 22, 71, 56, 14, 1, 29, 65]",28.224689701897056
"[24, 24, 23, 48, 46, 23, 22, 27, 22, 71, 56, 14, 1, 29, 65]",41.4274268292683
"[24, 24, 23, 48, 46, 23, 22, 27, 22, 71, 56, 14, 1, 29, 65]",32.905040650406484
"[24, 24, 23, 48, 46, 23, 22, 27, 22, 71, 56, 14, 1, 29, 65]",35.3667493224932
"[25, 21, 24, 48, 47, 23, 22, 27, 22, 71, 56, 14, 1, 29, 65]",30.125474254742564
"[23, 23, 23, 49, 47, 23, 22, 27, 22, 71, 56, 14, 1, 29, 65]",30.493276422764175
"[24, 22, 24, 48, 47, 23, 22, 27, 22, 71, 56, 14, 1, 29, 65]",32.48963685636855
"[25, 24, 23, 48, 45, 23, 22, 27, 22, 71, 56, 14, 1, 29, 65]",33.9681937669377
"[25, 24, 23, 48, 45, 23, 22, 27, 22, 71, 56, 14, 1, 29, 65]",36.494956639566446
"[24, 24, 23, 48, 46, 23, 22, 27, 22, 71, 56, 14, 1, 29, 65]",32.88183739837396
"[24, 23, 23, 48, 47, 23, 22, 27, 22, 71, 56, 14, 1, 29, 65]",33.609475609756096
"[24, 24, 23, 48, 46, 23, 22, 27, 22, 71, 56, 14, 1, 29, 65]",33.487055555555536
"[25, 24, 23, 48, 45, 23, 22, 27, 22, 71, 56, 14, 1, 29, 65]",36.38978861788619
"[24, 24, 23, 49, 45, 23, 22, 27, 22, 71, 56, 14, 1, 29, 65]",36.979574525745235
"[24, 24, 23, 48, 46, 23, 22, 27, 22, 71, 56, 14, 1, 29, 65]",37.10123577235772
"[24, 24, 23, 48, 46, 23, 22, 27, 22, 71, 56, 14, 1, 29, 65]",42.722081300812995
"[24, 23, 23, 48, 47, 23, 22, 27, 22, 71, 56, 14, 1, 29, 65]",33.65896341463412
"[25, 24, 23, 48, 45, 23, 22, 27, 22, 71, 56, 14, 1, 29, 65]",33.058827913279124
"[25, 24, 23, 48, 45, 23, 22, 27, 22, 71, 56, 14, 1, 29, 65]",33.78902032520326
"[25, 23, 23, 48, 46, 23, 22, 27, 22, 71, 56, 14, 1, 29, 65]",33.29482249322495
"[25, 24, 23, 48, 45, 23, 22, 27, 22, 71, 56, 14, 1, 29, 65]",36.52711924119242
"[24, 24, 23, 48, 46, 23, 22, 27, 22, 71, 56, 14, 1, 29, 65]",35.98104742547423
"[24, 24, 23, 48, 46, 23, 22, 27, 22, 71, 56, 14, 1, 29, 65]",31.85146476964769
"[24, 24, 23, 48, 46, 23, 22, 27, 22, 71, 56, 14, 1, 29, 65]",36.47288617886173
"[25, 21, 24, 48, 47, 23, 22, 27, 22, 71, 56, 14, 1, 29, 65]",38.685535230352336
"[23, 23, 23, 49, 47, 23, 22, 27, 22, 71, 56, 14, 1, 29, 65]",36.85473577235772
"[24, 22, 24, 48, 47, 23, 22, 27, 22, 71, 56, 14, 1, 29, 65]",40.758850948509526
"[25, 24, 23, 48, 45, 23, 22, 27, 22, 71, 56, 14, 1, 29, 65]",31.83872899728992
"[25, 24, 23, 48, 45, 23, 22, 27, 22, 71, 56, 14, 1, 29, 65]",33.42155555555557
"[24, 24, 23, 48, 46, 23, 22, 27, 22, 71, 56, 14, 1, 29, 65]",29.812191056910606
"[24, 23, 23, 48, 47, 23, 22, 27, 22, 71, 56, 14, 1, 29, 65]",34.667089430894265
"[24, 24, 23, 48, 46, 23, 22, 27, 22, 71, 56, 14, 1, 29, 65]",31.325283197832025
"[25, 24, 23, 48, 45, 23, 22, 27, 22, 71, 56, 14, 1, 29, 65]",48.81508265582664
"[24, 24, 23, 49, 45, 23, 22, 27, 22, 71, 56, 14, 1, 29, 65]",34.11485501355018
"[24, 24, 23, 48, 46, 23, 22, 27, 22, 71, 56, 14, 1, 29, 65]",32.351508130081356
"[24, 24, 23, 48, 46, 23, 22, 27, 22, 71, 56, 14, 1, 29, 65]",32.64467615176148
"[24, 23, 23, 48, 47, 23, 22, 27, 22, 71, 56, 14, 1, 29, 65]",37.12518292682925
"[25, 24, 23, 48, 45, 23, 22, 27, 22, 71, 56, 14, 1, 29, 65]",32.42159349593502
"[25, 24, 23, 48, 45, 23, 22, 27, 22, 71, 56, 14, 1, 29, 65]",29.529659891598936
"[25, 23, 23, 48, 46, 23, 22, 27, 22, 71, 56, 14, 1, 29, 65]",31.172558265582705
"[25, 24, 23, 48, 45, 23, 22, 27, 22, 71, 56, 14, 1, 29, 65]",36.360653116531225
"[24, 24, 23, 48, 46, 23, 22, 27, 22, 71, 56, 14, 1, 29, 65]",36.356560975609774
"[24, 24, 23, 48, 46, 23, 22, 27, 22, 71, 56, 14, 1, 29, 65]",28.79140921409209
"[24, 24, 23, 48, 46, 23, 22, 27, 22, 71, 56, 14, 1, 29, 65]",34.788733062330586
"[25, 21, 24, 48, 47, 23, 22, 27, 22, 71, 56, 14, 1, 29, 65]",32.120714092140865
"[23, 23, 23, 49, 47, 23, 22, 27, 22, 71, 56, 14, 1, 29, 65]",36.36984146341468
"[24, 22, 24, 48, 47, 23, 22, 27, 22, 71, 56, 14, 1, 29, 65]",34.04607452574529
"[25, 24, 23, 48, 45, 23, 22, 27, 22, 71, 56, 14, 1, 29, 65]",32.68929403794034
"[25, 24, 23, 48, 45, 23, 22, 27, 22, 71, 56, 14, 1, 29, 65]",33.79126016260162
"[24, 24, 23, 48, 46, 23, 22, 27, 22, 71, 56, 14, 1, 29, 65]",35.33235907859078
"[24, 23, 23, 48, 47, 23, 22, 27, 22, 71, 56, 14, 1, 29, 65]",33.428146341463446
"[24, 24, 23, 48, 46, 23, 22, 27, 22, 71, 56, 14, 1, 29, 65]",33.29365176151763
"[25, 24, 23, 48, 45, 23, 22, 27, 22, 71, 56, 14, 1, 29, 65]",37.51282926829266
"[24, 24, 23, 49, 45, 23, 22, 27, 22, 71, 56, 14, 1, 29, 65]",32.535802168021604
"[24, 24, 23, 48, 46, 23, 22, 27, 22, 71, 56, 14, 1, 29, 65]",32.842422764227656
"[24, 24, 23, 48, 46, 23, 22, 27, 22, 71, 56, 14, 1, 29, 65]",32.5351815718157
"[24, 23, 23, 48, 47, 23, 22, 27, 22, 71, 56, 14, 1, 29, 65]",32.506153116531166
"[25, 24, 23, 48, 45, 23, 22, 27, 22, 71, 56, 14, 1, 29, 65]",37.14725880758816
"[25, 24, 23, 48, 45, 23, 22, 27, 22, 71, 56, 14, 1, 29, 65]",36.80073712737125
"[25, 23, 23, 48, 46, 23, 22, 27, 22, 71, 56, 14, 1, 29, 65]",36.91537804878048
"[25, 24, 23, 48, 45, 23, 22, 27, 22, 71, 56, 14, 1, 29, 65]",38.094985094850976
"[24, 24, 23, 48, 46, 23, 22, 27, 22, 71, 56, 14, 1, 29, 65]",43.083394308943085
"[24, 24, 23, 48, 46, 23, 22, 27, 22, 71, 56, 14, 1, 29, 65]",42.538094850948525
"[24, 24, 23, 48, 46, 23, 22, 27, 22, 71, 56, 14, 1, 29, 65]",34.9607547425474
"[25, 21, 24, 48, 47, 23, 22, 27, 22, 71, 56, 14, 1, 29, 65]",34.893982384823744
"[23, 23, 23, 49, 47, 23, 22, 27, 22, 71, 56, 14, 1, 29, 65]",33.26750813008128
"[24, 22, 24, 48, 47, 23, 22, 27, 22, 71, 56, 14, 1, 29, 65]",33.73764769647698
"[25, 24, 23, 48, 45, 23, 22, 27, 22, 71, 56, 14, 1, 29, 65]",39.63179674796748
"[25, 24, 23, 48, 45, 23, 22, 27, 22, 71, 56, 14, 1, 29, 65]",31.492378048780456
"[24, 24, 23, 48, 46, 23, 22, 27, 22, 71, 56, 14, 1, 29, 65]",32.74422493224939
"[24, 23, 23, 48, 47, 23, 22, 27, 22, 71, 56, 14, 1, 29, 65]",32.24634688346879
"[24, 24, 23, 48, 46, 23, 22, 27, 22, 71, 56, 14, 1, 29, 65]",37.302237127371306
"[25, 24, 23, 48, 45, 23, 22, 27, 22, 71, 56, 14, 1, 29, 65]",32.31036449864499
"[24, 24, 23, 49, 45, 23, 22, 27, 22, 71, 56, 14, 1, 29, 65]",35.60966395663954
"[24, 24, 23, 48, 46, 23, 22, 27, 22, 71, 56, 14, 1, 29, 65]",33.24308265582659
"[24, 24, 23, 48, 46, 23, 22, 27, 22, 71, 56, 14, 1, 29, 65]",41.78119105691058
"[24, 23, 23, 48, 47, 23, 22, 27, 22, 71, 56, 14, 1, 29, 65]",35.71367344173437
"[25, 24, 23, 48, 45, 23, 22, 27, 22, 71, 56, 14, 1, 29, 65]",34.73170731707316
"[25, 24, 23, 48, 45, 23, 22, 27, 22, 71, 56, 14, 1, 29, 65]",35.968468834688366
"[25, 23, 23, 48, 46, 23, 22, 27, 22, 71, 56, 14, 1, 29, 65]",33.47869783197831
"[25, 24, 23, 48, 45, 23, 22, 27, 22, 71, 56, 14, 1, 29, 65]",33.10895663956642
"[24, 24, 23, 48, 46, 23, 22, 27, 22, 71, 56, 14, 1, 29, 65]",33.73414905149054
"[24, 24, 23, 48, 46, 23, 22, 27, 22, 71, 56, 14, 1, 29, 65]",33.42066531165312
"[24, 24, 23, 48, 46, 23, 22, 27, 22, 71, 56, 14, 1, 29, 65]",29.998066395663958
"[25, 21, 24, 48, 47, 23, 22, 27, 22, 71, 56, 14, 1, 29, 65]",37.77751084010844
"[23, 23, 23, 49, 47, 23, 22, 27, 22, 71, 56, 14, 1, 29, 65]",36.91488346883469
"[24, 22, 24, 48, 47, 23, 22, 27, 22, 71, 56, 14, 1, 29, 65]",35.01805962059619
"[25, 24, 23, 48, 45, 23, 22, 27, 22, 71, 56, 14, 1, 29, 65]",33.72831436314363
"[25, 24, 23, 48, 45, 23, 22, 27, 22, 71, 56, 14, 1, 29, 65]",37.734417344173515
"[24, 24, 23, 48, 46, 23, 22, 27, 22, 71, 56, 14, 1, 29, 65]",34.14398509485092
"[24, 23, 23, 48, 47, 23, 22, 27, 22, 71, 56, 14, 1, 29, 65]",31.285116531165258
"[24, 24, 23, 48, 46, 23, 22, 27, 22, 71, 56, 14, 1, 29, 65]",38.482317073170755
"[25, 24, 23, 48, 45, 23, 22, 27, 22, 71, 56, 14, 1, 29, 65]",40.208204607046085
"[24, 24, 23, 49, 45, 23, 22, 27, 22, 71, 56, 14, 1, 29, 65]",42.212955284552855
"[24, 24, 23, 48, 46, 23, 22, 27, 22, 71, 56, 14, 1, 29, 65]",41.58658807588078
"[24, 24, 23, 48, 46, 23, 22, 27, 22, 71, 56, 14, 1, 29, 65]",32.698940379403815
"[24, 23, 23, 48, 47, 23, 22, 27, 22, 71, 56, 14, 1, 29, 65]",37.98976151761521
"[25, 24, 23, 48, 45, 23, 22, 27, 22, 71, 56, 14, 1, 29, 65]",33.95029674796747
"[25, 24, 23, 48, 45, 23, 22, 27, 22, 71, 56, 14, 1, 29, 65]",42.928195121951234
"[25, 23, 23, 48, 46, 23, 22, 27, 22, 71, 56, 14, 1, 29, 65]",33.102964769647706
"[25, 24, 23, 48, 45, 23, 22, 27, 22, 71, 56, 14, 1, 29, 65]",33.565155826558225
"[24, 24, 23, 48, 46, 23, 22, 27, 22, 71, 56, 14, 1, 29, 65]",38.869803523035266
"[24, 24, 23, 48, 46, 23, 22, 27, 22, 71, 56, 14, 1, 29, 65]",31.793459349593444
"[24, 24, 23, 48, 46, 23, 22, 27, 22, 71, 56, 14, 1, 29, 65]",33.190536585365834
"[25, 21, 24, 48, 47, 23, 22, 27, 22, 71, 56, 14, 1, 29, 65]",34.99546205962061
"[23, 23, 23, 49, 47, 23, 22, 27, 22, 71, 56, 14, 1, 29, 65]",30.447928184281807
"[24, 22, 24, 48, 47, 23, 22, 27, 22, 71, 56, 14, 1, 29, 65]",34.44106639566395
"[25, 24, 23, 48, 45, 23, 22, 27, 22, 71, 56, 14, 1, 29, 65]",39.93361517615175
"[25, 24, 23, 48, 45, 23, 22, 27, 22, 71, 56, 14, 1, 29, 65]",34.63227100271001
"[24, 24, 23, 48, 46, 23, 22, 27, 22, 71, 56, 14, 1, 29, 65]",34.15949457994583
"[24, 23, 23, 48, 47, 23, 22, 27, 22, 71, 56, 14, 1, 29, 65]",31.74276287262873
"[24, 24, 23, 48, 46, 23, 22, 27, 22, 71, 56, 14, 1, 29, 65]",613.9534322493215
"[25, 24, 23, 48, 45, 23, 22, 27, 22, 71, 56, 14, 1, 29, 65]",41.10448644986441
"[24, 24, 23, 49, 45, 23, 22, 27, 22, 71, 56, 14, 1, 29, 65]",33.681367208672086
"[24, 24, 23, 48, 46, 23, 22, 27, 22, 71, 56, 14, 1, 29, 65]",31.098642276422797
"[24, 24, 23, 48, 46, 23, 22, 27, 22, 71, 56, 14, 1, 29, 65]",41.34209349593498
"[24, 23, 23, 48, 47, 23, 22, 27, 22, 71, 56, 14, 1, 29, 65]",31.483737127371253
"[25, 24, 23, 48, 45, 23, 22, 27, 22, 71, 56, 14, 1, 29, 65]",40.6283807588076
"[25, 24, 23, 48, 45, 23, 22, 27, 22, 71, 56, 14, 1, 29, 65]",36.80406775067753
"[25, 23, 23, 48, 46, 23, 22, 27, 22, 71, 56, 14, 1, 29, 65]",33.69731029810304
"[25, 24, 23, 48, 45, 23, 22, 27, 22, 71, 56, 14, 1, 29, 65]",35.652608401083995
"[24, 24, 23, 48, 46, 23, 22, 27, 22, 71, 56, 14, 1, 29, 65]",33.615892953929574
"[24, 24, 23, 48, 46, 23, 22, 27, 22, 71, 56, 14, 1, 29, 65]",40.187692411924125
"[24, 24, 23, 48, 46, 23, 22, 27, 22, 71, 56, 14, 1, 29, 65]",31.267043360433608
"[25, 21, 24, 48, 47, 23, 22, 27, 22, 71, 56, 14, 1, 29, 65]",33.274051490514836
"[23, 23, 23, 49, 47, 23, 22, 27, 22, 71, 56, 14, 1, 29, 65]",33.104497289972855
"[24, 22, 24, 48, 47, 23, 22, 27, 22, 71, 56, 14, 1, 29, 65]",39.20870325203253
"[25, 24, 23, 48, 45, 23, 22, 27, 22, 71, 56, 14, 1, 29, 65]",36.42268292682927
"[25, 24, 23, 48, 45, 23, 22, 27, 22, 71, 56, 14, 1, 29, 65]",32.35435501355018
"[24, 24, 23, 48, 46, 23, 22, 27, 22, 71, 56, 14, 1, 29, 65]",35.299703252032536
"[24, 23, 23, 48, 47, 23, 22, 27, 22, 71, 56, 14, 1, 29, 65]",38.88531978319787
"[24, 24, 23, 48, 46, 23, 22, 27, 22, 71, 56, 14, 1, 29, 65]",31.551814363143674
"[25, 24, 23, 48, 45, 23, 22, 27, 22, 71, 56, 14, 1, 29, 65]",40.57884281842821
"[24, 24, 23, 49, 45, 23, 22, 27, 22, 71, 56, 14, 1, 29, 65]",35.78404065040653
"[24, 24, 23, 48, 46, 23, 22, 27, 22, 71, 56, 14, 1, 29, 65]",36.017387533875386
"[24, 24, 23, 48, 46, 23, 22, 27, 22, 71, 56, 14, 1, 29, 65]",36.118556910569026
"[24, 23, 23, 48, 47, 23, 22, 27, 22, 71, 56, 14, 1, 29, 65]",37.158430894308914
"[25, 24, 23, 48, 45, 23, 22, 27, 22, 71, 56, 14, 1, 29, 65]",30.829051490514857
"[25, 24, 23, 48, 45, 23, 22, 27, 22, 71, 56, 14, 1, 29, 65]",32.67871409214096
"[25, 23, 23, 48, 46, 23, 22, 27, 22, 71, 56, 14, 1, 29, 65]",35.38786585365857
"[25, 24, 23, 48, 45, 23, 22, 27, 22, 71, 56, 14, 1, 29, 65]",35.76882113821141
"[24, 24, 23, 48, 46, 23, 22, 27, 22, 71, 56, 14, 1, 29, 65]",34.308945799457945
"[24, 24, 23, 48, 46, 23, 22, 27, 22, 71, 56, 14, 1, 29, 65]",35.49384281842819
"[24, 24, 23, 48, 46, 23, 22, 27, 22, 71, 56, 14, 1, 29, 65]",37.720395663956545
"[25, 21, 24, 48, 47, 23, 22, 27, 22, 71, 56, 14, 1, 29, 65]",34.745188346883516
"[23, 23, 23, 49, 47, 23, 22, 27, 22, 71, 56, 14, 1, 29, 65]",30.505640921409157
"[24, 22, 24, 48, 47, 23, 22, 27, 22, 71, 56, 14, 1, 29, 65]",36.80198509485091
"[25, 24, 23, 48, 45, 23, 22, 27, 22, 71, 56, 14, 1, 29, 65]",45.384220867208604
"[25, 24, 23, 48, 45, 23, 22, 27, 22, 71, 56, 14, 1, 29, 65]",29.397829268292654
"[24, 24, 23, 48, 46, 23, 22, 27, 22, 71, 56, 14, 1, 29, 65]",33.737252032520324
"[24, 23, 23, 48, 47, 23, 22, 27, 22, 71, 56, 14, 1, 29, 65]",33.8486002710027
"[24, 24, 23, 48, 46, 23, 22, 27, 22, 71, 56, 14, 1, 29, 65]",40.58108536585366
"[25, 24, 23, 48, 45, 23, 22, 27, 22, 71, 56, 14, 1, 29, 65]",34.71636314363143
"[24, 24, 23, 49, 45, 23, 22, 27, 22, 71, 56, 14, 1, 29, 65]",38.2822235772358
"[24, 24, 23, 48, 46, 23, 22, 27, 22, 71, 56, 14, 1, 29, 65]",34.56148102981033
"[24, 24, 23, 48, 46, 23, 22, 27, 22, 71, 56, 14, 1, 29, 65]",30.305180216802153
"[24, 23, 23, 48, 47, 23, 22, 27, 22, 71, 56, 14, 1, 29, 65]",34.63906097560969
"[25, 24, 23, 48, 45, 23, 22, 27, 22, 71, 56, 14, 1, 29, 65]",39.855115176151735
"[25, 24, 23, 48, 45, 23, 22, 27, 22, 71, 56, 14, 1, 29, 65]",29.714363143631378
"[25, 23, 23, 48, 46, 23, 22, 27, 22, 71, 56, 14, 1, 29, 65]",34.14299728997288
"[25, 24, 23, 48, 45, 23, 22, 27, 22, 71, 56, 14, 1, 29, 65]",28.7225975609756
"[24, 24, 23, 48, 46, 23, 22, 27, 22, 71, 56, 14, 1, 29, 65]",40.91834823848241
"[24, 24, 23, 48, 46, 23, 22, 27, 22, 71, 56, 14, 1, 29, 65]",36.366665311653094
"[24, 24, 23, 48, 46, 23, 22, 27, 22, 71, 56, 14, 1, 29, 65]",40.38682249322492
"[25, 21, 24, 48, 47, 23, 22, 27, 22, 71, 56, 14, 1, 29, 65]",36.310069105691035
"[23, 23, 23, 49, 47, 23, 22, 27, 22, 71, 56, 14, 1, 29, 65]",32.23293631436315
"[24, 22, 24, 48, 47, 23, 22, 27, 22, 71, 56, 14, 1, 29, 65]",32.39158672086719
"[25, 24, 23, 48, 45, 23, 22, 27, 22, 71, 56, 14, 1, 29, 65]",34.26898780487806
"[25, 24, 23, 48, 45, 23, 22, 27, 22, 71, 56, 14, 1, 29, 65]",45.14013279132792
"[24, 24, 23, 48, 46, 23, 22, 27, 22, 71, 56, 14, 1, 29, 65]",38.660517615176126
"[24, 23, 23, 48, 47, 23, 22, 27, 22, 71, 56, 14, 1, 29, 65]",41.30601490514915
"[24, 24, 23, 48, 46, 23, 22, 27, 22, 71, 56, 14, 1, 29, 65]",35.03931300813006
"[25, 24, 23, 48, 45, 23, 22, 27, 22, 71, 56, 14, 1, 29, 65]",30.248398373983715
"[24, 24, 23, 49, 45, 23, 22, 27, 22, 71, 56, 14, 1, 29, 65]",33.560302168021664
"[24, 24, 23, 48, 46, 23, 22, 27, 22, 71, 56, 14, 1, 29, 65]",34.680756097560945
"[24, 24, 23, 48, 46, 23, 22, 27, 22, 71, 56, 14, 1, 29, 65]",39.382577235772395
"[24, 23, 23, 48, 47, 23, 22, 27, 22, 71, 56, 14, 1, 29, 65]",36.76155013550142
"[25, 24, 23, 48, 45, 23, 22, 27, 22, 71, 56, 14, 1, 29, 65]",35.725199186991894
"[25, 24, 23, 48, 45, 23, 22, 27, 22, 71, 56, 14, 1, 29, 65]",36.41822628726283
"[25, 23, 23, 48, 46, 23, 22, 27, 22, 71, 56, 14, 1, 29, 65]",40.31511924119243
"[25, 24, 23, 48, 45, 23, 22, 27, 22, 71, 56, 14, 1, 29, 65]",34.68166260162606
"[24, 24, 23, 48, 46, 23, 22, 27, 22, 71, 56, 14, 1, 29, 65]",38.06157723577239
"[24, 24, 23, 48, 46, 23, 22, 27, 22, 71, 56, 14, 1, 29, 65]",33.00134959349595
"[24, 24, 23, 48, 46, 23, 22, 27, 22, 71, 56, 14, 1, 29, 65]",31.61347967479677
"[25, 21, 24, 48, 47, 23, 22, 27, 22, 71, 56, 14, 1, 29, 65]",48.3307723577236
"[23, 23, 23, 49, 47, 23, 22, 27, 22, 71, 56, 14, 1, 29, 65]",30.067070460704624
"[24, 22, 24, 48, 47, 23, 22, 27, 22, 71, 56, 14, 1, 29, 65]",33.62685772357725
"[25, 24, 23, 48, 45, 23, 22, 27, 22, 71, 56, 14, 1, 29, 65]",35.98063550135499
"[25, 24, 23, 48, 45, 23, 22, 27, 22, 71, 56, 14, 1, 29, 65]",34.16099186991873
"[24, 24, 23, 48, 46, 23, 22, 27, 22, 71, 56, 14, 1, 29, 65]",34.584245257452515
"[24, 23, 23, 48, 47, 23, 22, 27, 22, 71, 56, 14, 1, 29, 65]",28.671600271002735
"[24, 24, 23, 48, 46, 23, 22, 27, 22, 71, 56, 14, 1, 29, 65]",36.448985094851
"[25, 24, 23, 48, 45, 23, 22, 27, 22, 71, 56, 14, 1, 29, 65]",37.442661246612495
"[24, 24, 23, 49, 45, 23, 22, 27, 22, 71, 56, 14, 1, 29, 65]",34.31454336043364
"[24, 24, 23, 48, 46, 23, 22, 27, 22, 71, 56, 14, 1, 29, 65]",33.925821138211404
"[24, 24, 23, 48, 46, 23, 22, 27, 22, 71, 56, 14, 1, 29, 65]",29.80931571815717
"[24, 23, 23, 48, 47, 23, 22, 27, 22, 71, 56, 14, 1, 29, 65]",34.64957859078594
"[25, 24, 23, 48, 45, 23, 22, 27, 22, 71, 56, 14, 1, 29, 65]",33.51753387533869
"[25, 24, 23, 48, 45, 23, 22, 27, 22, 71, 56, 14, 1, 29, 65]",33.8859376693767
"[25, 23, 23, 48, 46, 23, 22, 27, 22, 71, 56, 14, 1, 29, 65]",36.20421815718156
"[25, 24, 23, 48, 45, 23, 22, 27, 22, 71, 56, 14, 1, 29, 65]",32.041277777777815
"[24, 24, 23, 48, 46, 23, 22, 27, 22, 71, 56, 14, 1, 29, 65]",32.49824796747965
"[24, 24, 23, 48, 46, 23, 22, 27, 22, 71, 56, 14, 1, 29, 65]",35.466032520325214
"[24, 24, 23, 48, 46, 23, 22, 27, 22, 71, 56, 14, 1, 29, 65]",33.17475609756102
"[25, 21, 24, 48, 47, 23, 22, 27, 22, 71, 56, 14, 1, 29, 65]",30.324621951219456
"[23, 23, 23, 49, 47, 23, 22, 27, 22, 71, 56, 14, 1, 29, 65]",31.412967479674762
"[24, 22, 24, 48, 47, 23, 22, 27, 22, 71, 56, 14, 1, 29, 65]",34.51773170731698
"[25, 24, 23, 48, 45, 23, 22, 27, 22, 71, 56, 14, 1, 29, 65]",32.687932249322465
"[25, 24, 23, 48, 45, 23, 22, 27, 22, 71, 56, 14, 1, 29, 65]",33.99139837398372
"[24, 24, 23, 48, 46, 23, 22, 27, 22, 71, 56, 14, 1, 29, 65]",34.07248644986444
"[24, 23, 23, 48, 47, 23, 22, 27, 22, 71, 56, 14, 1, 29, 65]",37.96713550135509
"[24, 24, 23, 48, 46, 23, 22, 27, 22, 71, 56, 14, 1, 29, 65]",38.42468699186991
"[25, 24, 23, 48, 45, 23, 22, 27, 22, 71, 56, 14, 1, 29, 65]",45.58382113821136
"[24, 24, 23, 49, 45, 23, 22, 27, 22, 71, 56, 14, 1, 29, 65]",32.723307588075876
"[24, 24, 23, 48, 46, 23, 22, 27, 22, 71, 56, 14, 1, 29, 65]",32.62397289972897
"[24, 24, 23, 48, 46, 23, 22, 27, 22, 71, 56, 14, 1, 29, 65]",38.34716124661245
"[24, 23, 23, 48, 47, 23, 22, 27, 22, 71, 56, 14, 1, 29, 65]",32.58521409214092
"[25, 24, 23, 48, 45, 23, 22, 27, 22, 71, 56, 14, 1, 29, 65]",30.921116531165328
"[25, 24, 23, 48, 45, 23, 22, 27, 22, 71, 56, 14, 1, 29, 65]",41.1740230352303
"[25, 23, 23, 48, 46, 23, 22, 27, 22, 71, 56, 14, 1, 29, 65]",33.001586720867145
"[25, 24, 23, 48, 45, 23, 22, 27, 22, 71, 56, 14, 1, 29, 65]",34.90419376693756
"[24, 24, 23, 48, 46, 23, 22, 27, 22, 71, 56, 14, 1, 29, 65]",33.639665311653076
"[24, 24, 23, 48, 46, 23, 22, 27, 22, 71, 56, 14, 1, 29, 65]",36.629979674796814
"[24, 24, 23, 48, 46, 23, 22, 27, 22, 71, 56, 14, 1, 29, 65]",34.85452168021682
"[25, 21, 24, 48, 47, 23, 22, 27, 22, 71, 56, 14, 1, 29, 65]",34.48962601626011
"[23, 23, 23, 49, 47, 23, 22, 27, 22, 71, 56, 14, 1, 29, 65]",35.60934010840108
"[24, 22, 24, 48, 47, 23, 22, 27, 22, 71, 56, 14, 1, 29, 65]",37.328269647696445
"[25, 24, 23, 48, 45, 23, 22, 27, 22, 71, 56, 14, 1, 29, 65]",36.18549593495929
"[25, 24, 23, 48, 45, 23, 22, 27, 22, 71, 56, 14, 1, 29, 65]",30.035024390243933
"[24, 24, 23, 48, 46, 23, 22, 27, 22, 71, 56, 14, 1, 29, 65]",33.276279132791274
"[24, 23, 23, 48, 47, 23, 22, 27, 22, 71, 56, 14, 1, 29, 65]",35.960806233062314
"[24, 24, 23, 48, 46, 23, 22, 27, 22, 71, 56, 14, 1, 29, 65]",37.207043360433595
"[25, 24, 23, 48, 45, 23, 22, 27, 22, 71, 56, 14, 1, 29, 65]",31.190734417344203
"[24, 24, 23, 49, 45, 23, 22, 27, 22, 71, 56, 14, 1, 29, 65]",32.86367886178856
"[24, 24, 23, 48, 46, 23, 22, 27, 22, 71, 56, 14, 1, 29, 65]",33.30841598915993
"[24, 24, 23, 48, 46, 23, 22, 27, 22, 71, 56, 14, 1, 29, 65]",38.15874119241199
"[24, 23, 23, 48, 47, 23, 22, 27, 22, 71, 56, 14, 1, 29, 65]",32.49848915989156
"[25, 24, 23, 48, 45, 23, 22, 27, 22, 71, 56, 14, 1, 29, 65]",34.257826558265556
"[25, 24, 23, 48, 45, 23, 22, 27, 22, 71, 56, 14, 1, 29, 65]",37.08454607046072
"[25, 23, 23, 48, 46, 23, 22, 27, 22, 71, 56, 14, 1, 29, 65]",43.60951219512196
"[25, 24, 23, 48, 45, 23, 22, 27, 22, 71, 56, 14, 1, 29, 65]",32.42066666666669
"[24, 24, 23, 48, 46, 23, 22, 27, 22, 71, 56, 14, 1, 29, 65]",34.08415040650402
"[24, 24, 23, 48, 46, 23, 22, 27, 22, 71, 56, 14, 1, 29, 65]",36.44843089430897
"[24, 24, 23, 48, 46, 23, 22, 27, 22, 71, 56, 14, 1, 29, 65]",35.7391883468834
"[25, 21, 24, 48, 47, 23, 22, 27, 22, 71, 56, 14, 1, 29, 65]",37.96279268292687
"[23, 23, 23, 49, 47, 23, 22, 27, 22, 71, 56, 14, 1, 29, 65]",33.65669105691054
"[24, 22, 24, 48, 47, 23, 22, 27, 22, 71, 56, 14, 1, 29, 65]",37.84361653116535
"[25, 24, 23, 48, 45, 23, 22, 27, 22, 71, 56, 14, 1, 29, 65]",31.057341463414637
"[25, 24, 23, 48, 45, 23, 22, 27, 22, 71, 56, 14, 1, 29, 65]",34.278490514905116
"[24, 24, 23, 48, 46, 23, 22, 27, 22, 71, 56, 14, 1, 29, 65]",36.869329268292695
"[24, 23, 23, 48, 47, 23, 22, 27, 22, 71, 56, 14, 1, 29, 65]",32.85240650406507
"[24, 24, 23, 48, 46, 23, 22, 27, 22, 71, 56, 14, 1, 29, 65]",33.05652710027109
"[25, 24, 23, 48, 45, 23, 22, 27, 22, 71, 56, 14, 1, 29, 65]",33.04404607046068
"[24, 24, 23, 49, 45, 23, 22, 27, 22, 71, 56, 14, 1, 29, 65]",32.82558943089427
"[24, 24, 23, 48, 46, 23, 22, 27, 22, 71, 56, 14, 1, 29, 65]",34.589307588075805
"[24, 24, 23, 48, 46, 23, 22, 27, 22, 71, 56, 14, 1, 29, 65]",30.066651761517637
"[24, 23, 23, 48, 47, 23, 22, 27, 22, 71, 56, 14, 1, 29, 65]",42.03633333333322
"[25, 24, 23, 48, 45, 23, 22, 27, 22, 71, 56, 14, 1, 29, 65]",40.57625474254742
"[25, 24, 23, 48, 45, 23, 22, 27, 22, 71, 56, 14, 1, 29, 65]",38.15828590785908
"[25, 23, 23, 48, 46, 23, 22, 27, 22, 71, 56, 14, 1, 29, 65]",32.88083333333335
"[25, 24, 23, 48, 45, 23, 22, 27, 22, 71, 56, 14, 1, 29, 65]",33.78373983739841
"[24, 24, 23, 48, 46, 23, 22, 27, 22, 71, 56, 14, 1, 29, 65]",38.57767750677506
"[24, 24, 23, 48, 46, 23, 22, 27, 22, 71, 56, 14, 1, 29, 65]",31.248520325203238
"[24, 24, 23, 48, 46, 23, 22, 27, 22, 71, 56, 14, 1, 29, 65]",35.892406504065065
"[25, 21, 24, 48, 47, 23, 22, 27, 22, 71, 56, 14, 1, 29, 65]",41.19562059620601
"[23, 23, 23, 49, 47, 23, 22, 27, 22, 71, 56, 14, 1, 29, 65]",34.2608550135502
"[24, 22, 24, 48, 47, 23, 22, 27, 22, 71, 56, 14, 1, 29, 65]",33.84520596205958
"[25, 24, 23, 48, 45, 23, 22, 27, 22, 71, 56, 14, 1, 29, 65]",35.994261517615115
"[25, 24, 23, 48, 45, 23, 22, 27, 22, 71, 56, 14, 1, 29, 65]",34.0705135501355
"[24, 24, 23, 48, 46, 23, 22, 27, 22, 71, 56, 14, 1, 29, 65]",33.745403794038
"[24, 23, 23, 48, 47, 23, 22, 27, 22, 71, 56, 14, 1, 29, 65]",38.38392005420055
"[24, 24, 23, 48, 46, 23, 22, 27, 22, 71, 56, 14, 1, 29, 65]",30.839710027100253
"[25, 24, 23, 48, 45, 23, 22, 27, 22, 71, 56, 14, 1, 29, 65]",33.81564498644986
"[24, 24, 23, 49, 45, 23, 22, 27, 22, 71, 56, 14, 1, 29, 65]",28.44374796747962
"[24, 24, 23, 48, 46, 23, 22, 27, 22, 71, 56, 14, 1, 29, 65]",33.23086585365853
"[24, 24, 23, 48, 46, 23, 22, 27, 22, 71, 56, 14, 1, 29, 65]",32.4740108401084
"[24, 23, 23, 48, 47, 23, 22, 27, 22, 71, 56, 14, 1, 29, 65]",37.76681842818429
"[25, 24, 23, 48, 45, 23, 22, 27, 22, 71, 56, 14, 1, 29, 65]",39.44998238482383
"[25, 24, 23, 48, 45, 23, 22, 27, 22, 71, 56, 14, 1, 29, 65]",35.669640921409204
"[25, 23, 23, 48, 46, 23, 22, 27, 22, 71, 56, 14, 1, 29, 65]",34.52885636856368
"[25, 24, 23, 48, 45, 23, 22, 27, 22, 71, 56, 14, 1, 29, 65]",35.75844037940378
"[24, 24, 23, 48, 46, 23, 22, 27, 22, 71, 56, 14, 1, 29, 65]",35.51777777777777
"[24, 24, 23, 48, 46, 23, 22, 27, 22, 71, 56, 14, 1, 29, 65]",34.53947967479669
"[24, 24, 23, 48, 46, 23, 22, 27, 22, 71, 56, 14, 1, 29, 65]",33.34558943089425
"[25, 21, 24, 48, 47, 23, 22, 27, 22, 71, 56, 14, 1, 29, 65]",31.267673441734363
"[23, 23, 23, 49, 47, 23, 22, 27, 22, 71, 56, 14, 1, 29, 65]",32.753016260162624
"[24, 22, 24, 48, 47, 23, 22, 27, 22, 71, 56, 14, 1, 29, 65]",35.16427100271004
"[25, 24, 23, 48, 45, 23, 22, 27, 22, 71, 56, 14, 1, 29, 65]",30.47200000000004
"[25, 24, 23, 48, 45, 23, 22, 27, 22, 71, 56, 14, 1, 29, 65]",32.99765040650407
"[24, 24, 23, 48, 46, 23, 22, 27, 22, 71, 56, 14, 1, 29, 65]",31.49614092140924
"[24, 23, 23, 48, 47, 23, 22, 27, 22, 71, 56, 14, 1, 29, 65]",36.59287804878043
"[24, 24, 23, 48, 46, 23, 22, 27, 22, 71, 56, 14, 1, 29, 65]",38.7756951219512
"[25, 24, 23, 48, 45, 23, 22, 27, 22, 71, 56, 14, 1, 29, 65]",35.55747560975613
"[24, 24, 23, 49, 45, 23, 22, 27, 22, 71, 56, 14, 1, 29, 65]",36.72644986449866
"[24, 24, 23, 48, 46, 23, 22, 27, 22, 71, 56, 14, 1, 29, 65]",32.355742547425514
"[24, 24, 23, 48, 46, 23, 22, 27, 22, 71, 56, 14, 1, 29, 65]",31.473800813008104
"[24, 23, 23, 48, 47, 23, 22, 27, 22, 71, 56, 14, 1, 29, 65]",33.19200813008126
"[25, 24, 23, 48, 45, 23, 22, 27, 22, 71, 56, 14, 1, 29, 65]",35.84800406504066
"[25, 24, 23, 48, 45, 23, 22, 27, 22, 71, 56, 14, 1, 29, 65]",35.87767073170743
"[25, 23, 23, 48, 46, 23, 22, 27, 22, 71, 56, 14, 1, 29, 65]",37.96554065040659
"[25, 24, 23, 48, 45, 23, 22, 27, 22, 71, 56, 14, 1, 29, 65]",30.9999105691057
"[24, 24, 23, 48, 46, 23, 22, 27, 22, 71, 56, 14, 1, 29, 65]",35.512105691056895
"[24, 24, 23, 48, 46, 23, 22, 27, 22, 71, 56, 14, 1, 29, 65]",45.275573170731754
"[24, 24, 23, 48, 46, 23, 22, 27, 22, 71, 56, 14, 1, 29, 65]",34.602971544715466
"[25, 21, 24, 48, 47, 23, 22, 27, 22, 71, 56, 14, 1, 29, 65]",33.596445799457946
"[23, 23, 23, 49, 47, 23, 22, 27, 22, 71, 56, 14, 1, 29, 65]",46.120280487804905
"[24, 22, 24, 48, 47, 23, 22, 27, 22, 71, 56, 14, 1, 29, 65]",35.67298780487808
"[25, 24, 23, 48, 45, 23, 22, 27, 22, 71, 56, 14, 1, 29, 65]",36.376922764227665
"[25, 24, 23, 48, 45, 23, 22, 27, 22, 71, 56, 14, 1, 29, 65]",33.44332249322491
"[24, 24, 23, 48, 46, 23, 22, 27, 22, 71, 56, 14, 1, 29, 65]",37.05384010840112
"[24, 23, 23, 48, 47, 23, 22, 27, 22, 71, 56, 14, 1, 29, 65]",34.075810298103015
"[24, 24, 23, 48, 46, 23, 22, 27, 22, 71, 56, 14, 1, 29, 65]",30.60363008130083
"[25, 24, 23, 48, 45, 23, 22, 27, 22, 71, 56, 14, 1, 29, 65]",30.608237127371268
"[24, 24, 23, 49, 45, 23, 22, 27, 22, 71, 56, 14, 1, 29, 65]",45.305218157181514
"[24, 24, 23, 48, 46, 23, 22, 27, 22, 71, 56, 14, 1, 29, 65]",39.53157317073175
"[24, 24, 23, 48, 46, 23, 22, 27, 22, 71, 56, 14, 1, 29, 65]",33.17740379403793
"[24, 23, 23, 48, 47, 23, 22, 27, 22, 71, 56, 14, 1, 29, 65]",33.95867886178863
"[25, 24, 23, 48, 45, 23, 22, 27, 22, 71, 56, 14, 1, 29, 65]",34.18691192411926
"[25, 24, 23, 48, 45, 23, 22, 27, 22, 71, 56, 14, 1, 29, 65]",35.53688888888881
"[25, 23, 23, 48, 46, 23, 22, 27, 22, 71, 56, 14, 1, 29, 65]",41.42423306233067
"[25, 24, 23, 48, 45, 23, 22, 27, 22, 71, 56, 14, 1, 29, 65]",33.19434552845531
"[24, 24, 23, 48, 46, 23, 22, 27, 22, 71, 56, 14, 1, 29, 65]",35.57461788617887
"[24, 24, 23, 48, 46, 23, 22, 27, 22, 71, 56, 14, 1, 29, 65]",32.578901084010866
"[24, 24, 23, 48, 46, 23, 22, 27, 22, 71, 56, 14, 1, 29, 65]",35.30337398373986
"[25, 21, 24, 48, 47, 23, 22, 27, 22, 71, 56, 14, 1, 29, 65]",32.68196070460708
"[23, 23, 23, 49, 47, 23, 22, 27, 22, 71, 56, 14, 1, 29, 65]",33.36712059620595
"[24, 22, 24, 48, 47, 23, 22, 27, 22, 71, 56, 14, 1, 29, 65]",43.58274254742546
"[25, 24, 23, 48, 45, 23, 22, 27, 22, 71, 56, 14, 1, 29, 65]",31.49369376693768
"[25, 24, 23, 48, 45, 23, 22, 27, 22, 71, 56, 14, 1, 29, 65]",34.66257046070464
"[24, 24, 23, 48, 46, 23, 22, 27, 22, 71, 56, 14, 1, 29, 65]",33.60296070460703
"[24, 23, 23, 48, 47, 23, 22, 27, 22, 71, 56, 14, 1, 29, 65]",34.585760162601666
"[24, 24, 23, 48, 46, 23, 22, 27, 22, 71, 56, 14, 1, 29, 65]",41.86697696476966
"[25, 24, 23, 48, 45, 23, 22, 27, 22, 71, 56, 14, 1, 29, 65]",33.547783197831954
"[24, 24, 23, 49, 45, 23, 22, 27, 22, 71, 56, 14, 1, 29, 65]",33.740029810298104
"[24, 24, 23, 48, 46, 23, 22, 27, 22, 71, 56, 14, 1, 29, 65]",36.607504065040686
"[24, 24, 23, 48, 46, 23, 22, 27, 22, 71, 56, 14, 1, 29, 65]",32.48233604336045
"[24, 23, 23, 48, 47, 23, 22, 27, 22, 71, 56, 14, 1, 29, 65]",36.33135772357725
"[25, 24, 23, 48, 45, 23, 22, 27, 22, 71, 56, 14, 1, 29, 65]",36.282411924119195
"[25, 24, 23, 48, 45, 23, 22, 27, 22, 71, 56, 14, 1, 29, 65]",31.542096205962032
"[25, 23, 23, 48, 46, 23, 22, 27, 22, 71, 56, 14, 1, 29, 65]",36.37038617886179
"[25, 24, 23, 48, 45, 23, 22, 27, 22, 71, 56, 14, 1, 29, 65]",40.687340108401095
"[24, 24, 23, 48, 46, 23, 22, 27, 22, 71, 56, 14, 1, 29, 65]",36.14552439024391
"[24, 24, 23, 48, 46, 23, 22, 27, 22, 71, 56, 14, 1, 29, 65]",34.192413279132744
"[24, 24, 23, 48, 46, 23, 22, 27, 22, 71, 56, 14, 1, 29, 65]",31.180741192411915
"[25, 21, 24, 48, 47, 23, 22, 27, 22, 71, 56, 14, 1, 29, 65]",29.871010840108376
"[23, 23, 23, 49, 47, 23, 22, 27, 22, 71, 56, 14, 1, 29, 65]",36.27313414634142
"[24, 22, 24, 48, 47, 23, 22, 27, 22, 71, 56, 14, 1, 29, 65]",34.869193766937684
"[25, 24, 23, 48, 45, 23, 22, 27, 22, 71, 56, 14, 1, 29, 65]",37.233693766937705
"[25, 24, 23, 48, 45, 23, 22, 27, 22, 71, 56, 14, 1, 29, 65]",36.06837398373986
"[24, 24, 23, 48, 46, 23, 22, 27, 22, 71, 56, 14, 1, 29, 65]",42.15073035230354
"[24, 23, 23, 48, 47, 23, 22, 27, 22, 71, 56, 14, 1, 29, 65]",29.24061382113815
"[24, 24, 23, 48, 46, 23, 22, 27, 22, 71, 56, 14, 1, 29, 65]",36.84978590785908
"[25, 24, 23, 48, 45, 23, 22, 27, 22, 71, 56, 14, 1, 29, 65]",35.02672899729
"[24, 24, 23, 49, 45, 23, 22, 27, 22, 71, 56, 14, 1, 29, 65]",35.546149051490524
"[24, 24, 23, 48, 46, 23, 22, 27, 22, 71, 56, 14, 1, 29, 65]",34.471481029810334
"[24, 24, 23, 48, 46, 23, 22, 27, 22, 71, 56, 14, 1, 29, 65]",32.095472899729
"[24, 23, 23, 48, 47, 23, 22, 27, 22, 71, 56, 14, 1, 29, 65]",35.22313279132791
"[25, 24, 23, 48, 45, 23, 22, 27, 22, 71, 56, 14, 1, 29, 65]",39.862892953929496
"[25, 24, 23, 48, 45, 23, 22, 27, 22, 71, 56, 14, 1, 29, 65]",33.77279945799455
"[25, 23, 23, 48, 46, 23, 22, 27, 22, 71, 56, 14, 1, 29, 65]",31.872258807588082
"[25, 24, 23, 48, 45, 23, 22, 27, 22, 71, 56, 14, 1, 29, 65]",30.385588075880744
"[24, 24, 23, 48, 46, 23, 22, 27, 22, 71, 56, 14, 1, 29, 65]",37.040036585365804
"[24, 24, 23, 48, 46, 23, 22, 27, 22, 71, 56, 14, 1, 29, 65]",32.42065582655825
"[24, 24, 23, 48, 46, 23, 22, 27, 22, 71, 56, 14, 1, 29, 65]",37.63841463414627
"[25, 21, 24, 48, 47, 23, 22, 27, 22, 71, 56, 14, 1, 29, 65]",29.40207046070459
"[23, 23, 23, 49, 47, 23, 22, 27, 22, 71, 56, 14, 1, 29, 65]",32.61123170731714
"[24, 22, 24, 48, 47, 23, 22, 27, 22, 71, 56, 14, 1, 29, 65]",40.296243902438945
"[25, 24, 23, 48, 45, 23, 22, 27, 22, 71, 56, 14, 1, 29, 65]",38.585302168021705
"[25, 24, 23, 48, 45, 23, 22, 27, 22, 71, 56, 14, 1, 29, 65]",34.313406504065014
"[24, 24, 23, 48, 46, 23, 22, 27, 22, 71, 56, 14, 1, 29, 65]",31.17906368563683
"[24, 23, 23, 48, 47, 23, 22, 27, 22, 71, 56, 14, 1, 29, 65]",33.40490650406507
"[24, 24, 23, 48, 46, 23, 22, 27, 22, 71, 56, 14, 1, 29, 65]",34.18960162601622
"[25, 24, 23, 48, 45, 23, 22, 27, 22, 71, 56, 14, 1, 29, 65]",32.33263685636854
"[24, 24, 23, 49, 45, 23, 22, 27, 22, 71, 56, 14, 1, 29, 65]",34.32666937669377
"[24, 24, 23, 48, 46, 23, 22, 27, 22, 71, 56, 14, 1, 29, 65]",33.818214092140956
"[24, 24, 23, 48, 46, 23, 22, 27, 22, 71, 56, 14, 1, 29, 65]",42.311086720867195
"[24, 23, 23, 48, 47, 23, 22, 27, 22, 71, 56, 14, 1, 29, 65]",33.78248915989159
"[25, 24, 23, 48, 45, 23, 22, 27, 22, 71, 56, 14, 1, 29, 65]",33.014388888888945
"[25, 24, 23, 48, 45, 23, 22, 27, 22, 71, 56, 14, 1, 29, 65]",36.53718292682928
"[25, 23, 23, 48, 46, 23, 22, 27, 22, 71, 56, 14, 1, 29, 65]",33.42032384823848
"[25, 24, 23, 48, 45, 23, 22, 27, 22, 71, 56, 14, 1, 29, 65]",34.7977886178863
"[24, 24, 23, 48, 46, 23, 22, 27, 22, 71, 56, 14, 1, 29, 65]",39.837676151761535
"[24, 24, 23, 48, 46, 23, 22, 27, 22, 71, 56, 14, 1, 29, 65]",31.89349457994579
"[24, 24, 23, 48, 46, 23, 22, 27, 22, 71, 56, 14, 1, 29, 65]",33.402504065040674
"[25, 21, 24, 48, 47, 23, 22, 27, 22, 71, 56, 14, 1, 29, 65]",32.487031165311684
"[23, 23, 23, 49, 47, 23, 22, 27, 22, 71, 56, 14, 1, 29, 65]",45.708936314363164
"[24, 22, 24, 48, 47, 23, 22, 27, 22, 71, 56, 14, 1, 29, 65]",46.19152574525751
"[25, 24, 23, 48, 45, 23, 22, 27, 22, 71, 56, 14, 1, 29, 65]",42.74012601626011
"[25, 24, 23, 48, 45, 23, 22, 27, 22, 71, 56, 14, 1, 29, 65]",33.369925474254735
"[24, 24, 23, 48, 46, 23, 22, 27, 22, 71, 56, 14, 1, 29, 65]",31.87364905149046
"[24, 23, 23, 48, 47, 23, 22, 27, 22, 71, 56, 14, 1, 29, 65]",35.833243902439094
"[24, 24, 23, 48, 46, 23, 22, 27, 22, 71, 56, 14, 1, 29, 65]",36.22471815718163
"[25, 24, 23, 48, 45, 23, 22, 27, 22, 71, 56, 14, 1, 29, 65]",30.041817073170737
"[24, 24, 23, 49, 45, 23, 22, 27, 22, 71, 56, 14, 1, 29, 65]",37.657634146341465
"[24, 24, 23, 48, 46, 23, 22, 27, 22, 71, 56, 14, 1, 29, 65]",30.891779132791356
"[24, 24, 23, 48, 46, 23, 22, 27, 22, 71, 56, 14, 1, 29, 65]",40.06451626016257
"[24, 23, 23, 48, 47, 23, 22, 27, 22, 71, 56, 14, 1, 29, 65]",33.75965176151763
"[25, 24, 23, 48, 45, 23, 22, 27, 22, 71, 56, 14, 1, 29, 65]",33.11772222222219
"[25, 24, 23, 48, 45, 23, 22, 27, 22, 71, 56, 14, 1, 29, 65]",34.01985230352306
"[25, 23, 23, 48, 46, 23, 22, 27, 22, 71, 56, 14, 1, 29, 65]",35.077700542005466
"[25, 24, 23, 48, 45, 23, 22, 27, 22, 71, 56, 14, 1, 29, 65]",32.02103252032524
"[24, 24, 23, 48, 46, 23, 22, 27, 22, 71, 56, 14, 1, 29, 65]",32.45322357723573
"[24, 24, 23, 48, 46, 23, 22, 27, 22, 71, 56, 14, 1, 29, 65]",33.722241192411936
"[24, 24, 23, 48, 46, 23, 22, 27, 22, 71, 56, 14, 1, 29, 65]",38.136371273712754
"[25, 21, 24, 48, 47, 23, 22, 27, 22, 71, 56, 14, 1, 29, 65]",33.72529539295394
"[23, 23, 23, 49, 47, 23, 22, 27, 22, 71, 56, 14, 1, 29, 65]",36.928028455284526
"[24, 22, 24, 48, 47, 23, 22, 27, 22, 71, 56, 14, 1, 29, 65]",30.80659756097563
"[25, 24, 23, 48, 45, 23, 22, 27, 22, 71, 56, 14, 1, 29, 65]",34.3037682926829
"[25, 24, 23, 48, 45, 23, 22, 27, 22, 71, 56, 14, 1, 29, 65]",35.14114634146336
"[24, 24, 23, 48, 46, 23, 22, 27, 22, 71, 56, 14, 1, 29, 65]",34.75145934959343
"[24, 23, 23, 48, 47, 23, 22, 27, 22, 71, 56, 14, 1, 29, 65]",34.502292682926765
"[24, 24, 23, 48, 46, 23, 22, 27, 22, 71, 56, 14, 1, 29, 65]",40.17674796747964
"[25, 24, 23, 48, 45, 23, 22, 27, 22, 71, 56, 14, 1, 29, 65]",38.16549999999998
"[24, 24, 23, 49, 45, 23, 22, 27, 22, 71, 56, 14, 1, 29, 65]",33.22114363143627
"[24, 24, 23, 48, 46, 23, 22, 27, 22, 71, 56, 14, 1, 29, 65]",33.50757452574528
"[24, 24, 23, 48, 46, 23, 22, 27, 22, 71, 56, 14, 1, 29, 65]",34.721741192411955
"[24, 23, 23, 48, 47, 23, 22, 27, 22, 71, 56, 14, 1, 29, 65]",33.1996707317073
"[25, 24, 23, 48, 45, 23, 22, 27, 22, 71, 56, 14, 1, 29, 65]",29.654212737127384
"[25, 24, 23, 48, 45, 23, 22, 27, 22, 71, 56, 14, 1, 29, 65]",37.38947696476967
"[25, 23, 23, 48, 46, 23, 22, 27, 22, 71, 56, 14, 1, 29, 65]",31.67642276422764
"[25, 24, 23, 48, 45, 23, 22, 27, 22, 71, 56, 14, 1, 29, 65]",35.59966395663951
"[24, 24, 23, 48, 46, 23, 22, 27, 22, 71, 56, 14, 1, 29, 65]",31.95285772357725
"[24, 24, 23, 48, 46, 23, 22, 27, 22, 71, 56, 14, 1, 29, 65]",32.41264092140914
"[24, 24, 23, 48, 46, 23, 22, 27, 22, 71, 56, 14, 1, 29, 65]",35.999355013550186
"[25, 21, 24, 48, 47, 23, 22, 27, 22, 71, 56, 14, 1, 29, 65]",34.76809620596201
"[23, 23, 23, 49, 47, 23, 22, 27, 22, 71, 56, 14, 1, 29, 65]",31.85741056910569
"[24, 22, 24, 48, 47, 23, 22, 27, 22, 71, 56, 14, 1, 29, 65]",40.476818428184195
"[25, 24, 23, 48, 45, 23, 22, 27, 22, 71, 56, 14, 1, 29, 65]",36.86590514905151
"[25, 24, 23, 48, 45, 23, 22, 27, 22, 71, 56, 14, 1, 29, 65]",30.995402439024396
"[24, 24, 23, 48, 46, 23, 22, 27, 22, 71, 56, 14, 1, 29, 65]",33.21724254742544
"[24, 23, 23, 48, 47, 23, 22, 27, 22, 71, 56, 14, 1, 29, 65]",34.10739430894311
"[24, 24, 23, 48, 46, 23, 22, 27, 22, 71, 56, 14, 1, 29, 65]",29.880868563685734
"[25, 24, 23, 48, 45, 23, 22, 27, 22, 71, 56, 14, 1, 29, 65]",37.799726287262885
"[24, 24, 23, 49, 45, 23, 22, 27, 22, 71, 56, 14, 1, 29, 65]",35.41432655826555
"[24, 24, 23, 48, 46, 23, 22, 27, 22, 71, 56, 14, 1, 29, 65]",31.139682926829305
"[24, 24, 23, 48, 46, 23, 22, 27, 22, 71, 56, 14, 1, 29, 65]",44.94050542005411
"[24, 23, 23, 48, 47, 23, 22, 27, 22, 71, 56, 14, 1, 29, 65]",35.56357452574528
"[25, 24, 23, 48, 45, 23, 22, 27, 22, 71, 56, 14, 1, 29, 65]",33.59766666666669
"[25, 24, 23, 48, 45, 23, 22, 27, 22, 71, 56, 14, 1, 29, 65]",33.4692086720867
"[25, 23, 23, 48, 46, 23, 22, 27, 22, 71, 56, 14, 1, 29, 65]",34.79761517615182
"[25, 24, 23, 48, 45, 23, 22, 27, 22, 71, 56, 14, 1, 29, 65]",34.39737804878051
"[24, 24, 23, 48, 46, 23, 22, 27, 22, 71, 56, 14, 1, 29, 65]",32.9959092140922
"[24, 24, 23, 48, 46, 23, 22, 27, 22, 71, 56, 14, 1, 29, 65]",33.90081842818419
"[24, 24, 23, 48, 46, 23, 22, 27, 22, 71, 56, 14, 1, 29, 65]",33.82591192411926
"[25, 21, 24, 48, 47, 23, 22, 27, 22, 71, 56, 14, 1, 29, 65]",39.03902845528448
"[23, 23, 23, 49, 47, 23, 22, 27, 22, 71, 56, 14, 1, 29, 65]",40.41245528455282
"[24, 22, 24, 48, 47, 23, 22, 27, 22, 71, 56, 14, 1, 29, 65]",37.915321138211425
"[25, 24, 23, 48, 45, 23, 22, 27, 22, 71, 56, 14, 1, 29, 65]",32.990291327913255
"[25, 24, 23, 48, 45, 23, 22, 27, 22, 71, 56, 14, 1, 29, 65]",31.680028455284507
"[24, 24, 23, 48, 46, 23, 22, 27, 22, 71, 56, 14, 1, 29, 65]",32.21726829268293
"[24, 23, 23, 48, 47, 23, 22, 27, 22, 71, 56, 14, 1, 29, 65]",33.95644986449862
"[24, 24, 23, 48, 46, 23, 22, 27, 22, 71, 56, 14, 1, 29, 65]",37.01492547425474
"[25, 24, 23, 48, 45, 23, 22, 27, 22, 71, 56, 14, 1, 29, 65]",45.365949864498624
"[24, 24, 23, 49, 45, 23, 22, 27, 22, 71, 56, 14, 1, 29, 65]",34.440880758807594
"[24, 24, 23, 48, 46, 23, 22, 27, 22, 71, 56, 14, 1, 29, 65]",40.818699186991886
"[24, 24, 23, 48, 46, 23, 22, 27, 22, 71, 56, 14, 1, 29, 65]",31.566285907859086
"[24, 23, 23, 48, 47, 23, 22, 27, 22, 71, 56, 14, 1, 29, 65]",39.52712466124665
"[25, 24, 23, 48, 45, 23, 22, 27, 22, 71, 56, 14, 1, 29, 65]",38.89416124661247
"[25, 24, 23, 48, 45, 23, 22, 27, 22, 71, 56, 14, 1, 29, 65]",37.655058265582696
"[25, 23, 23, 48, 46, 23, 22, 27, 22, 71, 56, 14, 1, 29, 65]",34.65805555555557
"[25, 24, 23, 48, 45, 23, 22, 27, 22, 71, 56, 14, 1, 29, 65]",35.73065989159891
"[24, 24, 23, 48, 46, 23, 22, 27, 22, 71, 56, 14, 1, 29, 65]",32.64220731707313
"[24, 24, 23, 48, 46, 23, 22, 27, 22, 71, 56, 14, 1, 29, 65]",36.84035094850948
"[24, 24, 23, 48, 46, 23, 22, 27, 22, 71, 56, 14, 1, 29, 65]",34.260444444444495
"[25, 21, 24, 48, 47, 23, 22, 27, 22, 71, 56, 14, 1, 29, 65]",38.63355149051502
"[23, 23, 23, 49, 47, 23, 22, 27, 22, 71, 56, 14, 1, 29, 65]",42.642039295393005
"[24, 22, 24, 48, 47, 23, 22, 27, 22, 71, 56, 14, 1, 29, 65]",36.708413279132785
"[25, 24, 23, 48, 45, 23, 22, 27, 22, 71, 56, 14, 1, 29, 65]",32.01934688346881
"[25, 24, 23, 48, 45, 23, 22, 27, 22, 71, 56, 14, 1, 29, 65]",30.636654471544706
"[24, 24, 23, 48, 46, 23, 22, 27, 22, 71, 56, 14, 1, 29, 65]",38.790926829268265
"[24, 23, 23, 48, 47, 23, 22, 27, 22, 71, 56, 14, 1, 29, 65]",32.307659891598874
"[24, 24, 23, 48, 46, 23, 22, 27, 22, 71, 56, 14, 1, 29, 65]",32.70253523035247
"[25, 24, 23, 48, 45, 23, 22, 27, 22, 71, 56, 14, 1, 29, 65]",31.194784552845533
"[24, 24, 23, 49, 45, 23, 22, 27, 22, 71, 56, 14, 1, 29, 65]",42.00675338753391
"[24, 24, 23, 48, 46, 23, 22, 27, 22, 71, 56, 14, 1, 29, 65]",38.35236314363143
"[24, 24, 23, 48, 46, 23, 22, 27, 22, 71, 56, 14, 1, 29, 65]",36.60185365853655
"[24, 23, 23, 48, 47, 23, 22, 27, 22, 71, 56, 14, 1, 29, 65]",33.81474932249323
"[25, 24, 23, 48, 45, 23, 22, 27, 22, 71, 56, 14, 1, 29, 65]",31.92547696476965
"[25, 24, 23, 48, 45, 23, 22, 27, 22, 71, 56, 14, 1, 29, 65]",38.614897018970126
"[25, 23, 23, 48, 46, 23, 22, 27, 22, 71, 56, 14, 1, 29, 65]",43.879157181571784
"[25, 24, 23, 48, 45, 23, 22, 27, 22, 71, 56, 14, 1, 29, 65]",36.42818292682926
"[24, 24, 23, 48, 46, 23, 22, 27, 22, 71, 56, 14, 1, 29, 65]",36.35429945799454
"[24, 24, 23, 48, 46, 23, 22, 27, 22, 71, 56, 14, 1, 29, 65]",44.074056910569105
"[24, 24, 23, 48, 46, 23, 22, 27, 22, 71, 56, 14, 1, 29, 65]",38.37652710027104
"[25, 21, 24, 48, 47, 23, 22, 27, 22, 71, 56, 14, 1, 29, 65]",36.04129810298105
"[23, 23, 23, 49, 47, 23, 22, 27, 22, 71, 56, 14, 1, 29, 65]",43.99494715447152
"[24, 22, 24, 48, 47, 23, 22, 27, 22, 71, 56, 14, 1, 29, 65]",31.73912059620599
"[25, 24, 23, 48, 45, 23, 22, 27, 22, 71, 56, 14, 1, 29, 65]",32.43352710027106
"[25, 24, 23, 48, 45, 23, 22, 27, 22, 71, 56, 14, 1, 29, 65]",35.232909214092125
"[24, 24, 23, 48, 46, 23, 22, 27, 22, 71, 56, 14, 1, 29, 65]",41.54866395663959
"[24, 23, 23, 48, 47, 23, 22, 27, 22, 71, 56, 14, 1, 29, 65]",41.96384823848238
"[24, 24, 23, 48, 46, 23, 22, 27, 22, 71, 56, 14, 1, 29, 65]",40.762085365853686
"[25, 24, 23, 48, 45, 23, 22, 27, 22, 71, 56, 14, 1, 29, 65]",36.929987804877996
"[24, 24, 23, 49, 45, 23, 22, 27, 22, 71, 56, 14, 1, 29, 65]",35.11369241192414
"[24, 24, 23, 48, 46, 23, 22, 27, 22, 71, 56, 14, 1, 29, 65]",40.07374390243898
"[24, 24, 23, 48, 46, 23, 22, 27, 22, 71, 56, 14, 1, 29, 65]",35.87031436314364
"[24, 23, 23, 48, 47, 23, 22, 27, 22, 71, 56, 14, 1, 29, 65]",31.323376693766928
"[25, 24, 23, 48, 45, 23, 22, 27, 22, 71, 56, 14, 1, 29, 65]",35.02288888888889
"[25, 24, 23, 48, 45, 23, 22, 27, 22, 71, 56, 14, 1, 29, 65]",32.36307723577239
"[25, 23, 23, 48, 46, 23, 22, 27, 22, 71, 56, 14, 1, 29, 65]",31.382673441734422
"[25, 24, 23, 48, 45, 23, 22, 27, 22, 71, 56, 14, 1, 29, 65]",34.16617479674794
"[24, 24, 23, 48, 46, 23, 22, 27, 22, 71, 56, 14, 1, 29, 65]",37.11342953929535
"[24, 24, 23, 48, 46, 23, 22, 27, 22, 71, 56, 14, 1, 29, 65]",32.76880216802171
"[24, 24, 23, 48, 46, 23, 22, 27, 22, 71, 56, 14, 1, 29, 65]",34.2823428184282
"[25, 21, 24, 48, 47, 23, 22, 27, 22, 71, 56, 14, 1, 29, 65]",38.30087533875338
"[23, 23, 23, 49, 47, 23, 22, 27, 22, 71, 56, 14, 1, 29, 65]",39.40371544715448
"[24, 22, 24, 48, 47, 23, 22, 27, 22, 71, 56, 14, 1, 29, 65]",34.264910569105666
"[25, 24, 23, 48, 45, 23, 22, 27, 22, 71, 56, 14, 1, 29, 65]",31.61476151761514
"[25, 24, 23, 48, 45, 23, 22, 27, 22, 71, 56, 14, 1, 29, 65]",32.07942682926829
"[24, 24, 23, 48, 46, 23, 22, 27, 22, 71, 56, 14, 1, 29, 65]",38.96294308943087
"[24, 23, 23, 48, 47, 23, 22, 27, 22, 71, 56, 14, 1, 29, 65]",34.87767750677507
"[24, 24, 23, 48, 46, 23, 22, 27, 22, 71, 56, 14, 1, 29, 65]",34.46876422764231
"[25, 24, 23, 48, 45, 23, 22, 27, 22, 71, 56, 14, 1, 29, 65]",38.54532791327911
"[24, 24, 23, 49, 45, 23, 22, 27, 22, 71, 56, 14, 1, 29, 65]",37.053573170731646
"[24, 24, 23, 48, 46, 23, 22, 27, 22, 71, 56, 14, 1, 29, 65]",35.34985230352304
"[24, 24, 23, 48, 46, 23, 22, 27, 22, 71, 56, 14, 1, 29, 65]",35.529462059620656
"[24, 23, 23, 48, 47, 23, 22, 27, 22, 71, 56, 14, 1, 29, 65]",31.148845528455304
"[25, 24, 23, 48, 45, 23, 22, 27, 22, 71, 56, 14, 1, 29, 65]",39.816485094851025
"[25, 24, 23, 48, 45, 23, 22, 27, 22, 71, 56, 14, 1, 29, 65]",34.13182791327912
"[25, 23, 23, 48, 46, 23, 22, 27, 22, 71, 56, 14, 1, 29, 65]",33.395143631436305
"[25, 24, 23, 48, 45, 23, 22, 27, 22, 71, 56, 14, 1, 29, 65]",30.740490514905165
"[24, 24, 23, 48, 46, 23, 22, 27, 22, 71, 56, 14, 1, 29, 65]",31.7289268292683
"[24, 24, 23, 48, 46, 23, 22, 27, 22, 71, 56, 14, 1, 29, 65]",36.27699457994578
"[24, 24, 23, 48, 46, 23, 22, 27, 22, 71, 56, 14, 1, 29, 65]",32.2736869918699
"[25, 21, 24, 48, 47, 23, 22, 27, 22, 71, 56, 14, 1, 29, 65]",39.12053658536588
"[23, 23, 23, 49, 47, 23, 22, 27, 22, 71, 56, 14, 1, 29, 65]",36.8915447154472
"[24, 22, 24, 48, 47, 23, 22, 27, 22, 71, 56, 14, 1, 29, 65]",31.65381029810299
"[25, 24, 23, 48, 45, 23, 22, 27, 22, 71, 56, 14, 1, 29, 65]",36.42072764227641
"[25, 24, 23, 48, 45, 23, 22, 27, 22, 71, 56, 14, 1, 29, 65]",29.86740108401084
"[24, 24, 23, 48, 46, 23, 22, 27, 22, 71, 56, 14, 1, 29, 65]",37.49339566395667
"[24, 23, 23, 48, 47, 23, 22, 27, 22, 71, 56, 14, 1, 29, 65]",31.459486449864503
"[24, 24, 23, 48, 46, 23, 22, 27, 22, 71, 56, 14, 1, 29, 65]",33.01877913279138
"[25, 24, 23, 48, 45, 23, 22, 27, 22, 71, 56, 14, 1, 29, 65]",35.27105420054195
"[24, 24, 23, 49, 45, 23, 22, 27, 22, 71, 56, 14, 1, 29, 65]",33.07852168021682
"[24, 24, 23, 48, 46, 23, 22, 27, 22, 71, 56, 14, 1, 29, 65]",34.211895663956575
"[24, 24, 23, 48, 46, 23, 22, 27, 22, 71, 56, 14, 1, 29, 65]",36.77329945799463
"[24, 23, 23, 48, 47, 23, 22, 27, 22, 71, 56, 14, 1, 29, 65]",36.01943224932246
"[25, 24, 23, 48, 45, 23, 22, 27, 22, 71, 56, 14, 1, 29, 65]",35.88662330623299
"[25, 24, 23, 48, 45, 23, 22, 27, 22, 71, 56, 14, 1, 29, 65]",38.54463143631444
"[25, 23, 23, 48, 46, 23, 22, 27, 22, 71, 56, 14, 1, 29, 65]",30.761544715447155
"[25, 24, 23, 48, 45, 23, 22, 27, 22, 71, 56, 14, 1, 29, 65]",34.56828048780485
"[24, 24, 23, 48, 46, 23, 22, 27, 22, 71, 56, 14, 1, 29, 65]",44.060815718157215
"[24, 24, 23, 48, 46, 23, 22, 27, 22, 71, 56, 14, 1, 29, 65]",33.63566666666662
"[24, 24, 23, 48, 46, 23, 22, 27, 22, 71, 56, 14, 1, 29, 65]",34.36206097560975
"[25, 21, 24, 48, 47, 23, 22, 27, 22, 71, 56, 14, 1, 29, 65]",37.544819783197745
"[23, 23, 23, 49, 47, 23, 22, 27, 22, 71, 56, 14, 1, 29, 65]",35.39469918699187
"[24, 22, 24, 48, 47, 23, 22, 27, 22, 71, 56, 14, 1, 29, 65]",31.992716802167994
"[25, 24, 23, 48, 45, 23, 22, 27, 22, 71, 56, 14, 1, 29, 65]",31.425929539295392
"[25, 24, 23, 48, 45, 23, 22, 27, 22, 71, 56, 14, 1, 29, 65]",34.37679945799457
"[24, 24, 23, 48, 46, 23, 22, 27, 22, 71, 56, 14, 1, 29, 65]",33.27080216802169
"[24, 23, 23, 48, 47, 23, 22, 27, 22, 71, 56, 14, 1, 29, 65]",37.46157452574526
"[24, 24, 23, 48, 46, 23, 22, 27, 22, 71, 56, 14, 1, 29, 65]",34.48434688346883
"[25, 24, 23, 48, 45, 23, 22, 27, 22, 71, 56, 14, 1, 29, 65]",33.89239159891591
"[24, 24, 23, 49, 45, 23, 22, 27, 22, 71, 56, 14, 1, 29, 65]",31.776990514905158
"[24, 24, 23, 48, 46, 23, 22, 27, 22, 71, 56, 14, 1, 29, 65]",33.04659756097565
"[24, 24, 23, 48, 46, 23, 22, 27, 22, 71, 56, 14, 1, 29, 65]",31.612121951219525
"[24, 23, 23, 48, 47, 23, 22, 27, 22, 71, 56, 14, 1, 29, 65]",35.826821138211365
"[25, 24, 23, 48, 45, 23, 22, 27, 22, 71, 56, 14, 1, 29, 65]",39.204535230352334
"[25, 24, 23, 48, 45, 23, 22, 27, 22, 71, 56, 14, 1, 29, 65]",37.571594850948514
"[25, 23, 23, 48, 46, 23, 22, 27, 22, 71, 56, 14, 1, 29, 65]",35.46576287262875
"[25, 24, 23, 48, 45, 23, 22, 27, 22, 71, 56, 14, 1, 29, 65]",32.801986449864515
"[24, 24, 23, 48, 46, 23, 22, 27, 22, 71, 56, 14, 1, 29, 65]",40.24385907859079
"[24, 24, 23, 48, 46, 23, 22, 27, 22, 71, 56, 14, 1, 29, 65]",34.42089430894305
"[24, 24, 23, 48, 46, 23, 22, 27, 22, 71, 56, 14, 1, 29, 65]",33.15235094850951
"[25, 21, 24, 48, 47, 23, 22, 27, 22, 71, 56, 14, 1, 29, 65]",36.349373983739866
"[23, 23, 23, 49, 47, 23, 22, 27, 22, 71, 56, 14, 1, 29, 65]",30.71851490514902
"[24, 22, 24, 48, 47, 23, 22, 27, 22, 71, 56, 14, 1, 29, 65]",38.42671273712739
"[25, 24, 23, 48, 45, 23, 22, 27, 22, 71, 56, 14, 1, 29, 65]",40.838452574525725
"[25, 24, 23, 48, 45, 23, 22, 27, 22, 71, 56, 14, 1, 29, 65]",38.70494308943098
"[24, 24, 23, 48, 46, 23, 22, 27, 22, 71, 56, 14, 1, 29, 65]",37.218069105691086
"[24, 23, 23, 48, 47, 23, 22, 27, 22, 71, 56, 14, 1, 29, 65]",31.408681571815695
"[24, 24, 23, 48, 46, 23, 22, 27, 22, 71, 56, 14, 1, 29, 65]",32.65181300813008
"[25, 24, 23, 48, 45, 23, 22, 27, 22, 71, 56, 14, 1, 29, 65]",32.101535230352425
"[24, 24, 23, 49, 45, 23, 22, 27, 22, 71, 56, 14, 1, 29, 65]",30.839108401084054
"[24, 24, 23, 48, 46, 23, 22, 27, 22, 71, 56, 14, 1, 29, 65]",31.176009485094905
"[24, 24, 23, 48, 46, 23, 22, 27, 22, 71, 56, 14, 1, 29, 65]",35.494093495934976
"[24, 23, 23, 48, 47, 23, 22, 27, 22, 71, 56, 14, 1, 29, 65]",45.42331165311648
"[25, 24, 23, 48, 45, 23, 22, 27, 22, 71, 56, 14, 1, 29, 65]",36.614472899728966
"[25, 24, 23, 48, 45, 23, 22, 27, 22, 71, 56, 14, 1, 29, 65]",32.71746205962058
"[25, 23, 23, 48, 46, 23, 22, 27, 22, 71, 56, 14, 1, 29, 65]",31.07200542005417
"[25, 24, 23, 48, 45, 23, 22, 27, 22, 71, 56, 14, 1, 29, 65]",33.311047425474236
"[24, 24, 23, 48, 46, 23, 22, 27, 22, 71, 56, 14, 1, 29, 65]",32.37945392953928
"[24, 24, 23, 48, 46, 23, 22, 27, 22, 71, 56, 14, 1, 29, 65]",41.11228455284554
"[24, 24, 23, 48, 46, 23, 22, 27, 22, 71, 56, 14, 1, 29, 65]",32.981112466124635
"[25, 21, 24, 48, 47, 23, 22, 27, 22, 71, 56, 14, 1, 29, 65]",39.83309485094853
"[23, 23, 23, 49, 47, 23, 22, 27, 22, 71, 56, 14, 1, 29, 65]",29.87459078590786
"[24, 22, 24, 48, 47, 23, 22, 27, 22, 71, 56, 14, 1, 29, 65]",35.898594850948506
"[25, 24, 23, 48, 45, 23, 22, 27, 22, 71, 56, 14, 1, 29, 65]",37.912850948509465
"[25, 24, 23, 48, 45, 23, 22, 27, 22, 71, 56, 14, 1, 29, 65]",34.691586720867214
"[24, 24, 23, 48, 46, 23, 22, 27, 22, 71, 56, 14, 1, 29, 65]",35.32584417344173
"[24, 23, 23, 48, 47, 23, 22, 27, 22, 71, 56, 14, 1, 29, 65]",39.046838753387476
"[24, 24, 23, 48, 46, 23, 22, 27, 22, 71, 56, 14, 1, 29, 65]",30.68216260162605
"[25, 24, 23, 48, 45, 23, 22, 27, 22, 71, 56, 14, 1, 29, 65]",42.43751084010849
"[24, 24, 23, 49, 45, 23, 22, 27, 22, 71, 56, 14, 1, 29, 65]",33.86406097560975
"[24, 24, 23, 48, 46, 23, 22, 27, 22, 71, 56, 14, 1, 29, 65]",35.85684959349594
"[24, 24, 23, 48, 46, 23, 22, 27, 22, 71, 56, 14, 1, 29, 65]",28.66886856368566
"[24, 23, 23, 48, 47, 23, 22, 27, 22, 71, 56, 14, 1, 29, 65]",37.20405149051494
"[25, 24, 23, 48, 45, 23, 22, 27, 22, 71, 56, 14, 1, 29, 65]",35.088039295392996
"[25, 24, 23, 48, 45, 23, 22, 27, 22, 71, 56, 14, 1, 29, 65]",33.67145528455285
"[25, 23, 23, 48, 46, 23, 22, 27, 22, 71, 56, 14, 1, 29, 65]",29.301078590785906
"[25, 24, 23, 48, 45, 23, 22, 27, 22, 71, 56, 14, 1, 29, 65]",34.07259078590791
"[24, 24, 23, 48, 46, 23, 22, 27, 22, 71, 56, 14, 1, 29, 65]",32.55615311653115
"[24, 24, 23, 48, 46, 23, 22, 27, 22, 71, 56, 14, 1, 29, 65]",31.76838346883471
"[24, 24, 23, 48, 46, 23, 22, 27, 22, 71, 56, 14, 1, 29, 65]",35.098918699187045
"[25, 21, 24, 48, 47, 23, 22, 27, 22, 71, 56, 14, 1, 29, 65]",31.836753387533783
"[23, 23, 23, 49, 47, 23, 22, 27, 22, 71, 56, 14, 1, 29, 65]",43.66033875338767
"[24, 22, 24, 48, 47, 23, 22, 27, 22, 71, 56, 14, 1, 29, 65]",31.659476964769592
"[25, 24, 23, 48, 45, 23, 22, 27, 22, 71, 56, 14, 1, 29, 65]",36.16057723577239
"[25, 24, 23, 48, 45, 23, 22, 27, 22, 71, 56, 14, 1, 29, 65]",34.24942411924123
"[24, 24, 23, 48, 46, 23, 22, 27, 22, 71, 56, 14, 1, 29, 65]",32.562840108401055
"[24, 23, 23, 48, 47, 23, 22, 27, 22, 71, 56, 14, 1, 29, 65]",34.33838211382115
"[24, 24, 23, 48, 46, 23, 22, 27, 22, 71, 56, 14, 1, 29, 65]",37.141710027100295
"[25, 24, 23, 48, 45, 23, 22, 27, 22, 71, 56, 14, 1, 29, 65]",37.147752032520344
"[24, 24, 23, 49, 45, 23, 22, 27, 22, 71, 56, 14, 1, 29, 65]",33.98494850948508
"[24, 24, 23, 48, 46, 23, 22, 27, 22, 71, 56, 14, 1, 29, 65]",31.546353658536557
"[24, 24, 23, 48, 46, 23, 22, 27, 22, 71, 56, 14, 1, 29, 65]",32.43188346883472
"[24, 23, 23, 48, 47, 23, 22, 27, 22, 71, 56, 14, 1, 29, 65]",32.1344756097561
"[25, 24, 23, 48, 45, 23, 22, 27, 22, 71, 56, 14, 1, 29, 65]",38.411165311653086
"[25, 24, 23, 48, 45, 23, 22, 27, 22, 71, 56, 14, 1, 29, 65]",35.01364092140918
"[25, 23, 23, 48, 46, 23, 22, 27, 22, 71, 56, 14, 1, 29, 65]",37.64755962059617
"[25, 24, 23, 48, 45, 23, 22, 27, 22, 71, 56, 14, 1, 29, 65]",38.22089024390242
"[24, 24, 23, 48, 46, 23, 22, 27, 22, 71, 56, 14, 1, 29, 65]",34.38107046070462
"[24, 24, 23, 48, 46, 23, 22, 27, 22, 71, 56, 14, 1, 29, 65]",36.90312059620595
"[24, 24, 23, 48, 46, 23, 22, 27, 22, 71, 56, 14, 1, 29, 65]",38.08090379403791
"[25, 21, 24, 48, 47, 23, 22, 27, 22, 71, 56, 14, 1, 29, 65]",38.54742953929543
"[23, 23, 23, 49, 47, 23, 22, 27, 22, 71, 56, 14, 1, 29, 65]",39.577566395663915
"[24, 22, 24, 48, 47, 23, 22, 27, 22, 71, 56, 14, 1, 29, 65]",39.317157181571815
"[25, 24, 23, 48, 45, 23, 22, 27, 22, 71, 56, 14, 1, 29, 65]",36.60679674796748
"[25, 24, 23, 48, 45, 23, 22, 27, 22, 71, 56, 14, 1, 29, 65]",34.39447560975604
"[24, 24, 23, 48, 46, 23, 22, 27, 22, 71, 56, 14, 1, 29, 65]",38.987586720867164
"[24, 23, 23, 48, 47, 23, 22, 27, 22, 71, 56, 14, 1, 29, 65]",35.50211788617886
"[24, 24, 23, 48, 46, 23, 22, 27, 22, 71, 56, 14, 1, 29, 65]",36.570567750677505
"[25, 24, 23, 48, 45, 23, 22, 27, 22, 71, 56, 14, 1, 29, 65]",42.59799051490513
"[24, 24, 23, 49, 45, 23, 22, 27, 22, 71, 56, 14, 1, 29, 65]",34.143872628726264
"[24, 24, 23, 48, 46, 23, 22, 27, 22, 71, 56, 14, 1, 29, 65]",36.159325203252045
"[24, 24, 23, 48, 46, 23, 22, 27, 22, 71, 56, 14, 1, 29, 65]",34.84459485094849
"[24, 23, 23, 48, 47, 23, 22, 27, 22, 71, 56, 14, 1, 29, 65]",32.72918157181571
"[25, 24, 23, 48, 45, 23, 22, 27, 22, 71, 56, 14, 1, 29, 65]",33.15619376693764
"[25, 24, 23, 48, 45, 23, 22, 27, 22, 71, 56, 14, 1, 29, 65]",29.54656775067747
"[25, 23, 23, 48, 46, 23, 22, 27, 22, 71, 56, 14, 1, 29, 65]",33.896262872628725
"[25, 24, 23, 48, 45, 23, 22, 27, 22, 71, 56, 14, 1, 29, 65]",30.605490514905156
"[24, 24, 23, 48, 46, 23, 22, 27, 22, 71, 56, 14, 1, 29, 65]",31.72746205962059
"[24, 24, 23, 48, 46, 23, 22, 27, 22, 71, 56, 14, 1, 29, 65]",30.881875338753407
"[24, 24, 23, 48, 46, 23, 22, 27, 22, 71, 56, 14, 1, 29, 65]",37.43071680216804
"[25, 21, 24, 48, 47, 23, 22, 27, 22, 71, 56, 14, 1, 29, 65]",33.331415989159915
"[23, 23, 23, 49, 47, 23, 22, 27, 22, 71, 56, 14, 1, 29, 65]",31.504533875338772
"[24, 22, 24, 48, 47, 23, 22, 27, 22, 71, 56, 14, 1, 29, 65]",28.86650135501356
"[25, 24, 23, 48, 45, 23, 22, 27, 22, 71, 56, 14, 1, 29, 65]",40.36737804878049
"[25, 24, 23, 48, 45, 23, 22, 27, 22, 71, 56, 14, 1, 29, 65]",31.801943089430942
"[24, 24, 23, 48, 46, 23, 22, 27, 22, 71, 56, 14, 1, 29, 65]",37.21919647696479
"[24, 23, 23, 48, 47, 23, 22, 27, 22, 71, 56, 14, 1, 29, 65]",35.106869918699196
"[24, 24, 23, 48, 46, 23, 22, 27, 22, 71, 56, 14, 1, 29, 65]",30.104130081300834
"[25, 24, 23, 48, 45, 23, 22, 27, 22, 71, 56, 14, 1, 29, 65]",29.813388888888884
"[24, 24, 23, 49, 45, 23, 22, 27, 22, 71, 56, 14, 1, 29, 65]",32.189527100270986
"[24, 24, 23, 48, 46, 23, 22, 27, 22, 71, 56, 14, 1, 29, 65]",35.093376693766835
"[24, 24, 23, 48, 46, 23, 22, 27, 22, 71, 56, 14, 1, 29, 65]",33.03841734417343
"[24, 23, 23, 48, 47, 23, 22, 27, 22, 71, 56, 14, 1, 29, 65]",33.68582113821144
"[25, 24, 23, 48, 45, 23, 22, 27, 22, 71, 56, 14, 1, 29, 65]",35.48070867208668
"[25, 24, 23, 48, 45, 23, 22, 27, 22, 71, 56, 14, 1, 29, 65]",33.084543360433614
"[25, 23, 23, 48, 46, 23, 22, 27, 22, 71, 56, 14, 1, 29, 65]",31.550707317073137
"[25, 24, 23, 48, 45, 23, 22, 27, 22, 71, 56, 14, 1, 29, 65]",36.63410433604334
"[24, 24, 23, 48, 46, 23, 22, 27, 22, 71, 56, 14, 1, 29, 65]",28.037382113821117
"[24, 24, 23, 48, 46, 23, 22, 27, 22, 71, 56, 14, 1, 29, 65]",30.69421815718158
"[24, 24, 23, 48, 46, 23, 22, 27, 22, 71, 56, 14, 1, 29, 65]",31.810638211382102
"[25, 21, 24, 48, 47, 23, 22, 27, 22, 71, 56, 14, 1, 29, 65]",36.316947154471585
"[23, 23, 23, 49, 47, 23, 22, 27, 22, 71, 56, 14, 1, 29, 65]",34.23100135501356
"[24, 22, 24, 48, 47, 23, 22, 27, 22, 71, 56, 14, 1, 29, 65]",34.49359214092135
"[25, 24, 23, 48, 45, 23, 22, 27, 22, 71, 56, 14, 1, 29, 65]",33.09715718157178
"[25, 24, 23, 48, 45, 23, 22, 27, 22, 71, 56, 14, 1, 29, 65]",33.63413279132794
"[24, 24, 23, 48, 46, 23, 22, 27, 22, 71, 56, 14, 1, 29, 65]",39.530128726287295
"[24, 23, 23, 48, 47, 23, 22, 27, 22, 71, 56, 14, 1, 29, 65]",33.15432520325201
"[24, 24, 23, 48, 46, 23, 22, 27, 22, 71, 56, 14, 1, 29, 65]",35.657586720867194
"[25, 24, 23, 48, 45, 23, 22, 27, 22, 71, 56, 14, 1, 29, 65]",33.74365040650401
"[24, 24, 23, 49, 45, 23, 22, 27, 22, 71, 56, 14, 1, 29, 65]",33.842483739837355
"[24, 24, 23, 48, 46, 23, 22, 27, 22, 71, 56, 14, 1, 29, 65]",45.820322493224936
"[24, 24, 23, 48, 46, 23, 22, 27, 22, 71, 56, 14, 1, 29, 65]",37.358499999999985
"[24, 23, 23, 48, 47, 23, 22, 27, 22, 71, 56, 14, 1, 29, 65]",36.82758807588074
"[25, 24, 23, 48, 45, 23, 22, 27, 22, 71, 56, 14, 1, 29, 65]",40.84761111111114
"[25, 24, 23, 48, 45, 23, 22, 27, 22, 71, 56, 14, 1, 29, 65]",39.81848373983741
"[25, 23, 23, 48, 46, 23, 22, 27, 22, 71, 56, 14, 1, 29, 65]",40.38573848238478
"[25, 24, 23, 48, 45, 23, 22, 27, 22, 71, 56, 14, 1, 29, 65]",47.953636856368604
"[24, 24, 23, 48, 46, 23, 22, 27, 22, 71, 56, 14, 1, 29, 65]",34.063788617886125
"[24, 24, 23, 48, 46, 23, 22, 27, 22, 71, 56, 14, 1, 29, 65]",36.026497289972916
"[24, 24, 23, 48, 46, 23, 22, 27, 22, 71, 56, 14, 1, 29, 65]",27.365517615176117
"[25, 21, 24, 48, 47, 23, 22, 27, 22, 71, 56, 14, 1, 29, 65]",32.51992411924121
"[23, 23, 23, 49, 47, 23, 22, 27, 22, 71, 56, 14, 1, 29, 65]",39.80696341463424
