"[36, 17, 42, 38, 22, 32, 12, 67, 40, 15, 43, 24, 14, 26, 53]",37.130977235772406
"[37, 20, 54, 43, 25, 28, 12, 67, 42, 22, 44, 25, 15, 25, 55]",34.86544579945787
"[31, 21, 48, 40, 22, 29, 13, 71, 42, 17, 42, 28, 15, 26, 61]",35.56178563685618
"[30, 20, 45, 42, 25, 31, 15, 62, 36, 15, 42, 26, 15, 25, 55]",35.26000704607047
"[31, 22, 49, 42, 24, 31, 12, 69, 38, 20, 42, 27, 14, 22, 52]",36.910027100271016
"[29, 22, 48, 39, 24, 36, 12, 68, 38, 17, 48, 26, 15, 24, 60]",37.492167750677474
"[31, 21, 49, 41, 24, 31, 12, 68, 42, 18, 42, 25, 14, 26, 56]",35.84970731707323
"[29, 22, 48, 44, 25, 33, 14, 66, 35, 17, 42, 26, 16, 26, 58]",35.35765718157179
"[30, 17, 51, 40, 24, 28, 12, 66, 38, 15, 43, 26, 14, 25, 55]",36.339709214092146
"[30, 22, 42, 36, 24, 27, 13, 66, 35, 17, 48, 26, 14, 25, 61]",36.98467398373965
"[28, 22, 45, 42, 23, 26, 12, 66, 42, 15, 42, 26, 15, 26, 54]",37.13785962059603
"[31, 22, 54, 41, 22, 29, 14, 66, 39, 16, 42, 28, 16, 28, 51]",36.257612737127324
"[36, 20, 45, 39, 21, 25, 13, 68, 42, 17, 42, 28, 16, 24, 47]",35.11474661246601
"[31, 22, 48, 40, 23, 28, 14, 67, 39, 16, 43, 26, 15, 25, 56]",34.521646070460825
"[31, 20, 50, 35, 24, 28, 13, 68, 34, 17, 46, 25, 14, 27, 59]",34.68515447154477
"[43, 21, 42, 33, 22, 34, 12, 61, 42, 18, 43, 28, 16, 28, 48]",36.77848807588066
"[33, 20, 44, 48, 25, 25, 12, 63, 42, 21, 45, 26, 14, 22, 57]",33.912836856368536
"[35, 21, 43, 40, 25, 29, 12, 60, 42, 25, 42, 30, 13, 23, 61]",35.990597831978285
"[31, 19, 42, 44, 25, 35, 12, 60, 42, 15, 42, 25, 14, 25, 57]",37.052625474254725
"[25, 22, 48, 45, 25, 25, 12, 65, 42, 19, 42, 26, 15, 20, 59]",36.428367479674804
"[25, 22, 48, 40, 23, 25, 12, 67, 42, 25, 44, 26, 13, 24, 61]",36.27147289972909
"[34, 18, 48, 43, 25, 25, 12, 63, 42, 24, 42, 26, 13, 30, 61]",34.714199728997365
"[28, 21, 47, 46, 25, 32, 12, 66, 42, 20, 42, 28, 15, 25, 60]",36.35364850948506
"[39, 22, 47, 32, 25, 30, 12, 63, 42, 15, 44, 24, 15, 26, 55]",35.080483468834615
"[37, 22, 42, 42, 22, 25, 12, 62, 42, 18, 45, 24, 13, 24, 61]",35.548119783197926
"[27, 22, 42, 42, 22, 25, 12, 67, 42, 18, 42, 26, 17, 20, 61]",35.283755284552896
"[28, 22, 47, 43, 25, 28, 12, 61, 39, 23, 42, 30, 14, 24, 58]",35.00326233062331
"[31, 20, 42, 46, 25, 25, 12, 67, 42, 23, 42, 20, 14, 22, 61]",35.69779512195127
"[33, 18, 48, 40, 24, 25, 13, 65, 40, 16, 43, 26, 15, 25, 55]",36.541895392953954
"[27, 18, 52, 39, 24, 26, 12, 62, 42, 22, 44, 27, 13, 27, 61]",34.70774661246613
"[42, 22, 42, 29, 21, 32, 12, 61, 42, 25, 42, 30, 16, 29, 51]",42.78890352303535
"[34, 20, 45, 46, 25, 25, 12, 63, 42, 20, 45, 26, 14, 23, 57]",35.735445528455365
"[38, 16, 42, 40, 25, 30, 12, 66, 42, 25, 43, 29, 14, 24, 61]",41.64035013550142
"[37, 17, 42, 39, 25, 25, 12, 60, 42, 16, 42, 25, 14, 23, 57]",36.20585636856378
"[25, 22, 50, 47, 25, 25, 13, 63, 42, 19, 42, 23, 16, 20, 58]",38.28446314363122
"[33, 22, 49, 41, 22, 25, 12, 65, 42, 25, 42, 27, 13, 27, 61]",35.45377859078594
"[37, 15, 49, 43, 25, 25, 12, 62, 42, 25, 42, 27, 13, 30, 61]",34.60947506775046
"[31, 20, 50, 40, 25, 31, 12, 65, 42, 23, 42, 28, 15, 24, 58]",36.96324146341469
"[41, 22, 43, 38, 25, 31, 12, 60, 41, 20, 45, 23, 16, 25, 54]",42.60092330623305
"[41, 22, 42, 41, 20, 25, 12, 60, 42, 20, 43, 25, 13, 24, 61]",39.34707967479688
"[33, 22, 42, 41, 21, 25, 12, 66, 42, 22, 42, 25, 17, 21, 60]",37.14524065040641
"[38, 22, 44, 41, 25, 26, 12, 60, 40, 25, 42, 30, 13, 21, 61]",36.30255040650401
"[31, 16, 42, 46, 25, 25, 12, 62, 42, 25, 42, 20, 14, 20, 61]",34.28818238482376
"[34, 18, 50, 40, 23, 26, 12, 61, 40, 17, 43, 25, 15, 25, 54]",35.15580569105691
"[25, 17, 49, 38, 23, 28, 12, 60, 42, 21, 45, 28, 13, 27, 61]",35.01366205962056
"[35, 20, 42, 38, 22, 26, 12, 62, 42, 25, 44, 27, 15, 27, 57]",44.85730433604323
"[35, 20, 52, 38, 25, 27, 12, 64, 42, 21, 45, 25, 14, 26, 54]",35.688117886178844
"[30, 12, 43, 39, 22, 29, 12, 73, 42, 22, 45, 26, 18, 27, 61]",37.8319338753388
"[36, 19, 44, 33, 25, 25, 12, 60, 40, 19, 43, 25, 16, 23, 55]",36.06871084010859
"[40, 22, 51, 35, 25, 25, 12, 63, 42, 19, 43, 25, 15, 24, 52]",39.745243089430744
"[42, 22, 48, 39, 20, 25, 12, 66, 42, 25, 43, 27, 15, 27, 61]",36.132633875338726
"[39, 18, 51, 42, 23, 25, 12, 64, 42, 25, 42, 28, 13, 28, 61]",34.66580487804893
"[35, 19, 51, 35, 25, 30, 12, 70, 42, 22, 44, 26, 18, 26, 54]",36.49688075880757
"[41, 22, 56, 42, 24, 30, 12, 64, 39, 23, 44, 24, 16, 23, 53]",42.91273279132809
"[41, 22, 42, 39, 19, 25, 12, 60, 42, 20, 43, 26, 16, 24, 61]",41.93255609756114
"[39, 22, 43, 32, 20, 25, 12, 62, 42, 24, 42, 25, 16, 27, 50]",38.909550406503875
"[38, 21, 43, 39, 25, 25, 12, 64, 41, 25, 42, 29, 13, 21, 61]",43.78655203252017
"[32, 12, 45, 32, 24, 25, 12, 61, 42, 25, 42, 20, 15, 20, 55]",35.298737669376585
"[33, 20, 51, 39, 22, 28, 12, 60, 37, 23, 44, 25, 15, 24, 54]",34.97774281842818
"[31, 19, 43, 32, 22, 29, 12, 64, 42, 19, 49, 29, 14, 27, 61]",36.2974509485094
"[25, 18, 42, 46, 22, 31, 12, 67, 42, 18, 46, 24, 15, 24, 58]",38.380424932249404
"[36, 18, 53, 44, 25, 28, 12, 64, 42, 22, 45, 26, 15, 24, 53]",34.26983848238487
"[26, 17, 48, 38, 18, 28, 12, 72, 42, 19, 45, 26, 19, 27, 61]",36.18815555555534
"[25, 20, 50, 39, 23, 25, 12, 60, 33, 21, 44, 25, 17, 25, 53]",35.84668699186999
"[43, 18, 50, 34, 24, 25, 12, 64, 42, 20, 43, 26, 15, 27, 50]",34.497399457994746
"[43, 19, 48, 37, 20, 25, 12, 66, 42, 22, 44, 25, 18, 25, 59]",35.22706504065024
"[37, 21, 51, 41, 22, 25, 12, 65, 42, 22, 43, 28, 13, 26, 59]",34.60221002710037
"[39, 17, 50, 35, 25, 28, 12, 71, 42, 22, 45, 24, 20, 27, 52]",35.33568265582644
"[34, 20, 62, 38, 24, 25, 12, 68, 38, 19, 42, 26, 13, 22, 54]",35.79053658536584
"[34, 22, 46, 40, 25, 25, 12, 60, 42, 19, 42, 25, 18, 24, 58]",43.60185989159913
"[36, 21, 45, 39, 23, 25, 12, 66, 42, 17, 44, 25, 15, 30, 52]",42.480507588075824
"[25, 19, 47, 41, 25, 28, 12, 68, 39, 21, 42, 23, 17, 23, 54]",48.61475799458006
"[29, 12, 45, 28, 22, 25, 12, 63, 42, 25, 42, 20, 16, 21, 46]",36.510269647696376
"[33, 19, 50, 39, 23, 27, 12, 61, 35, 24, 45, 25, 15, 23, 54]",35.50698861788633
"[38, 21, 42, 34, 21, 29, 12, 68, 41, 21, 49, 30, 18, 26, 61]",34.57721382113835
"[25, 15, 42, 48, 22, 31, 12, 69, 42, 15, 50, 21, 16, 21, 59]",35.080133333333215
"[38, 18, 44, 48, 25, 28, 12, 63, 42, 22, 43, 27, 16, 20, 55]",34.0395544715448
"[31, 22, 47, 34, 17, 30, 12, 67, 42, 20, 50, 30, 18, 26, 61]",36.17635447154461
"[28, 21, 48, 44, 21, 25, 12, 60, 30, 18, 44, 25, 14, 26, 54]",36.27595338753374
"[43, 16, 50, 41, 24, 27, 12, 64, 42, 21, 42, 25, 15, 29, 51]",34.727697289973015
"[33, 17, 51, 39, 22, 25, 12, 67, 42, 19, 46, 26, 21, 24, 57]",35.85224200541996
"[34, 22, 52, 40, 25, 26, 12, 67, 42, 19, 46, 27, 15, 25, 55]",34.17571734417342
"[42, 16, 48, 36, 23, 27, 12, 72, 42, 23, 46, 23, 15, 26, 57]",34.39391924119231
"[32, 19, 62, 39, 25, 25, 12, 69, 40, 17, 42, 29, 13, 23, 55]",34.7594138211381
"[30, 20, 51, 41, 25, 26, 12, 60, 42, 19, 45, 25, 15, 24, 56]",35.60426260162601
"[26, 16, 51, 47, 25, 25, 12, 67, 42, 15, 42, 25, 14, 20, 53]",36.76496639566405
"[25, 17, 52, 43, 25, 31, 12, 64, 38, 20, 42, 20, 16, 26, 50]",35.83996476964774
"[27, 17, 42, 37, 16, 25, 12, 66, 42, 19, 42, 22, 14, 23, 44]",36.2457712737125
"[33, 18, 47, 40, 25, 26, 12, 64, 34, 16, 44, 25, 15, 24, 54]",36.42889999999993
"[40, 17, 42, 35, 20, 27, 12, 67, 40, 24, 52, 28, 21, 27, 61]",36.07415311653131
"[30, 13, 42, 41, 15, 27, 12, 71, 42, 19, 48, 24, 17, 25, 48]",35.09702032520325
"[36, 21, 45, 48, 22, 26, 12, 65, 42, 20, 45, 25, 13, 25, 52]",36.02315745257426
"[33, 20, 45, 40, 15, 31, 12, 65, 42, 21, 53, 30, 16, 24, 58]",34.380978048780406
"[34, 20, 43, 45, 16, 28, 12, 60, 31, 15, 45, 26, 13, 27, 52]",36.76730542005428
"[39, 19, 51, 48, 21, 26, 12, 66, 42, 20, 45, 24, 15, 27, 49]",34.15886368563692
"[25, 18, 54, 44, 23, 25, 12, 68, 42, 17, 53, 27, 15, 23, 52]",35.06638401084013
"[31, 22, 54, 40, 20, 26, 13, 68, 42, 18, 50, 26, 18, 25, 51]",33.70078075880752
"[37, 17, 48, 40, 17, 28, 12, 74, 42, 23, 49, 25, 13, 26, 50]",35.51615772357719
"[30, 19, 62, 48, 25, 25, 12, 64, 42, 16, 42, 27, 15, 25, 47]",34.671379674796704
"[36, 19, 50, 46, 23, 25, 12, 60, 38, 18, 49, 26, 13, 28, 52]",35.79812168021691
"[25, 16, 53, 48, 18, 25, 12, 66, 42, 15, 45, 25, 15, 20, 57]",36.96469647696469
"[25, 20, 47, 43, 23, 25, 12, 60, 42, 20, 42, 25, 13, 26, 47]",36.074142005420015
"[25, 22, 42, 47, 15, 25, 12, 69, 42, 15, 42, 25, 13, 26, 42]",33.634628997289916
"[31, 18, 45, 47, 21, 25, 12, 65, 42, 15, 45, 25, 15, 25, 48]",36.008964498645035
"[33, 15, 42, 43, 16, 26, 12, 69, 41, 18, 56, 29, 21, 30, 61]",36.305593224932274
"[40, 13, 43, 34, 15, 25, 12, 68, 42, 24, 45, 28, 17, 30, 41]",34.151141192412084
"[37, 22, 51, 48, 19, 26, 12, 67, 42, 18, 47, 22, 14, 30, 48]",34.5245997289972
"[36, 12, 42, 46, 17, 32, 13, 65, 42, 20, 57, 30, 15, 30, 56]",35.15971490514919
"[42, 14, 42, 45, 15, 25, 12, 60, 33, 15, 50, 24, 13, 28, 48]",34.397566666666684
"[35, 21, 50, 48, 18, 25, 12, 68, 42, 19, 49, 23, 15, 25, 48]",32.9760563685636
"[25, 18, 42, 48, 18, 25, 12, 68, 42, 17, 57, 25, 13, 29, 49]",37.478982926829346
"[30, 17, 46, 48, 16, 26, 13, 68, 42, 20, 53, 25, 17, 29, 48]",35.29658157181573
"[34, 18, 46, 48, 15, 28, 12, 74, 42, 19, 51, 26, 13, 27, 44]",33.454540650406436
"[33, 18, 51, 48, 23, 25, 12, 61, 42, 20, 47, 26, 16, 29, 42]",34.35470216802166
"[43, 17, 47, 48, 18, 26, 12, 61, 37, 19, 51, 25, 13, 30, 48]",34.06742140921409
"[27, 16, 55, 48, 15, 25, 12, 64, 42, 15, 47, 23, 15, 20, 53]",34.83000135501335
"[43, 21, 42, 44, 15, 25, 12, 64, 42, 20, 42, 29, 13, 26, 44]",33.88001192411916
"[29, 22, 42, 40, 15, 25, 12, 70, 42, 15, 42, 25, 13, 26, 41]",33.96921138211385
"[31, 17, 46, 48, 16, 25, 12, 61, 42, 15, 48, 23, 15, 29, 43]",34.08820027100279
"[28, 14, 42, 46, 15, 26, 12, 68, 42, 15, 57, 29, 21, 30, 58]",35.34432791327908
"[43, 12, 42, 36, 15, 25, 13, 67, 38, 25, 49, 28, 14, 30, 43]",36.2072994579945
"[43, 16, 53, 48, 15, 31, 12, 70, 42, 15, 51, 20, 13, 30, 43]",33.86630460704603
"[43, 12, 42, 44, 15, 30, 14, 75, 42, 19, 57, 30, 14, 30, 57]",37.50000514905141
"[43, 12, 42, 45, 15, 25, 12, 60, 35, 15, 55, 22, 13, 29, 44]",32.81926910569094
"[43, 22, 47, 48, 15, 26, 14, 70, 42, 17, 51, 23, 14, 26, 46]",32.941931978319815
"[25, 15, 42, 48, 15, 25, 12, 68, 41, 17, 57, 23, 13, 30, 45]",33.75011436314377
"[42, 12, 42, 48, 15, 28, 14, 69, 42, 20, 54, 23, 15, 30, 48]",33.7439013550135
"[39, 15, 42, 48, 15, 34, 12, 74, 42, 16, 50, 26, 13, 28, 43]",34.17136260162612
"[43, 14, 45, 48, 22, 25, 12, 64, 40, 19, 51, 21, 17, 30, 44]",35.26516043360428
"[43, 12, 44, 48, 15, 26, 12, 61, 33, 19, 53, 24, 13, 30, 45]",34.3789428184281
"[43, 13, 45, 45, 15, 28, 12, 64, 42, 16, 49, 22, 15, 24, 41]",36.52478617886166
"[43, 20, 42, 46, 15, 27, 12, 66, 37, 16, 44, 25, 13, 26, 42]",34.65390298102984
"[43, 22, 42, 36, 15, 25, 12, 68, 37, 15, 42, 22, 13, 26, 41]",34.21399457994591
"[40, 12, 46, 48, 15, 25, 12, 60, 42, 15, 51, 22, 13, 30, 44]",32.992801897019035
"[32, 12, 42, 44, 15, 28, 12, 67, 39, 15, 57, 29, 17, 30, 56]",34.219695663956536
"[36, 12, 42, 42, 15, 25, 12, 71, 36, 15, 57, 20, 13, 30, 44]",35.29291409214089
"[43, 12, 54, 48, 15, 36, 12, 71, 42, 15, 56, 20, 13, 30, 41]",32.45445880758805
"[43, 15, 42, 36, 15, 33, 12, 75, 42, 15, 57, 30, 18, 30, 59]",36.33290731707317
"[39, 12, 47, 41, 15, 25, 12, 60, 36, 15, 57, 20, 13, 30, 42]",35.25355582655818
"[43, 17, 53, 48, 15, 35, 13, 71, 42, 15, 53, 23, 13, 29, 42]",33.539097289972965
"[28, 12, 42, 48, 15, 29, 12, 68, 39, 15, 57, 22, 13, 30, 44]",36.05392195121936
"[39, 12, 47, 42, 15, 36, 13, 69, 42, 15, 55, 25, 14, 30, 51]",36.27845636856355
"[41, 15, 46, 48, 15, 36, 12, 75, 42, 17, 50, 24, 13, 30, 44]",33.77299837398379
"[43, 15, 49, 48, 15, 28, 12, 69, 37, 15, 52, 20, 13, 30, 45]",35.87140569105686
"[43, 12, 52, 48, 15, 26, 12, 62, 37, 15, 53, 23, 13, 30, 44]",35.59830325203248
"[43, 12, 42, 41, 15, 30, 12, 66, 40, 15, 53, 20, 15, 30, 41]",34.08497533875344
"[43, 13, 45, 47, 15, 31, 12, 70, 34, 15, 52, 20, 13, 30, 41]",33.54598048780494
"[43, 17, 42, 39, 15, 29, 12, 63, 38, 15, 42, 20, 13, 26, 41]",34.18579539295397
"[43, 12, 47, 42, 15, 29, 12, 60, 39, 16, 53, 20, 13, 30, 45]",33.39610243902438
"[41, 13, 42, 37, 15, 32, 12, 67, 37, 15, 57, 25, 13, 30, 50]",34.03723523035221
"[30, 14, 42, 48, 15, 29, 12, 75, 41, 15, 57, 20, 13, 30, 45]",33.584056368563594
"[43, 12, 56, 48, 15, 36, 12, 75, 42, 15, 54, 20, 13, 30, 41]",37.745310298103014
"[40, 17, 42, 39, 15, 36, 12, 75, 42, 15, 57, 25, 20, 30, 54]",34.33082032520319
"[34, 13, 45, 40, 15, 25, 12, 60, 37, 15, 55, 20, 13, 30, 44]",36.84423685636848
"[43, 17, 57, 48, 15, 37, 12, 75, 42, 15, 48, 21, 13, 30, 41]",34.235111111111145
"[42, 12, 42, 34, 15, 34, 12, 68, 37, 15, 57, 21, 13, 30, 45]",33.38917804878057
"[27, 20, 52, 37, 17, 40, 12, 75, 42, 15, 55, 23, 16, 30, 49]",34.44464363143619
"[41, 15, 51, 46, 15, 35, 13, 74, 42, 18, 53, 22, 13, 30, 45]",32.913893224932174
"[43, 17, 55, 48, 15, 31, 12, 69, 33, 15, 54, 20, 13, 30, 47]",33.17530731707309
"[43, 13, 54, 48, 15, 29, 12, 60, 41, 15, 53, 20, 13, 30, 45]",36.39736449864502
"[43, 12, 42, 40, 15, 32, 12, 68, 37, 15, 50, 20, 13, 30, 41]",35.96642032520345
"[43, 12, 50, 47, 15, 33, 12, 66, 31, 15, 56, 20, 13, 30, 41]",35.86029783197809
"[36, 12, 42, 43, 15, 32, 12, 60, 40, 15, 42, 20, 13, 29, 41]",33.29264037940366
"[43, 14, 47, 39, 15, 32, 12, 64, 33, 15, 51, 21, 13, 30, 43]",35.83604607046074
"[42, 14, 42, 31, 15, 35, 12, 66, 37, 15, 57, 23, 13, 30, 48]",34.494523577235874
"[25, 16, 42, 48, 15, 32, 12, 67, 42, 15, 57, 20, 13, 30, 46]",32.879485636856536
"[43, 12, 52, 48, 15, 38, 12, 75, 42, 15, 51, 20, 13, 30, 42]",36.875288617886184
"[29, 15, 42, 43, 15, 38, 12, 75, 42, 15, 57, 21, 16, 30, 51]",35.87281111111116
"[37, 15, 42, 42, 15, 29, 12, 60, 35, 15, 49, 21, 13, 30, 46]",34.34962086720875
"[43, 17, 50, 48, 15, 32, 12, 75, 42, 15, 46, 21, 13, 28, 44]",33.47063170731705
"[43, 12, 42, 28, 15, 35, 12, 68, 41, 15, 53, 21, 13, 30, 46]",34.9215959349595
"[25, 22, 43, 40, 17, 37, 12, 75, 42, 15, 55, 22, 18, 30, 47]",35.01373035230347
"[40, 16, 55, 44, 15, 34, 14, 75, 42, 17, 55, 20, 13, 30, 45]",33.07026964769642
"[43, 19, 56, 48, 15, 33, 12, 68, 29, 15, 54, 20, 13, 30, 48]",33.90807750677509
"[43, 21, 49, 48, 15, 29, 12, 63, 42, 15, 54, 20, 13, 30, 47]",35.05232737127372
"[43, 14, 44, 39, 15, 30, 12, 68, 39, 15, 48, 20, 13, 30, 41]",34.34566585365858
"[43, 12, 49, 45, 15, 26, 12, 65, 40, 15, 50, 20, 13, 30, 41]",38.94161436314344
"[30, 12, 42, 44, 15, 34, 12, 60, 41, 15, 46, 20, 13, 29, 41]",34.28012113821131
"[33, 17, 45, 43, 15, 27, 12, 61, 34, 15, 50, 23, 13, 30, 41]",33.43485636856377
"[36, 15, 42, 28, 15, 31, 12, 66, 41, 15, 57, 22, 15, 30, 47]",33.33969268292676
"[32, 16, 42, 46, 15, 36, 12, 64, 42, 15, 57, 20, 13, 30, 46]",34.818402439024275
"[43, 15, 50, 48, 15, 36, 12, 75, 42, 15, 49, 20, 13, 30, 43]",36.008394579945985
"[33, 12, 46, 44, 15, 31, 12, 75, 42, 15, 57, 20, 13, 30, 49]",33.0707837398374
"[40, 13, 42, 43, 15, 29, 12, 60, 35, 15, 50, 23, 13, 29, 44]",33.85657073170737
"[43, 19, 48, 48, 15, 28, 14, 74, 42, 16, 49, 21, 13, 26, 45]",33.65256693766938
"[39, 12, 42, 34, 15, 31, 12, 69, 42, 15, 51, 21, 14, 30, 45]",34.38048726287255
"[37, 12, 42, 42, 15, 32, 13, 75, 42, 15, 55, 25, 14, 30, 51]",34.13088102981043
"[40, 16, 54, 44, 15, 36, 13, 75, 42, 17, 53, 20, 13, 30, 45]",33.247564498645175
"[43, 18, 55, 48, 15, 34, 12, 64, 36, 15, 53, 20, 13, 30, 48]",33.334986991869904
"[43, 22, 45, 48, 15, 29, 12, 70, 40, 15, 52, 22, 13, 30, 44]",33.476288617886425
"[34, 15, 47, 44, 15, 28, 12, 68, 42, 15, 48, 20, 13, 30, 41]",32.765264769647715
"[43, 15, 47, 45, 15, 25, 12, 65, 42, 15, 46, 20, 13, 30, 42]",35.85550704607029
"[27, 12, 42, 36, 15, 33, 12, 63, 38, 15, 42, 20, 13, 26, 41]",34.26768644986466
"[33, 15, 44, 48, 15, 25, 12, 60, 38, 15, 50, 20, 13, 30, 44]",34.7442501355015
"[25, 12, 42, 38, 15, 28, 12, 67, 42, 15, 57, 21, 16, 30, 46]",35.44536124661268
"[43, 14, 47, 35, 15, 38, 12, 62, 38, 15, 51, 20, 14, 30, 48]",32.762000813008264
"[43, 20, 58, 48, 15, 36, 13, 75, 42, 16, 49, 20, 13, 30, 45]",34.22054525745249
"[39, 13, 49, 40, 15, 36, 13, 74, 42, 15, 57, 20, 13, 30, 48]",33.477524390243964
"[41, 14, 44, 42, 15, 33, 12, 60, 31, 15, 53, 20, 13, 27, 46]",33.691274525745136
"[43, 21, 51, 48, 15, 34, 14, 68, 42, 17, 52, 20, 13, 24, 45]",35.32675392953939
"[34, 16, 42, 47, 15, 33, 12, 70, 39, 15, 51, 21, 13, 30, 48]",35.261995392953864
"[42, 12, 44, 40, 15, 28, 15, 73, 42, 17, 56, 28, 14, 29, 55]",34.78503224932252
"[43, 17, 51, 47, 15, 41, 13, 75, 42, 19, 51, 20, 13, 30, 45]",33.57695528455283
"[43, 16, 54, 48, 15, 34, 12, 60, 41, 15, 53, 20, 13, 30, 49]",32.327194308943234
"[43, 20, 51, 48, 15, 34, 12, 74, 35, 15, 50, 22, 13, 30, 45]",33.59286964769654
"[27, 17, 48, 48, 15, 33, 12, 65, 40, 15, 46, 20, 13, 30, 44]",33.190070189701956
"[39, 18, 50, 45, 15, 39, 12, 64, 41, 15, 44, 20, 13, 29, 45]",33.368426829268316
"[41, 13, 42, 29, 15, 33, 12, 65, 33, 15, 43, 20, 13, 21, 41]",33.74086097560978
"[39, 12, 45, 48, 15, 25, 12, 60, 40, 15, 51, 20, 13, 29, 48]",33.1801265582656
"[29, 12, 42, 31, 15, 28, 12, 67, 37, 15, 57, 21, 15, 30, 48]",33.3726287262871
"[43, 13, 51, 28, 15, 39, 12, 69, 33, 15, 49, 20, 15, 30, 51]",34.92017317073159
"[43, 17, 61, 48, 15, 36, 14, 75, 42, 19, 49, 20, 13, 28, 43]",33.48211273712723
"[38, 14, 48, 35, 15, 41, 15, 74, 42, 18, 57, 20, 13, 30, 49]",33.80974525745262
"[40, 17, 51, 42, 15, 27, 12, 60, 32, 15, 55, 20, 13, 28, 48]",34.37990542005412
"[43, 22, 53, 48, 15, 37, 14, 66, 42, 17, 50, 20, 13, 29, 45]",34.43036910569097
"[30, 15, 42, 48, 15, 38, 12, 69, 32, 15, 54, 21, 13, 30, 46]",34.04874037940383
"[38, 16, 48, 38, 15, 32, 14, 68, 42, 19, 57, 29, 15, 26, 54]",35.097932249322476
"[41, 17, 48, 48, 15, 41, 14, 75, 42, 18, 51, 20, 13, 30, 46]",33.161675880758814
"[43, 17, 57, 48, 15, 34, 12, 60, 37, 15, 53, 20, 13, 30, 47]",33.953831707317036
"[43, 18, 53, 48, 15, 34, 12, 69, 36, 15, 52, 21, 13, 30, 46]",34.5949252032519
"[34, 19, 46, 38, 15, 34, 12, 67, 39, 15, 50, 20, 13, 24, 45]",33.582359349593524
"[35, 20, 54, 45, 15, 41, 12, 65, 32, 15, 45, 20, 13, 25, 47]",34.09504200542015
"[37, 13, 42, 28, 15, 34, 12, 60, 33, 15, 44, 20, 13, 20, 41]",33.97751978319766
"[42, 12, 50, 44, 15, 30, 12, 60, 35, 15, 51, 20, 13, 27, 47]",36.10932981029808
"[38, 12, 42, 28, 15, 33, 12, 63, 32, 15, 57, 23, 13, 30, 53]",33.71098455284539
"[29, 13, 54, 44, 15, 33, 13, 74, 31, 15, 54, 20, 13, 30, 51]",34.04909186991851
"[43, 13, 59, 48, 15, 41, 15, 75, 42, 18, 52, 20, 13, 26, 42]",33.5616040650406
"[30, 15, 43, 42, 15, 38, 14, 75, 42, 18, 57, 20, 14, 30, 50]",34.65132195121942
"[37, 19, 53, 48, 15, 25, 12, 60, 35, 15, 54, 20, 13, 30, 47]",35.358386720867145
"[43, 20, 55, 48, 15, 35, 13, 74, 42, 17, 46, 20, 14, 30, 45]",33.131550135501364
"[29, 14, 49, 48, 15, 40, 12, 67, 29, 15, 55, 20, 13, 30, 45]",33.274637940379385
"[30, 22, 55, 42, 15, 34, 13, 65, 42, 19, 56, 20, 17, 25, 54]",33.93757588075876
"[40, 16, 56, 47, 15, 41, 14, 75, 42, 17, 52, 21, 13, 28, 47]",33.346085094850835
"[43, 18, 60, 48, 15, 33, 12, 61, 33, 15, 53, 20, 13, 30, 46]",33.967596476964744
"[43, 17, 55, 48, 15, 34, 12, 61, 42, 15, 52, 20, 13, 30, 49]",33.623427100270945
"[43, 12, 44, 34, 15, 33, 12, 69, 37, 15, 49, 20, 13, 22, 43]",34.123302168021816
"[34, 18, 53, 45, 15, 40, 12, 67, 31, 15, 46, 20, 13, 27, 42]",33.899442276422704
"[27, 12, 42, 36, 15, 34, 12, 60, 38, 15, 42, 20, 13, 28, 41]",35.90136531165315
"[39, 13, 53, 42, 15, 32, 12, 60, 33, 15, 51, 20, 13, 28, 41]",34.69254227642271
"[32, 13, 42, 28, 15, 38, 12, 60, 35, 15, 57, 22, 13, 30, 53]",34.29292818428179
"[34, 14, 42, 48, 15, 30, 13, 74, 38, 15, 56, 20, 13, 30, 45]",33.68680379403792
"[43, 15, 55, 48, 15, 41, 14, 75, 42, 16, 53, 20, 13, 28, 41]",35.59051382113835
"[25, 12, 43, 48, 15, 35, 13, 75, 42, 18, 57, 22, 15, 30, 51]",35.074465853658516
"[40, 15, 51, 48, 15, 25, 12, 60, 35, 15, 53, 21, 13, 30, 46]",33.523924390243984
"[43, 17, 58, 48, 15, 37, 13, 75, 40, 17, 48, 20, 13, 29, 47]",32.941677235772325
"[42, 13, 49, 48, 15, 34, 12, 65, 30, 15, 54, 20, 13, 30, 49]",33.394774796747974
"[29, 19, 57, 46, 15, 36, 13, 65, 42, 15, 55, 20, 16, 30, 52]",34.75202655826552
"[42, 16, 59, 45, 15, 40, 14, 75, 42, 19, 53, 21, 13, 29, 47]",34.41660921409212
"[43, 18, 59, 48, 15, 33, 12, 63, 37, 15, 52, 20, 13, 30, 47]",33.425917073170716
"[43, 16, 55, 48, 15, 34, 12, 63, 42, 15, 52, 20, 13, 30, 51]",32.79337018970195
"[39, 12, 45, 37, 15, 33, 12, 70, 36, 15, 46, 20, 13, 26, 41]",35.68719593495943
"[43, 15, 49, 46, 15, 28, 12, 67, 36, 15, 50, 20, 13, 29, 41]",33.32442899728997
"[30, 13, 42, 44, 15, 32, 12, 60, 40, 15, 42, 20, 13, 30, 41]",33.31144661246612
"[36, 16, 50, 42, 15, 30, 12, 60, 35, 15, 50, 20, 13, 29, 41]",35.53251626016266
"[25, 15, 42, 31, 15, 36, 12, 60, 40, 15, 57, 21, 16, 30, 51]",35.110578048780454
"[43, 17, 42, 31, 15, 31, 13, 60, 42, 15, 51, 20, 13, 30, 45]",34.07862330623298
"[43, 19, 52, 48, 15, 41, 14, 75, 42, 17, 49, 20, 13, 30, 43]",33.59377073170724
"[32, 12, 43, 47, 15, 34, 14, 75, 42, 18, 57, 22, 14, 30, 50]",33.59637588075877
"[43, 14, 49, 44, 15, 29, 12, 60, 29, 15, 53, 21, 13, 30, 44]",33.59339349593497
"[43, 14, 59, 48, 15, 39, 14, 75, 38, 17, 49, 20, 13, 27, 48]",32.43029810298095
"[43, 14, 47, 42, 15, 30, 12, 67, 32, 15, 53, 20, 13, 30, 49]",35.403733875338915
"[39, 18, 49, 44, 15, 31, 13, 71, 37, 15, 52, 22, 15, 30, 50]",33.99481544715457
"[43, 18, 55, 48, 15, 39, 14, 75, 42, 19, 53, 21, 13, 30, 46]",33.29014552845518
"[43, 18, 58, 48, 15, 32, 12, 63, 37, 15, 51, 20, 13, 30, 48]",33.34405067750668
"[43, 17, 55, 48, 15, 34, 12, 67, 42, 15, 53, 20, 14, 30, 49]",33.95306639566396
"[25, 15, 45, 47, 15, 31, 12, 65, 38, 15, 42, 20, 13, 30, 41]",35.2200487804879
"[43, 14, 45, 47, 15, 25, 12, 69, 42, 15, 49, 20, 13, 26, 42]",35.7146604336045
"[37, 15, 42, 40, 15, 31, 12, 62, 36, 15, 42, 20, 13, 28, 41]",33.11198130081304
"[37, 18, 45, 46, 15, 27, 12, 60, 38, 15, 47, 20, 13, 27, 43]",34.49604146341473
"[25, 12, 42, 33, 15, 33, 12, 71, 39, 15, 57, 24, 18, 30, 49]",34.686876693766926
"[42, 16, 42, 28, 15, 41, 12, 60, 41, 15, 48, 20, 14, 30, 50]",35.43635338753372
"[43, 19, 57, 48, 15, 41, 14, 75, 42, 19, 47, 20, 13, 27, 47]",32.611196476964786
"[43, 14, 45, 41, 15, 36, 15, 75, 42, 17, 57, 22, 13, 30, 50]",34.021101084010965
"[43, 16, 49, 44, 15, 32, 12, 60, 25, 15, 53, 21, 13, 29, 44]",34.98813170731706
"[43, 15, 59, 48, 15, 40, 16, 75, 40, 17, 52, 20, 13, 26, 46]",36.36915528455282
"[33, 19, 52, 43, 15, 34, 12, 61, 34, 15, 53, 20, 14, 30, 48]",33.63238699186997
"[43, 19, 46, 41, 15, 26, 12, 75, 35, 15, 52, 25, 14, 30, 50]",34.01918157181556
"[43, 19, 50, 48, 15, 39, 14, 75, 42, 18, 53, 22, 13, 30, 48]",34.880819783197886
"[43, 18, 57, 48, 15, 33, 12, 62, 38, 15, 51, 20, 13, 30, 49]",34.34611842818414
"[43, 18, 54, 48, 15, 34, 13, 70, 37, 15, 54, 20, 15, 30, 47]",32.75529674796739
"[25, 17, 46, 42, 15, 33, 12, 61, 40, 15, 42, 20, 13, 30, 41]",33.715027913279165
"[43, 16, 54, 46, 15, 27, 12, 62, 39, 15, 48, 20, 13, 24, 41]",33.447468292682984
"[40, 16, 42, 33, 15, 31, 12, 64, 28, 15, 42, 20, 13, 20, 41]",33.87704715447146
"[39, 18, 46, 45, 15, 29, 12, 60, 35, 15, 50, 20, 13, 26, 46]",34.062947154471416
"[37, 12, 42, 33, 15, 33, 12, 75, 35, 15, 57, 25, 17, 30, 48]",34.52496531165299
"[33, 12, 46, 31, 15, 40, 12, 62, 31, 15, 52, 20, 14, 29, 51]",36.49842628726286
"[43, 15, 60, 48, 15, 41, 14, 75, 42, 18, 52, 20, 13, 26, 48]",33.61038021680195
"[43, 14, 51, 37, 15, 38, 14, 75, 42, 16, 57, 21, 13, 30, 50]",33.71502086720857
"[42, 16, 47, 45, 15, 25, 12, 60, 35, 15, 54, 21, 13, 28, 50]",34.326858265582715
"[43, 17, 57, 48, 16, 40, 16, 75, 42, 18, 52, 20, 13, 26, 44]",35.53392953929542
"[27, 21, 55, 45, 15, 37, 12, 60, 37, 15, 53, 20, 14, 30, 47]",33.01985555555534
"[35, 17, 51, 45, 15, 36, 13, 71, 39, 17, 57, 21, 17, 30, 51]",34.438581300813205
"[43, 17, 47, 48, 15, 38, 14, 75, 42, 17, 53, 22, 13, 30, 48]",33.666747696476996
"[43, 17, 56, 48, 15, 34, 12, 61, 38, 15, 52, 20, 13, 29, 49]",33.4271552845528
"[43, 19, 56, 48, 15, 35, 15, 70, 33, 15, 54, 20, 16, 30, 46]",34.02398617886193
"[27, 13, 44, 30, 15, 31, 12, 66, 41, 15, 50, 20, 13, 21, 41]",33.137953929539435
"[40, 17, 58, 45, 15, 41, 12, 61, 33, 15, 49, 20, 13, 27, 45]",34.113321951219554
"[36, 13, 42, 35, 15, 30, 12, 60, 32, 15, 44, 20, 13, 20, 41]",34.71973631436323
"[42, 12, 47, 42, 15, 28, 12, 60, 32, 15, 52, 20, 13, 28, 45]",34.38767018970191
"[42, 12, 42, 34, 15, 36, 12, 61, 35, 15, 57, 20, 14, 30, 49]",35.10665826558263
"[29, 12, 47, 39, 15, 29, 13, 68, 33, 15, 54, 20, 13, 28, 49]",34.15844579945792
"[43, 12, 60, 48, 15, 40, 14, 75, 42, 16, 55, 20, 13, 30, 42]",35.090217344173475
"[36, 15, 49, 38, 15, 39, 13, 75, 42, 16, 57, 20, 13, 30, 51]",34.16169728997299
"[40, 13, 49, 46, 15, 26, 12, 60, 42, 15, 52, 20, 13, 30, 48]",33.72498319783188
"[43, 19, 55, 48, 16, 41, 14, 75, 42, 19, 45, 20, 13, 30, 47]",34.73882113821142
"[36, 14, 53, 45, 15, 36, 12, 61, 38, 15, 53, 20, 13, 30, 47]",34.109827913279176
"[29, 14, 55, 48, 15, 41, 13, 62, 40, 17, 57, 20, 16, 30, 50]",32.879819512195226
"[42, 16, 59, 48, 15, 39, 14, 75, 42, 17, 53, 20, 14, 30, 48]",33.82380216802158
"[43, 17, 56, 48, 15, 35, 12, 62, 36, 15, 54, 20, 13, 29, 49]",32.83337859078575
"[43, 20, 58, 48, 15, 36, 15, 66, 37, 15, 53, 20, 15, 30, 51]",35.82999837398367
"[37, 12, 42, 38, 15, 32, 12, 69, 36, 15, 52, 20, 13, 21, 41]",36.15572872628732
"[43, 17, 57, 48, 15, 32, 12, 65, 32, 15, 48, 20, 13, 29, 46]",34.65871436314348
"[32, 12, 44, 43, 15, 31, 12, 60, 37, 15, 42, 20, 13, 23, 41]",34.4096731707317
"[42, 12, 50, 42, 15, 29, 12, 60, 36, 15, 52, 20, 13, 30, 45]",36.06589620596229
"[36, 15, 42, 31, 15, 32, 13, 60, 39, 15, 57, 20, 14, 30, 53]",35.81578672086726
"[32, 12, 42, 36, 15, 25, 13, 68, 39, 15, 54, 20, 13, 30, 47]",34.81358021680218
"[43, 18, 53, 48, 15, 40, 14, 75, 42, 16, 55, 20, 13, 30, 42]",35.853342276422666
"[27, 14, 46, 44, 15, 37, 13, 75, 42, 16, 57, 20, 14, 30, 51]",33.639750135501274
"[39, 16, 48, 43, 15, 25, 12, 60, 32, 15, 55, 20, 13, 30, 45]",34.247172899729
"[43, 17, 60, 48, 15, 41, 14, 75, 42, 17, 42, 20, 13, 28, 47]",33.48266747967461
"[39, 14, 48, 44, 15, 33, 12, 61, 36, 15, 53, 20, 13, 30, 49]",33.86887154471535
"[31, 14, 55, 48, 15, 41, 13, 62, 40, 17, 57, 20, 15, 30, 52]",35.22105040650435
"[41, 15, 61, 48, 15, 40, 14, 75, 42, 17, 53, 20, 15, 30, 49]",34.208792140921446
"[43, 17, 56, 48, 15, 36, 12, 67, 36, 15, 54, 20, 13, 30, 48]",35.14257100271007
"[43, 19, 58, 48, 15, 35, 14, 65, 40, 15, 53, 20, 13, 30, 50]",34.23447018970172
"[34, 12, 42, 44, 15, 35, 12, 67, 39, 15, 42, 20, 13, 25, 41]",36.74340948509484
"[43, 16, 51, 48, 15, 25, 12, 66, 35, 15, 49, 20, 13, 30, 44]",34.784502710027176
"[30, 12, 47, 43, 15, 32, 12, 60, 35, 15, 42, 20, 13, 29, 41]",34.96816558265596
"[35, 15, 48, 45, 15, 29, 12, 60, 38, 15, 50, 20, 13, 29, 44]",35.99164959349594
"[29, 16, 42, 37, 15, 29, 13, 60, 41, 15, 57, 21, 16, 30, 53]",35.57348319783201
"[42, 16, 42, 36, 15, 40, 13, 60, 38, 15, 53, 20, 13, 30, 46]",33.11689756097552
"[43, 22, 51, 48, 15, 38, 14, 75, 42, 17, 50, 20, 13, 30, 50]",34.06745149051487
"[31, 12, 42, 47, 15, 36, 14, 75, 42, 16, 56, 21, 14, 30, 49]",33.96382168021682
"[41, 18, 44, 41, 15, 27, 12, 60, 25, 15, 55, 21, 13, 29, 45]",34.347297831978246
"[43, 15, 62, 48, 15, 41, 15, 75, 42, 18, 48, 20, 13, 24, 43]",32.795477506775114
"[36, 18, 52, 44, 15, 34, 12, 61, 34, 15, 53, 20, 15, 29, 48]",34.28800867208664
"[41, 16, 51, 43, 15, 41, 14, 65, 38, 16, 57, 21, 15, 30, 54]",34.01791788617881
"[43, 15, 57, 48, 15, 39, 15, 75, 42, 20, 53, 20, 13, 30, 47]",34.73378915989162
"[43, 19, 56, 48, 15, 33, 12, 65, 38, 15, 53, 20, 14, 30, 47]",33.720568563685696
"[43, 18, 57, 48, 15, 34, 12, 73, 38, 15, 55, 20, 13, 30, 47]",32.922161246612426
"[30, 16, 42, 38, 15, 34, 13, 66, 41, 15, 42, 20, 13, 30, 41]",33.40497181571832
"[43, 17, 52, 48, 15, 25, 12, 66, 37, 15, 52, 20, 13, 28, 46]",33.190301897018905
"[36, 13, 46, 37, 15, 33, 12, 60, 32, 15, 42, 20, 13, 30, 41]",34.38553983739846
"[33, 17, 45, 48, 15, 30, 12, 60, 37, 15, 48, 20, 13, 29, 44]",33.10372547425485
"[31, 13, 42, 34, 15, 33, 12, 64, 40, 15, 57, 26, 15, 30, 50]",34.94888861788622
"[32, 17, 42, 37, 15, 38, 12, 60, 37, 15, 49, 21, 15, 30, 46]",33.94640813008119
"[43, 22, 54, 48, 21, 37, 13, 75, 42, 16, 44, 20, 13, 30, 47]",32.91448726287265
"[35, 17, 42, 48, 15, 34, 14, 75, 42, 15, 53, 21, 15, 30, 48]",35.26121382113833
"[42, 19, 44, 44, 15, 26, 12, 60, 25, 15, 46, 24, 14, 30, 45]",34.253490785907886
"[43, 17, 62, 48, 21, 40, 16, 75, 42, 17, 54, 20, 13, 21, 41]",34.6224750677507
"[30, 22, 54, 45, 15, 33, 12, 60, 41, 15, 49, 21, 16, 30, 44]",35.4180181571815
"[38, 17, 47, 42, 15, 39, 14, 71, 41, 15, 50, 28, 17, 30, 48]",34.2050948509484
"[43, 22, 53, 48, 15, 37, 15, 75, 42, 22, 48, 20, 13, 30, 44]",34.04873766937677
"[43, 21, 53, 48, 17, 32, 12, 62, 42, 15, 46, 20, 15, 30, 47]",33.93631165311659
"[43, 17, 51, 48, 17, 32, 12, 75, 38, 15, 52, 24, 15, 30, 45]",32.69484905149067
"[28, 21, 42, 34, 15, 33, 14, 64, 42, 15, 42, 20, 13, 30, 41]",32.15846883468835
"[43, 19, 55, 48, 15, 37, 12, 60, 39, 15, 50, 20, 13, 29, 45]",34.643527642276425
"[34, 21, 42, 32, 15, 30, 12, 60, 34, 15, 42, 20, 13, 30, 41]",35.03740569105695
"[33, 18, 42, 48, 15, 33, 12, 60, 39, 15, 43, 21, 13, 30, 45]",32.56895907859082
"[32, 13, 42, 34, 15, 35, 12, 66, 40, 15, 55, 28, 16, 30, 47]",33.68545311653113
"[27, 16, 42, 35, 15, 35, 12, 60, 38, 15, 44, 22, 15, 30, 47]",34.8288368563685
"[43, 19, 58, 48, 21, 37, 12, 75, 42, 15, 46, 21, 14, 30, 41]",33.4475953929538
"[33, 19, 42, 35, 15, 36, 14, 75, 42, 15, 45, 22, 15, 30, 47]",33.114634959349694
"[41, 13, 45, 45, 15, 25, 12, 60, 36, 15, 45, 23, 14, 30, 45]",34.38763604336048
"[43, 22, 62, 48, 23, 38, 15, 75, 42, 17, 42, 20, 13, 22, 41]",36.80043414634129
"[25, 21, 52, 45, 15, 32, 12, 60, 40, 15, 49, 22, 14, 30, 45]",34.18445338753378
"[28, 19, 50, 46, 15, 36, 13, 69, 42, 16, 45, 23, 19, 30, 47]",33.48512086720877
"[36, 22, 52, 48, 15, 38, 15, 75, 42, 19, 43, 22, 15, 30, 43]",33.219353116531124
"[41, 21, 53, 48, 21, 32, 12, 60, 42, 15, 43, 20, 14, 30, 47]",32.92033794037951
"[40, 22, 50, 48, 23, 37, 12, 75, 42, 15, 48, 27, 17, 30, 43]",33.862670460704685
"[25, 21, 42, 28, 15, 33, 14, 64, 42, 15, 42, 20, 13, 30, 41]",34.54820135501355
"[43, 21, 56, 48, 15, 38, 12, 60, 39, 15, 43, 20, 13, 30, 42]",34.03603089430903
"[32, 19, 42, 37, 15, 29, 12, 60, 40, 15, 42, 20, 13, 28, 41]",33.58860840108397
"[34, 18, 42, 42, 15, 35, 12, 60, 40, 15, 42, 22, 13, 30, 45]",32.46266775067752
"[26, 16, 42, 28, 15, 33, 12, 66, 42, 15, 48, 23, 17, 30, 48]",34.299431978320015
"[35, 13, 42, 35, 15, 31, 12, 60, 41, 15, 46, 22, 15, 30, 46]",34.20406016260154
"[43, 15, 58, 48, 17, 38, 14, 75, 42, 15, 50, 22, 14, 30, 41]",33.62480054200539
"[31, 21, 43, 36, 15, 37, 13, 71, 42, 16, 47, 22, 14, 30, 46]",34.17869268292677
"[37, 12, 47, 45, 15, 27, 12, 60, 41, 15, 46, 20, 14, 30, 44]",34.27256314363135
"[43, 22, 58, 48, 20, 37, 13, 75, 42, 17, 42, 20, 13, 30, 41]",33.88705257452561
"[25, 16, 51, 43, 15, 32, 12, 63, 36, 15, 49, 22, 13, 30, 46]",33.42562466124662
"[25, 19, 52, 44, 15, 38, 14, 65, 42, 17, 52, 20, 14, 30, 49]",35.137430894308906
"[34, 17, 53, 48, 18, 40, 15, 75, 42, 15, 42, 22, 13, 30, 42]",34.65502005420057
"[39, 18, 55, 48, 20, 33, 12, 62, 42, 15, 45, 21, 13, 30, 41]",33.04520650406511
"[37, 22, 50, 48, 22, 38, 12, 74, 42, 15, 46, 27, 17, 30, 43]",33.4846157181572
"[30, 12, 43, 42, 15, 34, 13, 65, 42, 15, 42, 20, 13, 30, 41]",34.55008509485078
"[43, 21, 53, 48, 15, 34, 12, 60, 41, 15, 43, 20, 13, 29, 42]",34.09015094850939
"[31, 12, 42, 42, 15, 29, 12, 60, 38, 15, 42, 20, 13, 28, 41]",34.02791300813009
"[35, 16, 42, 34, 15, 35, 12, 60, 39, 15, 43, 21, 13, 30, 41]",33.326136043360464
"[25, 19, 42, 32, 15, 31, 13, 65, 42, 15, 45, 20, 15, 30, 49]",33.171546070460764
"[36, 15, 42, 37, 15, 35, 12, 62, 42, 15, 48, 21, 13, 30, 43]",34.24073089430889
"[43, 14, 58, 48, 15, 39, 15, 70, 42, 16, 49, 20, 13, 30, 41]",35.970211111111034
"[29, 13, 44, 44, 15, 36, 13, 75, 42, 17, 51, 21, 13, 30, 45]",33.92022574525733
"[30, 16, 46, 43, 15, 33, 12, 60, 34, 15, 51, 20, 13, 30, 41]",34.69477154471522
"[43, 19, 56, 48, 18, 39, 14, 75, 42, 16, 42, 20, 13, 30, 41]",33.67286504065049
"[29, 14, 42, 42, 15, 35, 12, 62, 35, 15, 49, 22, 13, 30, 46]",33.4891119241194
"[28, 15, 56, 40, 16, 41, 13, 67, 42, 16, 57, 20, 13, 30, 46]",33.448713821138355
"[38, 14, 53, 47, 20, 41, 13, 75, 42, 15, 46, 20, 13, 30, 41]",33.88510569105693
"[43, 18, 58, 48, 16, 33, 12, 62, 41, 15, 50, 21, 13, 30, 41]",34.160008401083964
"[36, 21, 58, 48, 20, 37, 12, 67, 42, 17, 53, 20, 14, 30, 45]",33.613536856368675
"[33, 12, 42, 39, 15, 34, 13, 66, 42, 15, 42, 20, 13, 30, 41]",33.52405528455268
"[39, 19, 53, 48, 19, 25, 12, 62, 38, 15, 47, 20, 13, 27, 43]",33.74050325203257
"[33, 12, 42, 36, 15, 32, 12, 60, 34, 15, 42, 20, 13, 28, 41]",34.12420406504064
"[25, 16, 42, 35, 15, 34, 12, 60, 40, 15, 43, 20, 13, 30, 41]",34.29534579945786
"[25, 18, 42, 40, 15, 30, 14, 65, 42, 15, 44, 20, 13, 30, 46]",33.86593658536588
"[32, 15, 42, 37, 15, 38, 13, 64, 38, 15, 47, 20, 13, 30, 44]",34.10551897018953
"[43, 18, 50, 48, 15, 39, 15, 73, 42, 17, 51, 20, 13, 30, 41]",35.19719864498648
"[28, 12, 42, 48, 15, 35, 14, 70, 42, 16, 56, 20, 13, 30, 45]",33.624651490514914
"[36, 22, 42, 40, 15, 28, 12, 60, 31, 15, 53, 21, 13, 30, 41]",33.18609756097558
"[43, 15, 61, 48, 19, 41, 16, 75, 42, 16, 42, 20, 13, 30, 41]",33.35679403794046
"[31, 17, 42, 40, 15, 37, 12, 60, 36, 15, 47, 22, 14, 30, 45]",33.917366937669364
"[34, 15, 50, 41, 18, 38, 13, 68, 42, 16, 50, 22, 13, 30, 44]",34.75769674796744
"[41, 22, 51, 46, 19, 38, 12, 75, 42, 15, 48, 20, 13, 30, 42]",33.718404336043314
"[43, 20, 56, 48, 16, 34, 12, 65, 39, 15, 53, 20, 13, 30, 49]",33.38576260162588
"[41, 18, 56, 48, 17, 34, 15, 73, 42, 19, 57, 20, 13, 30, 49]",34.64816883468841
"[27, 17, 42, 28, 15, 34, 13, 67, 42, 15, 42, 20, 13, 29, 41]",32.891547967479696
"[41, 18, 53, 48, 22, 26, 12, 67, 34, 15, 44, 20, 13, 24, 42]",33.5241403794038
"[30, 12, 42, 34, 15, 32, 12, 60, 32, 15, 42, 20, 13, 27, 41]",33.856600542005474
"[28, 17, 42, 39, 15, 33, 12, 64, 41, 15, 43, 20, 13, 29, 41]",33.29899837398375
"[30, 12, 42, 35, 15, 33, 13, 65, 41, 15, 44, 21, 13, 30, 45]",33.52604254742549
"[32, 14, 42, 36, 15, 33, 14, 65, 38, 15, 45, 20, 14, 30, 46]",33.47973197831982
"[43, 22, 48, 48, 21, 37, 14, 75, 42, 16, 53, 20, 13, 30, 41]",33.496906504065024
"[34, 12, 42, 41, 15, 33, 14, 72, 42, 15, 56, 20, 14, 30, 46]",35.49052899729009
"[39, 12, 42, 41, 16, 25, 12, 60, 38, 15, 42, 22, 13, 30, 44]",34.39453143631431
"[43, 17, 61, 48, 18, 39, 15, 75, 42, 16, 42, 20, 13, 30, 43]",34.23210162601616
"[27, 19, 42, 37, 15, 34, 12, 60, 42, 15, 47, 21, 15, 30, 44]",33.67523089430897
"[36, 18, 46, 45, 18, 36, 14, 68, 42, 16, 45, 23, 15, 30, 48]",33.60737804878045
"[42, 22, 51, 47, 15, 35, 14, 75, 42, 16, 51, 20, 13, 30, 44]",34.339353658536666
"[43, 20, 56, 48, 21, 34, 12, 63, 40, 15, 45, 20, 13, 30, 50]",33.05920894308935
"[43, 17, 52, 48, 17, 35, 15, 75, 42, 16, 51, 24, 13, 30, 49]",32.99645962059621
"[25, 22, 42, 28, 15, 34, 14, 67, 42, 15, 42, 20, 13, 27, 41]",34.74000379403808
"[38, 21, 55, 48, 18, 29, 12, 62, 37, 15, 43, 20, 13, 28, 41]",34.38154471544718
"[30, 14, 42, 35, 15, 31, 12, 60, 39, 15, 42, 20, 13, 28, 41]",34.35791815718135
"[34, 16, 42, 39, 15, 33, 12, 65, 40, 15, 42, 20, 13, 28, 41]",33.06420596205955
"[36, 14, 42, 31, 15, 35, 13, 64, 41, 15, 46, 21, 13, 30, 42]",33.28579457994582
"[37, 16, 42, 37, 15, 33, 14, 64, 38, 15, 46, 20, 14, 30, 45]",34.22893116531165
"[43, 17, 62, 48, 20, 36, 13, 75, 42, 15, 53, 21, 14, 30, 45]",34.71465636856375
"[35, 13, 42, 31, 15, 34, 12, 75, 42, 15, 42, 21, 15, 30, 49]",34.359699728997306
"[39, 12, 42, 43, 16, 25, 12, 60, 40, 15, 42, 20, 14, 30, 45]",33.76802276422769
"[43, 21, 55, 48, 17, 38, 14, 75, 42, 17, 42, 20, 13, 29, 44]",34.73153712737123
"[27, 15, 44, 38, 15, 30, 12, 60, 42, 15, 48, 21, 14, 30, 44]",33.69599512195116
"[33, 19, 52, 47, 15, 39, 13, 67, 42, 16, 45, 22, 16, 30, 48]",33.41318726287251
"[43, 20, 53, 48, 17, 34, 15, 75, 42, 18, 51, 21, 13, 30, 44]",33.11983821138212
"[43, 19, 58, 48, 21, 33, 12, 60, 42, 15, 46, 22, 15, 30, 41]",34.049368834688266
"[43, 18, 51, 48, 19, 37, 13, 75, 42, 15, 47, 27, 18, 30, 49]",33.22850460704605
"[25, 22, 42, 32, 15, 33, 14, 65, 42, 15, 42, 20, 13, 26, 41]",34.6452314363143
"[39, 21, 55, 48, 17, 35, 12, 60, 40, 15, 42, 20, 13, 30, 41]",33.76853604336065
"[30, 17, 42, 36, 15, 29, 12, 60, 40, 15, 42, 20, 13, 30, 41]",33.154611382113906
"[34, 15, 42, 39, 15, 34, 12, 63, 40, 15, 42, 20, 13, 27, 41]",33.58108590785908
"[25, 20, 42, 28, 15, 32, 14, 64, 42, 15, 44, 21, 14, 30, 43]",35.37441869918693
"[36, 19, 42, 39, 15, 35, 12, 61, 42, 15, 48, 20, 14, 30, 43]",34.114061517615205
"[43, 18, 62, 48, 18, 37, 14, 74, 42, 16, 48, 21, 14, 30, 44]",34.368222764227696
"[25, 17, 42, 35, 15, 35, 12, 72, 42, 15, 43, 22, 15, 30, 49]",33.948589701896935
"[27, 16, 42, 43, 15, 27, 12, 60, 32, 15, 42, 20, 13, 30, 42]",34.89695392953935
"[43, 21, 55, 48, 18, 39, 14, 75, 42, 18, 45, 20, 13, 28, 41]",33.17712005420063
"[28, 13, 45, 39, 15, 30, 12, 60, 35, 15, 48, 20, 13, 30, 44]",34.30934146341481
"[33, 17, 54, 45, 17, 41, 12, 69, 42, 16, 50, 21, 16, 30, 44]",34.50308238482385
"[35, 16, 56, 48, 20, 36, 14, 75, 42, 19, 47, 24, 13, 30, 45]",33.177270460704605
"[43, 21, 57, 48, 18, 32, 12, 60, 39, 15, 49, 24, 14, 30, 41]",33.81287479674806
"[43, 20, 53, 48, 20, 38, 12, 75, 42, 15, 49, 23, 17, 30, 46]",34.459632249322446
"[30, 16, 42, 40, 15, 34, 13, 64, 42, 15, 42, 20, 13, 30, 41]",34.14411869918703
"[39, 20, 53, 48, 19, 38, 12, 60, 41, 15, 42, 20, 13, 30, 41]",32.68388536585364
"[30, 19, 42, 41, 15, 31, 12, 60, 41, 15, 42, 20, 13, 30, 41]",32.99175528455285
"[32, 16, 42, 39, 15, 34, 12, 62, 41, 15, 42, 20, 13, 30, 42]",35.52793685636841
"[25, 22, 42, 28, 15, 33, 13, 65, 42, 15, 43, 21, 15, 30, 45]",35.05473685636881
"[33, 16, 45, 35, 15, 37, 12, 64, 42, 15, 47, 20, 14, 30, 44]",33.94757235772358
"[42, 19, 53, 48, 17, 39, 15, 73, 42, 17, 47, 21, 13, 30, 45]",33.360472628726214
"[25, 18, 42, 43, 15, 36, 13, 72, 42, 16, 48, 21, 13, 30, 48]",33.1574623306232
"[37, 19, 43, 40, 15, 34, 12, 60, 32, 15, 48, 20, 13, 30, 41]",33.89647208672079
"[43, 17, 62, 48, 17, 38, 14, 75, 42, 16, 46, 20, 13, 27, 41]",34.25720135501343
"[28, 18, 42, 40, 15, 35, 12, 60, 33, 15, 51, 20, 14, 30, 44]",33.164057723577194
"[34, 19, 51, 44, 18, 38, 12, 68, 42, 15, 53, 21, 16, 30, 42]",32.83960162601626
"[32, 14, 54, 48, 21, 41, 14, 75, 42, 16, 47, 25, 13, 30, 45]",34.14409891598935
"[43, 21, 56, 48, 16, 33, 12, 61, 38, 15, 50, 20, 13, 30, 47]",33.245630894308874
"[38, 21, 54, 48, 19, 36, 13, 71, 42, 15, 54, 20, 14, 30, 44]",33.27189268292684
"[33, 12, 42, 35, 15, 35, 13, 65, 40, 15, 42, 20, 13, 30, 41]",33.355221951219534
"[39, 19, 55, 48, 21, 34, 12, 60, 41, 15, 42, 20, 13, 30, 41]",33.02450216802157
"[27, 18, 42, 37, 15, 32, 12, 60, 36, 15, 42, 20, 13, 28, 41]",33.36237831978314
"[28, 17, 42, 39, 15, 34, 12, 61, 41, 15, 42, 20, 13, 30, 41]",33.84451707317062
"[25, 22, 42, 31, 15, 34, 13, 65, 42, 15, 42, 20, 15, 30, 47]",33.68354905149051
"[37, 13, 48, 32, 15, 37, 12, 65, 42, 15, 44, 20, 14, 30, 46]",33.88361165311656
"[39, 20, 49, 48, 19, 39, 15, 75, 42, 17, 51, 20, 14, 30, 41]",33.15135718157187
"[30, 16, 42, 42, 15, 35, 14, 71, 42, 15, 53, 20, 13, 30, 44]",33.57116016260155
"[43, 13, 43, 40, 15, 29, 12, 60, 39, 15, 53, 20, 13, 30, 41]",33.939085907859045
"[43, 15, 62, 48, 16, 39, 14, 75, 42, 15, 42, 20, 13, 30, 42]",34.74563197831978
"[30, 22, 42, 39, 15, 34, 12, 60, 39, 15, 52, 20, 15, 30, 46]",34.72302899729019
"[36, 21, 46, 45, 19, 38, 13, 72, 42, 15, 49, 21, 15, 30, 47]",34.26335934959365
"[36, 20, 50, 47, 15, 41, 14, 75, 42, 16, 46, 24, 15, 30, 43]",35.349306775067625
"[43, 19, 56, 48, 18, 34, 12, 61, 39, 15, 44, 20, 13, 30, 49]",33.16743848238491
"[36, 21, 55, 48, 18, 34, 14, 70, 42, 16, 55, 20, 13, 30, 46]",33.54544363143634
"[26, 17, 42, 34, 15, 34, 14, 66, 39, 15, 42, 20, 13, 30, 41]",35.54778699187006
"[40, 18, 55, 48, 20, 34, 12, 62, 41, 15, 42, 20, 13, 28, 41]",33.922149864498714
"[30, 16, 42, 36, 15, 31, 12, 60, 36, 15, 42, 20, 13, 27, 41]",33.0585005420054
"[32, 17, 42, 38, 15, 34, 12, 64, 40, 15, 42, 20, 13, 29, 41]",33.72982005420053
"[25, 12, 42, 33, 15, 34, 13, 66, 41, 15, 45, 20, 13, 30, 43]",34.44242195121936
"[32, 14, 42, 42, 15, 37, 12, 65, 42, 15, 45, 21, 14, 30, 45]",34.45063089430898
"[42, 18, 51, 48, 18, 39, 13, 74, 42, 16, 53, 20, 14, 30, 41]",33.70760596205965
"[36, 14, 42, 39, 15, 34, 14, 75, 42, 15, 49, 20, 14, 30, 44]",34.62012547425479
"[36, 15, 47, 45, 15, 25, 12, 60, 40, 15, 53, 23, 13, 30, 44]",34.26986666666663
"[43, 17, 60, 48, 16, 38, 15, 75, 42, 16, 42, 20, 13, 30, 43]",34.627549864498704
"[29, 21, 47, 38, 15, 30, 12, 60, 40, 15, 51, 20, 15, 30, 47]",33.16466639566394
"[36, 19, 46, 45, 19, 38, 15, 71, 42, 15, 44, 21, 15, 30, 48]",34.85095176151764
"[39, 19, 48, 46, 15, 38, 14, 75, 42, 17, 50, 20, 16, 30, 42]",34.008080487804946
"[43, 18, 56, 48, 19, 32, 12, 62, 42, 15, 47, 20, 14, 30, 47]",32.959165311653045
"[40, 18, 54, 48, 19, 32, 14, 75, 42, 16, 42, 23, 14, 30, 48]",33.113733604336076
"[25, 22, 42, 37, 15, 33, 14, 64, 40, 15, 42, 20, 13, 30, 41]",33.95420487804877
"[40, 20, 54, 48, 17, 37, 12, 63, 40, 15, 42, 20, 13, 29, 41]",33.1219433604335
"[30, 14, 42, 37, 15, 30, 12, 60, 39, 15, 42, 20, 13, 27, 41]",34.36807913279119
"[34, 17, 42, 37, 15, 33, 12, 64, 40, 15, 42, 20, 13, 27, 41]",34.61701571815714
"[25, 12, 42, 36, 15, 32, 13, 67, 41, 15, 47, 20, 13, 30, 41]",34.360570189701946
"[30, 19, 42, 46, 15, 36, 12, 63, 40, 15, 47, 20, 14, 30, 44]",33.61172384823858
"[38, 17, 54, 48, 17, 38, 13, 70, 42, 16, 47, 20, 13, 30, 41]",34.240132520325346
"[36, 15, 42, 37, 15, 35, 13, 72, 42, 16, 44, 20, 15, 30, 46]",33.70402439024391
"[30, 21, 44, 43, 15, 28, 12, 60, 32, 15, 48, 23, 13, 30, 47]",33.96612113821131
"[42, 21, 57, 48, 20, 41, 15, 75, 42, 18, 44, 20, 13, 30, 43]",33.748336585365884
"[31, 12, 52, 42, 15, 31, 12, 64, 40, 15, 48, 23, 13, 30, 47]",34.06973414634146
"[35, 18, 50, 44, 17, 40, 14, 69, 42, 17, 49, 22, 14, 30, 42]",33.08679701897015
"[38, 18, 48, 44, 16, 35, 14, 75, 42, 17, 53, 20, 14, 30, 44]",33.40267615176158
"[43, 17, 56, 48, 17, 31, 12, 63, 40, 15, 48, 20, 14, 30, 42]",34.10234254742549
"[43, 16, 51, 48, 18, 33, 12, 75, 42, 15, 42, 25, 14, 30, 41]",33.79845365853645
"[25, 19, 42, 37, 15, 33, 14, 63, 41, 15, 42, 20, 13, 30, 41]",33.46561869918711
"[39, 22, 53, 48, 18, 36, 12, 63, 41, 15, 42, 20, 13, 30, 41]",34.72202574525742
"[28, 15, 42, 39, 15, 30, 12, 60, 41, 15, 42, 20, 13, 29, 41]",33.66947560975613
"[33, 16, 42, 37, 15, 33, 12, 64, 40, 15, 42, 20, 13, 28, 41]",34.66431815718148
"[27, 12, 42, 40, 15, 31, 12, 65, 41, 15, 44, 21, 13, 30, 44]",32.722041734417594
"[36, 20, 43, 44, 15, 36, 13, 62, 40, 15, 46, 20, 14, 30, 44]",32.90104715447147
"[36, 16, 55, 48, 19, 35, 15, 69, 42, 16, 44, 20, 13, 30, 41]",32.86244878048782
"[31, 17, 42, 40, 15, 36, 12, 67, 42, 16, 47, 20, 14, 30, 48]",33.17177181571811
"[36, 12, 42, 40, 15, 29, 12, 60, 36, 15, 46, 22, 14, 30, 48]",33.355312737127385
"[39, 22, 54, 48, 20, 40, 14, 75, 42, 18, 46, 20, 13, 27, 42]",33.90543116531168
"[30, 12, 52, 44, 15, 39, 12, 60, 37, 15, 49, 21, 13, 30, 47]",36.19210162601634
"[34, 18, 52, 45, 17, 37, 12, 68, 42, 16, 52, 23, 14, 30, 41]",34.3485495934959
"[39, 18, 52, 44, 18, 40, 14, 74, 42, 19, 46, 20, 13, 30, 46]",34.14466476964785
"[43, 17, 55, 48, 18, 32, 12, 62, 39, 15, 45, 21, 13, 30, 42]",34.35199078590783
"[41, 15, 49, 48, 17, 35, 12, 69, 42, 15, 50, 20, 15, 30, 41]",33.84242384823845
"[29, 12, 42, 33, 15, 33, 13, 64, 41, 15, 42, 20, 13, 30, 41]",33.892708672086684
"[37, 22, 52, 48, 19, 33, 12, 63, 42, 15, 42, 20, 13, 30, 41]",32.58899485094862
"[26, 19, 42, 40, 15, 32, 12, 60, 38, 15, 42, 20, 13, 29, 41]",33.34996693766936
"[25, 16, 43, 41, 15, 34, 12, 62, 40, 15, 42, 20, 13, 30, 41]",33.93944498644984
"[30, 12, 42, 38, 15, 31, 12, 64, 41, 15, 42, 22, 13, 30, 43]",33.456981571815795
"[39, 14, 46, 34, 15, 35, 13, 63, 40, 15, 44, 20, 14, 30, 45]",35.28737181571808
"[36, 15, 55, 48, 19, 32, 14, 66, 42, 15, 45, 20, 13, 30, 42]",33.1485628726288
"[28, 18, 43, 43, 15, 36, 12, 64, 42, 17, 47, 20, 13, 30, 49]",32.53846829268288
"[39, 13, 43, 39, 15, 28, 12, 60, 42, 15, 49, 21, 14, 30, 44]",34.00481978319772
"[38, 19, 52, 48, 19, 41, 13, 75, 42, 17, 46, 20, 13, 29, 44]",33.19478753387535
"[26, 22, 42, 44, 15, 36, 12, 60, 38, 15, 51, 20, 13, 30, 43]",35.89131924119242
"[34, 19, 51, 45, 17, 35, 12, 71, 42, 15, 51, 22, 15, 30, 43]",34.215608130081314
"[38, 17, 52, 48, 18, 39, 14, 75, 42, 17, 43, 21, 13, 30, 44]",33.81272466124668
"[43, 21, 56, 48, 20, 34, 12, 60, 39, 15, 42, 21, 13, 30, 46]",33.309762872628774
"[35, 17, 52, 48, 18, 37, 12, 72, 42, 16, 53, 20, 14, 30, 46]",34.01799186991876
"[29, 13, 42, 28, 15, 33, 12, 64, 41, 15, 42, 20, 13, 29, 41]",34.58071842818435
"[37, 22, 53, 48, 19, 32, 12, 63, 42, 15, 42, 20, 13, 30, 41]",34.23942574525752
"[27, 16, 42, 36, 15, 32, 12, 60, 36, 15, 42, 20, 13, 28, 41]",35.55089485094854
"[27, 16, 42, 42, 15, 34, 12, 60, 40, 15, 42, 20, 13, 29, 41]",33.14287696476979
"[26, 13, 42, 33, 15, 34, 12, 63, 41, 15, 42, 20, 13, 30, 41]",34.10114444444439
"[41, 15, 46, 28, 16, 32, 13, 64, 40, 15, 47, 20, 13, 30, 44]",36.53655094850947
"[42, 16, 53, 48, 15, 36, 13, 66, 42, 15, 47, 20, 13, 30, 41]",33.28706287262858
"[26, 15, 43, 33, 15, 36, 13, 66, 42, 15, 47, 23, 14, 30, 46]",33.31263333333327
"[40, 21, 44, 40, 15, 26, 12, 60, 39, 15, 53, 22, 13, 30, 42]",33.56955880758797
"[38, 16, 57, 48, 17, 41, 16, 75, 42, 17, 46, 20, 13, 30, 45]",33.05833875338765
"[30, 22, 42, 43, 15, 29, 12, 63, 37, 15, 50, 20, 14, 30, 43]",35.064906775067776
"[35, 20, 50, 45, 17, 35, 14, 70, 42, 15, 46, 21, 15, 30, 43]",35.02683062330639
"[40, 19, 51, 48, 16, 37, 14, 75, 42, 16, 45, 21, 13, 30, 42]",34.03047127371285
"[43, 21, 56, 48, 18, 34, 12, 62, 40, 15, 47, 20, 13, 30, 48]",34.06012222222233
"[39, 20, 54, 48, 19, 34, 13, 75, 41, 16, 46, 20, 14, 30, 47]",34.30007669376697
"[26, 17, 42, 30, 15, 33, 12, 64, 41, 15, 42, 20, 13, 30, 41]",34.52606314363149
"[38, 20, 54, 48, 19, 32, 12, 64, 42, 15, 42, 20, 13, 30, 41]",33.54575176151758
"[30, 12, 42, 37, 15, 31, 12, 60, 38, 15, 42, 20, 13, 28, 41]",34.996750948509465
"[34, 16, 42, 42, 15, 33, 12, 60, 40, 15, 42, 20, 13, 29, 41]",33.06618590785916
"[25, 16, 42, 34, 15, 33, 12, 63, 41, 15, 42, 20, 13, 30, 41]",33.02452330623302
"[25, 18, 42, 35, 15, 31, 13, 63, 40, 15, 48, 20, 13, 30, 43]",34.746560975609654
"[42, 20, 53, 48, 18, 37, 12, 68, 42, 15, 47, 20, 13, 30, 41]",33.96506612466131
"[29, 14, 42, 33, 15, 37, 14, 68, 42, 15, 47, 24, 15, 30, 43]",33.0303430894309
"[30, 21, 45, 48, 15, 26, 12, 60, 30, 15, 49, 23, 13, 30, 44]",33.404704336043416
"[38, 16, 58, 48, 18, 38, 17, 75, 42, 17, 45, 21, 13, 30, 45]",34.48511246612464
"[32, 21, 44, 40, 15, 30, 12, 65, 39, 15, 48, 21, 15, 30, 46]",33.675400000000074
"[35, 19, 50, 44, 20, 39, 13, 69, 42, 15, 47, 21, 15, 30, 44]",33.32369024390256
"[41, 18, 51, 46, 15, 37, 14, 75, 42, 18, 48, 21, 13, 30, 41]",33.55943929539283
"[43, 19, 57, 48, 17, 32, 12, 65, 40, 15, 50, 21, 13, 30, 42]",32.63383929539296
"[43, 20, 51, 47, 18, 35, 14, 75, 42, 15, 44, 22, 14, 30, 45]",32.76204173441727
"[25, 19, 42, 39, 15, 33, 13, 64, 41, 15, 42, 20, 13, 30, 41]",34.23531544715433
"[39, 20, 56, 48, 19, 33, 12, 64, 41, 15, 42, 20, 13, 30, 41]",33.37180596205959
"[28, 14, 42, 38, 15, 31, 12, 60, 41, 15, 42, 20, 13, 28, 41]",33.197620867208684
"[36, 16, 42, 35, 15, 33, 12, 61, 39, 15, 42, 20, 13, 26, 42]",32.92538130081304
"[25, 17, 42, 37, 15, 31, 12, 66, 41, 15, 42, 20, 13, 29, 41]",33.30815121951229
"[25, 19, 42, 48, 15, 35, 12, 63, 38, 15, 46, 21, 14, 30, 44]",33.266311382113784
"[42, 18, 57, 48, 18, 36, 12, 70, 42, 15, 45, 21, 13, 30, 42]",33.9964544715447
"[32, 15, 42, 36, 15, 36, 13, 69, 42, 15, 45, 23, 14, 30, 47]",33.591045799457795
"[36, 12, 51, 45, 15, 27, 12, 60, 35, 15, 43, 23, 14, 30, 46]",34.524869105691145
"[41, 19, 56, 48, 18, 37, 15, 75, 42, 17, 46, 22, 13, 29, 43]",33.479819783197975
"[30, 17, 48, 39, 16, 36, 12, 60, 38, 15, 48, 22, 15, 30, 47]",33.550160975609806
"[35, 18, 50, 44, 19, 41, 12, 69, 42, 15, 51, 21, 15, 30, 43]",33.618012466124796
"[38, 17, 51, 45, 16, 37, 13, 74, 42, 17, 49, 22, 14, 30, 43]",34.574027913279004
"[43, 18, 54, 48, 18, 33, 12, 65, 40, 15, 45, 22, 13, 30, 44]",33.07210081300812
"[43, 19, 53, 48, 18, 38, 14, 75, 42, 16, 46, 23, 15, 30, 41]",33.16187913279144
"[25, 13, 42, 44, 15, 33, 13, 64, 42, 15, 42, 20, 13, 28, 41]",33.309899457994526
"[40, 22, 56, 48, 20, 34, 12, 64, 41, 15, 42, 20, 13, 28, 41]",32.697508943089446
"[30, 17, 42, 36, 15, 31, 12, 60, 38, 15, 42, 20, 13, 28, 41]",33.05228238482379
"[27, 17, 42, 34, 15, 32, 12, 62, 38, 15, 42, 20, 13, 30, 43]",34.50223794037937
"[27, 12, 42, 39, 15, 34, 12, 68, 41, 15, 42, 20, 13, 29, 41]",33.845704878048736
"[34, 12, 42, 32, 15, 36, 12, 63, 39, 15, 44, 20, 15, 30, 45]",34.158082384823906
"[40, 17, 57, 48, 16, 34, 13, 75, 42, 15, 47, 21, 13, 30, 45]",33.15496856368551
"[29, 17, 42, 39, 15, 37, 12, 69, 42, 15, 46, 21, 13, 30, 49]",32.89609430894318
"[43, 12, 42, 39, 15, 32, 12, 60, 40, 15, 46, 20, 14, 30, 47]",34.04398970189707
"[42, 22, 51, 48, 17, 39, 12, 75, 42, 17, 47, 21, 13, 30, 43]",33.42331002710035
"[26, 17, 50, 41, 15, 36, 12, 60, 38, 15, 48, 22, 14, 30, 47]",33.70475176151746
"[36, 18, 49, 45, 17, 40, 13, 71, 42, 16, 50, 22, 15, 30, 43]",33.47930813008139
"[34, 19, 49, 46, 16, 39, 14, 74, 42, 18, 45, 22, 13, 30, 47]",33.441787533875285
"[43, 19, 51, 48, 18, 34, 12, 64, 41, 15, 45, 21, 13, 30, 47]",35.1600937669377
"[40, 19, 54, 48, 19, 38, 14, 75, 42, 17, 48, 20, 14, 30, 44]",34.14060975609758
"[28, 14, 42, 35, 15, 34, 15, 64, 42, 15, 42, 20, 13, 29, 41]",33.63622737127381
"[41, 22, 54, 48, 20, 34, 13, 63, 42, 15, 42, 20, 13, 28, 41]",33.09223739837392
"[29, 19, 42, 35, 15, 32, 12, 60, 37, 15, 42, 20, 13, 29, 41]",33.97366097560968
"[25, 14, 42, 43, 15, 33, 12, 63, 38, 15, 42, 20, 13, 30, 41]",33.54947235772356
"[30, 12, 42, 39, 15, 34, 12, 67, 42, 15, 42, 20, 13, 29, 41]",33.97306829268285
"[36, 12, 42, 28, 15, 35, 12, 63, 39, 15, 46, 20, 15, 30, 47]",33.84379674796752
"[38, 19, 54, 48, 17, 36, 13, 71, 42, 15, 46, 20, 13, 30, 41]",34.549165582655924
"[28, 19, 42, 41, 15, 35, 12, 67, 42, 15, 47, 21, 13, 30, 48]",32.38548536585359
"[42, 21, 42, 41, 15, 31, 12, 60, 37, 15, 52, 20, 14, 30, 44]",33.89169945799465
"[39, 19, 50, 48, 17, 40, 14, 72, 42, 16, 45, 20, 13, 30, 44]",32.455225203251906
"[25, 20, 52, 43, 15, 32, 12, 62, 38, 15, 49, 22, 14, 30, 47]",34.10622818428185
"[34, 19, 49, 45, 16, 36, 13, 71, 42, 17, 43, 22, 15, 30, 43]",33.55665907859084
"[34, 18, 49, 46, 17, 37, 15, 75, 42, 17, 45, 22, 13, 30, 50]",34.44801165311649
"[40, 19, 54, 48, 18, 34, 12, 61, 42, 15, 50, 20, 13, 30, 46]",32.98210704607064
"[36, 19, 54, 48, 18, 36, 13, 75, 42, 16, 49, 20, 14, 30, 46]",33.80434444444437
"[31, 18, 42, 28, 15, 35, 13, 63, 42, 15, 42, 20, 13, 28, 41]",32.66554254742523
"[40, 21, 52, 48, 20, 33, 14, 62, 41, 15, 42, 20, 13, 30, 41]",32.35741490514895
"[28, 13, 42, 38, 15, 32, 12, 60, 38, 15, 42, 20, 13, 29, 41]",33.808881300812985
"[30, 14, 42, 43, 15, 33, 12, 62, 40, 15, 42, 21, 13, 29, 41]",34.10886639566407
"[29, 14, 42, 37, 15, 33, 13, 65, 42, 15, 42, 20, 13, 29, 41]",33.43829810298114
"[32, 15, 42, 37, 15, 31, 12, 63, 41, 15, 50, 20, 14, 30, 47]",34.57192601626025
"[36, 17, 53, 48, 18, 37, 14, 71, 42, 17, 48, 20, 13, 30, 41]",33.42712981029809
"[31, 18, 42, 37, 15, 34, 13, 68, 42, 15, 48, 21, 13, 30, 46]",32.84535663956631
"[27, 18, 47, 48, 15, 31, 12, 60, 32, 15, 53, 23, 14, 30, 41]",34.18189430894314
"[39, 16, 61, 48, 18, 41, 16, 72, 42, 16, 43, 20, 13, 25, 44]",33.17962195121933
"[25, 18, 42, 42, 15, 31, 12, 63, 38, 15, 49, 21, 14, 30, 46]",34.04137452574534
"[34, 19, 51, 43, 17, 36, 15, 71, 42, 15, 45, 20, 15, 30, 45]",33.85978726287258
"[41, 16, 50, 46, 18, 38, 14, 75, 42, 16, 51, 22, 13, 30, 42]",33.997157994579936
"[39, 19, 55, 48, 18, 33, 13, 64, 42, 15, 52, 22, 13, 30, 44]",33.01104850948528
"[41, 20, 55, 48, 18, 36, 13, 75, 42, 15, 46, 20, 15, 30, 44]",34.425271544715386
"[25, 20, 42, 28, 15, 34, 13, 67, 42, 15, 42, 20, 13, 29, 41]",35.11477289972905
"[41, 20, 54, 48, 20, 33, 13, 62, 40, 15, 42, 20, 13, 29, 41]",33.42007154471528
"[29, 12, 42, 41, 15, 32, 12, 60, 40, 15, 42, 20, 13, 29, 41]",33.567586720867205
"[36, 19, 42, 34, 15, 34, 12, 60, 41, 15, 42, 21, 13, 29, 42]",33.07477533875337
"[29, 14, 42, 37, 15, 31, 14, 64, 40, 15, 42, 20, 13, 27, 41]",33.126186178861744
"[30, 19, 42, 44, 15, 37, 12, 64, 38, 15, 50, 23, 13, 30, 42]",33.11598319783197
"[42, 17, 53, 48, 17, 37, 14, 69, 42, 15, 48, 20, 13, 30, 41]",34.35458401084003
"[34, 14, 42, 35, 15, 37, 14, 68, 42, 15, 43, 22, 13, 30, 44]",33.90853414634146
"[32, 12, 47, 48, 17, 31, 12, 60, 31, 15, 53, 24, 14, 30, 41]",33.84993252032522
"[40, 18, 62, 48, 17, 38, 15, 75, 42, 16, 44, 20, 13, 25, 47]",33.10951653116545
"[36, 16, 42, 45, 17, 32, 12, 63, 39, 15, 48, 21, 14, 30, 46]",32.87091598915992
"[35, 18, 51, 45, 18, 37, 13, 66, 42, 15, 48, 20, 14, 30, 45]",33.36610758807591
"[41, 14, 51, 46, 16, 38, 14, 73, 42, 15, 47, 22, 14, 30, 41]",35.0715089430895
"[37, 19, 54, 48, 18, 32, 13, 65, 41, 15, 44, 23, 13, 30, 47]",33.442768292682985
"[43, 20, 52, 48, 19, 36, 15, 75, 42, 15, 45, 21, 15, 30, 42]",33.01334742547419
"[27, 12, 42, 34, 15, 34, 14, 68, 42, 15, 42, 20, 13, 29, 41]",34.35084471544705
"[38, 20, 58, 48, 19, 33, 13, 62, 41, 15, 42, 20, 13, 30, 41]",34.8472195121952
"[28, 18, 42, 38, 15, 32, 12, 60, 40, 15, 42, 20, 13, 27, 41]",34.85555691056906
"[29, 16, 42, 37, 15, 35, 12, 60, 40, 15, 42, 20, 13, 27, 43]",34.45860216802167
"[31, 12, 42, 36, 15, 33, 14, 64, 40, 15, 42, 20, 13, 30, 41]",34.167455555555755
"[33, 20, 42, 43, 15, 37, 12, 63, 39, 15, 49, 21, 14, 30, 45]",33.33317913279131
"[43, 18, 54, 48, 16, 37, 13, 73, 42, 15, 48, 21, 13, 30, 41]",33.50216856368545
"[25, 14, 42, 39, 15, 37, 12, 67, 42, 15, 43, 22, 14, 30, 44]",33.36698482384823
"[40, 12, 42, 45, 18, 25, 12, 60, 42, 15, 49, 21, 14, 30, 43]",35.836688075880645
"[41, 20, 57, 48, 18, 35, 14, 75, 42, 18, 45, 20, 13, 30, 41]",33.6196043360434
"[38, 15, 42, 37, 18, 32, 12, 62, 40, 15, 46, 21, 14, 30, 46]",33.40807859078597
"[35, 19, 51, 46, 18, 37, 12, 70, 42, 16, 50, 21, 15, 30, 43]",33.20341138211381
"[38, 15, 52, 46, 16, 38, 13, 74, 42, 19, 43, 23, 14, 30, 42]",34.88150135501368
"[42, 19, 53, 48, 18, 35, 13, 63, 40, 15, 46, 22, 13, 30, 45]",33.465194037940584
"[41, 19, 52, 48, 19, 36, 13, 75, 42, 16, 48, 22, 13, 30, 43]",34.91558997289972
"[30, 12, 42, 42, 15, 36, 13, 66, 42, 15, 42, 20, 13, 29, 41]",33.70177669376697
"[41, 20, 57, 48, 18, 33, 13, 65, 41, 15, 42, 20, 13, 30, 41]",33.85511680216806
"[32, 22, 42, 35, 15, 31, 12, 60, 38, 15, 42, 20, 13, 27, 41]",33.60918888888905
"[26, 14, 42, 43, 15, 33, 12, 61, 39, 15, 42, 20, 13, 26, 41]",34.56524498644988
"[25, 17, 42, 36, 15, 34, 12, 64, 41, 15, 42, 20, 13, 30, 41]",34.519646883469015
"[40, 16, 50, 29, 16, 32, 13, 63, 41, 15, 45, 20, 14, 30, 48]",34.26583252032501
"[43, 19, 52, 48, 18, 37, 13, 74, 42, 15, 51, 22, 13, 29, 44]",32.454880487804765
"[25, 16, 42, 41, 15, 35, 12, 69, 42, 15, 45, 22, 13, 30, 44]",33.5257897018969
"[40, 18, 42, 38, 18, 25, 12, 60, 42, 15, 48, 20, 13, 30, 48]",36.01095989159897
"[43, 21, 52, 48, 19, 41, 14, 75, 42, 18, 45, 20, 13, 30, 41]",33.62386070460702
"[31, 16, 43, 33, 17, 33, 12, 61, 40, 15, 45, 22, 14, 30, 44]",33.76374715447163
"[36, 20, 50, 45, 18, 37, 12, 73, 42, 15, 51, 22, 15, 30, 43]",33.69951897018966
"[35, 20, 49, 45, 17, 38, 14, 75, 42, 20, 46, 20, 13, 30, 45]",33.750624932249465
"[43, 19, 55, 48, 18, 33, 13, 61, 40, 15, 51, 20, 15, 30, 43]",33.40002926829283
"[38, 19, 56, 48, 18, 35, 12, 73, 42, 17, 46, 21, 13, 30, 44]",35.70248048780492
"[29, 22, 42, 29, 15, 36, 12, 65, 42, 15, 42, 20, 13, 27, 41]",35.14428970189713
"[43, 22, 55, 48, 17, 33, 12, 65, 41, 15, 42, 20, 13, 30, 41]",33.7782590785908
"[31, 15, 42, 34, 15, 32, 12, 62, 38, 15, 42, 20, 13, 29, 41]",33.551999999999936
"[34, 13, 42, 41, 15, 32, 12, 63, 39, 15, 42, 20, 13, 28, 41]",33.069101626016234
"[25, 22, 42, 36, 15, 33, 12, 65, 42, 15, 42, 20, 13, 30, 41]",33.55767344173425
"[33, 14, 45, 34, 17, 30, 13, 63, 41, 15, 47, 21, 14, 30, 44]",32.98484796747968
"[42, 18, 51, 48, 19, 36, 13, 70, 42, 15, 52, 22, 13, 30, 43]",34.10645040650405
"[29, 18, 42, 36, 15, 34, 14, 68, 42, 15, 46, 20, 13, 30, 44]",33.25271598915985
"[38, 22, 42, 38, 15, 33, 12, 60, 36, 15, 48, 22, 13, 30, 44]",33.38417181571813
"[43, 18, 59, 48, 17, 41, 15, 75, 42, 15, 45, 20, 13, 30, 41]",33.07611517615193
"[27, 18, 46, 44, 15, 34, 12, 62, 40, 15, 46, 20, 14, 30, 43]",34.95560840108393
"[36, 19, 50, 46, 18, 38, 12, 67, 42, 15, 46, 22, 14, 30, 45]",33.39751409214097
"[35, 19, 49, 44, 17, 39, 15, 75, 42, 16, 47, 20, 13, 30, 47]",33.472384823848095
"[40, 19, 56, 48, 19, 32, 12, 62, 41, 15, 47, 20, 13, 30, 47]",34.794682926829225
"[42, 20, 56, 48, 18, 35, 12, 71, 42, 16, 48, 22, 13, 30, 45]",33.30494661246616
"[30, 22, 42, 28, 15, 35, 13, 66, 42, 15, 42, 20, 13, 30, 41]",34.91415392953924
"[39, 22, 54, 48, 19, 33, 14, 62, 41, 15, 42, 20, 13, 29, 41]",32.99501571815721
"[28, 12, 42, 39, 15, 33, 12, 60, 40, 15, 42, 20, 13, 30, 41]",33.51426504065032
"[35, 15, 42, 33, 15, 34, 12, 62, 39, 15, 42, 20, 13, 30, 41]",33.916910569106015
"[27, 17, 42, 40, 15, 32, 12, 64, 40, 15, 42, 20, 13, 27, 41]",32.75769159891595
"[29, 14, 42, 40, 15, 35, 12, 63, 41, 15, 48, 21, 14, 30, 43]",34.35966178861798
"[41, 16, 56, 48, 18, 37, 14, 67, 42, 16, 50, 22, 14, 30, 45]",33.59380108401069
"[29, 14, 42, 35, 15, 35, 14, 69, 42, 15, 45, 20, 14, 30, 44]",33.523505962059524
"[31, 17, 43, 45, 15, 35, 12, 60, 32, 15, 50, 23, 13, 30, 41]",33.22863224932254
"[41, 15, 61, 48, 17, 40, 14, 75, 42, 15, 46, 20, 13, 30, 45]",32.587758265582494
"[30, 18, 47, 48, 15, 34, 12, 63, 40, 15, 46, 20, 14, 30, 44]",32.76195067750667
"[35, 18, 50, 46, 18, 35, 13, 67, 42, 15, 46, 22, 15, 30, 46]",33.51561382113836
"[38, 18, 49, 44, 16, 37, 15, 75, 42, 15, 48, 21, 13, 30, 46]",33.146657723577164
"[42, 18, 55, 48, 19, 35, 12, 62, 41, 15, 44, 22, 13, 30, 49]",32.744212195122046
"[42, 20, 54, 48, 19, 36, 12, 74, 42, 15, 50, 23, 14, 30, 43]",34.16092222222227
"[31, 15, 42, 28, 15, 34, 15, 66, 42, 15, 42, 20, 13, 30, 41]",34.587613008130084
"[37, 20, 53, 48, 20, 33, 13, 64, 41, 15, 42, 20, 14, 28, 41]",34.54342113821125
"[26, 17, 42, 42, 15, 30, 12, 60, 41, 15, 42, 20, 13, 28, 41]",34.021395663956575
"[29, 18, 42, 32, 15, 35, 12, 61, 41, 15, 42, 20, 13, 30, 41]",33.54435040650413
"[34, 12, 42, 37, 15, 33, 13, 64, 39, 15, 42, 20, 13, 27, 41]",32.973276693767055
"[33, 18, 42, 36, 15, 37, 12, 63, 40, 15, 47, 21, 14, 30, 46]",34.805944173442015
"[40, 14, 57, 48, 16, 37, 13, 70, 42, 16, 51, 21, 14, 30, 45]",33.902030894309036
"[30, 14, 42, 38, 15, 36, 12, 69, 42, 15, 45, 20, 13, 30, 44]",33.80624336043371
"[33, 12, 45, 45, 16, 25, 12, 60, 32, 15, 48, 23, 13, 30, 42]",34.01687289972905
"[41, 14, 53, 48, 18, 40, 13, 75, 42, 16, 46, 20, 14, 30, 47]",34.50570379403793
"[38, 17, 46, 44, 15, 33, 12, 65, 40, 15, 43, 21, 14, 30, 42]",33.04333360433613
"[35, 19, 50, 45, 18, 35, 14, 70, 42, 15, 50, 21, 15, 30, 45]",34.15291382113818
"[36, 17, 49, 45, 18, 35, 14, 74, 42, 15, 47, 23, 14, 30, 43]",32.669981300812935
"[42, 17, 57, 48, 18, 35, 12, 63, 41, 15, 45, 22, 13, 30, 44]",33.67942818428182
"[43, 19, 52, 48, 19, 35, 14, 67, 42, 15, 46, 23, 15, 30, 45]",35.22998861788613
"[28, 12, 42, 36, 15, 35, 16, 67, 42, 15, 42, 20, 13, 28, 41]",33.276526558265644
"[38, 20, 53, 48, 21, 33, 13, 65, 41, 15, 42, 20, 13, 28, 41]",33.03401056910562
"[34, 21, 42, 36, 15, 31, 12, 62, 41, 15, 42, 20, 13, 29, 41]",33.59174959349586
"[26, 19, 42, 38, 15, 34, 12, 64, 41, 15, 42, 20, 13, 30, 41]",32.513670460704574
"[30, 14, 42, 35, 15, 32, 13, 64, 41, 15, 42, 20, 13, 30, 41]",34.31968617886184
"[34, 18, 42, 33, 15, 33, 13, 65, 39, 15, 46, 21, 14, 30, 47]",32.74444742547427
"[42, 21, 54, 47, 18, 37, 12, 74, 42, 15, 49, 22, 13, 30, 45]",33.234295934959306
"[28, 17, 42, 40, 15, 35, 12, 68, 42, 15, 46, 21, 13, 29, 43]",32.99889539295396
"[41, 16, 46, 42, 16, 25, 12, 60, 36, 15, 47, 21, 14, 30, 45]",34.155543089430815
"[40, 19, 53, 48, 18, 38, 15, 75, 42, 17, 47, 21, 14, 28, 48]",33.56450460704601
"[41, 17, 48, 41, 17, 32, 12, 66, 40, 15, 43, 22, 13, 30, 43]",32.7158227642278
"[35, 20, 49, 44, 18, 37, 13, 69, 42, 15, 54, 21, 15, 30, 45]",34.394051761517595
"[34, 17, 49, 45, 19, 36, 13, 74, 42, 15, 45, 22, 14, 30, 41]",33.02900894308949
"[40, 22, 57, 48, 17, 35, 12, 64, 41, 15, 48, 20, 14, 30, 43]",33.38067859078609
"[43, 19, 53, 48, 18, 34, 15, 67, 42, 15, 46, 22, 15, 30, 46]",35.170927100270944
"[26, 19, 42, 42, 15, 35, 14, 68, 42, 15, 42, 20, 13, 29, 41]",33.468128455284585
"[43, 22, 53, 48, 20, 32, 14, 63, 41, 15, 42, 20, 13, 30, 41]",34.07388455284553
"[32, 18, 42, 38, 15, 33, 12, 64, 38, 15, 42, 20, 13, 30, 41]",33.646289701897125
"[33, 16, 42, 42, 15, 34, 12, 64, 41, 15, 42, 20, 13, 30, 41]",33.449298373983844
"[25, 17, 42, 36, 15, 32, 12, 65, 42, 15, 42, 20, 13, 30, 41]",33.99955636856354
"[36, 15, 44, 37, 15, 31, 14, 65, 41, 15, 45, 22, 14, 30, 44]",33.96055338753382
"[43, 18, 51, 48, 18, 38, 12, 68, 42, 15, 46, 21, 13, 30, 45]",32.98206287262872
"[27, 18, 42, 38, 15, 34, 12, 68, 42, 15, 46, 22, 13, 30, 45]",32.649232249322424
"[42, 18, 42, 42, 15, 28, 12, 60, 38, 15, 46, 20, 15, 30, 44]",33.44146666666668
"[38, 19, 56, 48, 18, 36, 17, 75, 42, 17, 47, 22, 13, 30, 41]",34.048976151761465
"[37, 17, 50, 44, 18, 33, 12, 63, 41, 15, 45, 22, 13, 30, 43]",33.65026612466124
"[35, 19, 49, 44, 18, 39, 12, 70, 42, 15, 46, 20, 15, 30, 46]",33.1393027100271
"[35, 19, 49, 45, 17, 37, 15, 69, 42, 16, 44, 21, 13, 30, 42]",34.52035257452561
"[38, 21, 55, 48, 18, 32, 13, 61, 41, 15, 47, 20, 15, 30, 46]",33.189201626016185
"[42, 18, 54, 48, 18, 33, 14, 75, 41, 15, 48, 22, 15, 30, 46]",34.03881382113816
"[26, 22, 42, 35, 15, 34, 12, 68, 42, 15, 42, 20, 13, 29, 41]",35.16857018970174
"[42, 21, 55, 48, 18, 34, 13, 61, 41, 15, 42, 20, 13, 28, 41]",33.3616813008129
"[27, 14, 42, 40, 15, 34, 12, 63, 38, 15, 42, 20, 13, 28, 41]",33.46835528455275
"[34, 15, 42, 41, 15, 33, 14, 64, 40, 15, 42, 21, 13, 30, 41]",33.497221409214156
"[28, 13, 42, 37, 15, 32, 13, 64, 42, 15, 42, 20, 13, 29, 41]",32.92396043360434
"[28, 14, 42, 40, 15, 34, 14, 63, 41, 15, 45, 21, 14, 30, 43]",33.13537127371277
"[41, 18, 58, 48, 18, 36, 13, 70, 42, 16, 46, 20, 13, 30, 42]",33.09699241192411
"[30, 17, 42, 38, 15, 34, 13, 66, 42, 15, 45, 22, 13, 30, 46]",32.635045528455294
"[32, 15, 46, 46, 18, 29, 12, 60, 35, 15, 46, 21, 14, 30, 42]",33.59061436314356
"[35, 18, 56, 48, 17, 35, 15, 75, 42, 17, 46, 23, 14, 29, 41]",34.06226178861783
"[35, 17, 50, 44, 18, 33, 12, 65, 41, 15, 45, 20, 13, 30, 44]",33.02933116531152
"[35, 19, 49, 45, 18, 40, 13, 71, 42, 16, 44, 22, 16, 30, 43]",34.128078590785904
"[36, 19, 49, 45, 17, 36, 16, 74, 42, 16, 44, 21, 13, 30, 42]",33.632076151761574
"[41, 16, 52, 48, 19, 33, 12, 60, 41, 15, 46, 21, 13, 30, 46]",34.01574200542007
"[37, 17, 54, 48, 18, 37, 12, 75, 42, 16, 49, 22, 15, 30, 43]",34.52993794037944
"[35, 14, 42, 35, 15, 34, 14, 68, 42, 15, 42, 20, 13, 30, 41]",33.378189972899634
"[40, 20, 56, 48, 19, 34, 12, 63, 41, 15, 42, 20, 13, 28, 41]",34.1950428184281
"[26, 15, 42, 38, 15, 34, 12, 60, 41, 15, 42, 20, 13, 27, 41]",34.699493766937685
"[34, 16, 42, 38, 15, 34, 13, 63, 41, 15, 42, 20, 13, 30, 41]",33.79327154471555
"[33, 12, 42, 38, 15, 34, 13, 63, 41, 15, 44, 20, 13, 30, 41]",32.70827425474248
"[27, 18, 42, 37, 15, 35, 12, 65, 40, 15, 44, 20, 13, 30, 44]",33.52664308943099
"[39, 20, 55, 48, 19, 35, 13, 75, 42, 16, 49, 20, 14, 30, 41]",34.26622737127363
"[30, 16, 42, 40, 15, 35, 13, 65, 42, 15, 45, 21, 13, 30, 47]",33.14686124661241
"[30, 14, 47, 45, 19, 31, 12, 60, 36, 15, 48, 22, 13, 30, 43]",34.17251355013562
"[35, 18, 60, 48, 17, 41, 12, 75, 42, 17, 46, 23, 14, 29, 44]",34.098969647696634
"[36, 19, 49, 45, 18, 33, 12, 66, 41, 15, 42, 21, 13, 30, 41]",33.115730352303544
"[35, 19, 49, 45, 18, 40, 15, 71, 42, 16, 45, 23, 13, 30, 42]",33.39122791327908
"[35, 17, 49, 45, 19, 35, 13, 71, 42, 16, 45, 20, 13, 30, 41]",33.31612411924123
"[39, 19, 51, 48, 19, 34, 12, 62, 39, 15, 45, 22, 13, 30, 45]",33.94078102981042
"[41, 19, 52, 48, 18, 37, 13, 73, 42, 16, 49, 24, 14, 30, 42]",33.07229051490497
"[31, 12, 42, 37, 15, 34, 15, 65, 42, 15, 42, 20, 13, 28, 41]",33.61634010840113
"[40, 20, 55, 48, 21, 34, 12, 66, 41, 15, 42, 20, 13, 29, 41]",33.34455555555572
"[30, 17, 42, 33, 15, 33, 12, 62, 42, 15, 42, 20, 13, 30, 41]",34.553811111111095
"[30, 18, 42, 39, 15, 35, 12, 62, 41, 15, 42, 20, 13, 30, 42]",33.38519132791321
"[32, 17, 42, 38, 15, 35, 13, 64, 40, 15, 42, 20, 13, 30, 42]",33.23594227642271
"[32, 21, 50, 44, 18, 34, 11, 65, 40, 15, 48, 21, 14, 33, 49]",34.7163894308942
"[35, 18, 50, 44, 18, 31, 11, 69, 39, 15, 52, 21, 15, 33, 44]",32.948093766937646
"[34, 18, 48, 47, 18, 33, 12, 64, 41, 15, 48, 22, 13, 32, 50]",33.66181002710038
"[31, 14, 51, 48, 21, 33, 12, 64, 39, 17, 51, 23, 13, 32, 46]",34.178730081300614
"[32, 16, 56, 45, 16, 36, 10, 66, 37, 16, 49, 24, 14, 31, 47]",33.47893008130088
